category_id,category_count,category_label
4756105,41445,手机壳
4145813,28497,数据线
2355072,25264,耳机
982926,24241,USB风扇
3607361,23446,迷你蓝牙音箱
2520377,17985,LED台灯
4801426,16756,笔记本
1320293,14865,中性笔
3002561,13206,文件夹
2465336,11827,垃圾桶
2735466,11151,衣架
149192,8530,厨房开瓶器
4181361,8469,清洁刷
4217906,7959,牙刷
154040,7490,牙膏
1080785,7475,梳子
2520771,7009,小型剃须刀
3738615,6973,面膜
2885642,6969,指甲油
1879194,6581,化妆刷
2640118,5810,零食礼包
2920476,5698,方便面
1464116,5637,茶包
4357323,5197,速溶咖啡
570735,5139,发圈
1859277,4894,发夹
4643350,4419,袜子
4170419,4399,围巾
1299190,4085,手套
411153,4051,简易瑜伽垫
1575622,4013,跳绳
2939262,3950,儿童拼图
2096639,3914,小型玩偶
3299155,3693,宠物玩具
1029459,3685,猫抓板
2131531,3161,宠物喂食器
2578647,3005,订书机
4690421,2922,剪刀
903809,2828,胶带
4789432,2801,回形针
4022701,2773,便利贴
753984,2671,桌布
883960,2664,收纳盒
4173315,2553,鞋刷
2926020,2517,鞋垫
384755,2516,香皂
5071267,2388,洗手液
3645362,2318,洗衣袋
5053508,2278,干燥剂
200278,2262,防潮袋
965809,2229,空气清新剂
1051370,2184,蚊香
285583,2165,电蚊拍
2558244,2164,晾衣架
2982027,2068,晒衣夹
4244487,2048,浴室地垫
3720767,2039,杯子
3004853,2028,餐具套装
1216617,2007,保温杯
235534,1984,小型盆栽
1567637,1923,桌面收纳架
672001,1877,钥匙扣
4339722,1797,卡包
737184,1795,零钱包
238434,1736,手提袋
344833,1712,贴纸
1851156,1706,书签
3102419,1672,相册
4159072,1627,桌游卡牌
2945933,1617,折叠伞
4284875,1612,太阳镜
1265358,1566,发带
4672807,1547,耳钉
4082778,1544,戒指
1397912,1541,手链
1379146,1509,挂饰
2440115,1507,仿真花
4069500,1503,小夜灯
3065645,1435,插座延长线
3776866,1409,充电器
1787510,1407,移动电源（小容量）
1349561,1404,自拍杆
4558987,1328,手机支架
634390,1319,屏幕清洁套装
3158249,1298,桌面加湿器
245312,1289,小型工具箱
4462359,1289,创意摆件
801221,1269,香薰蜡烛
4918438,1260,火柴盒
4606718,1253,小型垃圾桶
4962280,1233,桌面吸尘器
2462567,1220,旅行牙刷套装
3598912,1168,折叠水壶
2342116,1160,简易画板
2228184,1158,彩色铅笔
1061857,1158,橡皮擦
4719814,1151,学生尺子
1568197,1118,透明文件袋
3189162,1114,小型镜子
119741,1114,电子计算器
381850,1088,化妆棉
846990,1078,卸妆水
866301,1062,睫毛夹
2693696,1056,假睫毛
4818107,1047,眉笔
886203,1033,口红（平价款）
4163659,1028,腮红
2181935,997,粉底液（小容量）
1275696,965,隔离霜
3975787,964,定妆喷雾
4358294,954,指甲锉
2892802,952,指甲剪套装
2158079,938,美甲贴纸
84264,931,护手霜
4882154,920,香体喷雾
4993094,915,运动护腕
1789614,912,运动头带
2858794,908,运动毛巾
102272,899,小型哑铃
3015852,881,弹力带
1467750,873,运动水壶
3702593,872,健身手套
1792277,871,瑜伽砖
4731191,864,护膝
1834026,863,跑步腰包
941949,862,健身计步器
2629787,845,自动铅笔
3524510,806,彩色荧光笔
3673049,794,活页本
983613,784,订书钉
4919077,784,修正带
4148053,769,水彩颜料套装
1994940,763,毛笔
3898483,760,画架（小型）
2572604,751,手账胶带
4874384,749,DIY手工材料包
3160926,745,磁性书签
1646753,726,文件收纳袋
4050612,722,笔袋
3624696,714,创意橡皮
405755,712,钢尺
3579754,711,桌面整理盘
3138705,705,多功能文具盒
171529,704,小型白板
4697972,696,白板笔
2304296,692,文具收纳架
3844144,689,学生计算器
3673501,687,字帖练习本
2419959,681,英语单词卡片
3231625,678,数学练习册
2297500,673,科学实验工具套装（儿童版）
2072473,664,彩色便签条
2495340,660,手工剪刀
50601,659,纸胶带
1729993,655,DIY拼图套装
3747017,652,手绘模板
4576874,640,阅读架
2827444,638,折叠书桌灯
4580532,636,运动发带
2778281,630,瑜伽袜
338646,629,健身垫（加厚款）
3208959,619,跳舞鞋
1045172,618,运动内衣
800581,616,瑜伽眼罩
174239,613,健身拉力绳
4242717,613,短跑训练鞋
1817004,612,运动护踝
1973012,610,网球拍（入门款）
4476428,610,乒乓球拍套装
772629,604,羽毛球拍（轻量款）
2877672,604,健身课程体验券
3800818,603,运动背包
1488813,601,防滑瑜伽垫
3604509,595,美妆蛋
3616520,593,化妆刷清洗剂
4602841,589,睫毛增长液
1320530,589,面部按摩仪（简易款）
1595193,589,美容面膜刷
383749,583,防晒喷雾
3340725,569,美白精华（小样装）
2529187,569,唇膜
1008362,568,眼线笔
4921805,565,睫毛膏
72526,563,高光粉
4533189,559,修容棒
339305,553,美甲灯（迷你款）
3108044,552,美甲工具套装
2925160,548,香薰精油套装
4391936,540,染发工具（一次性）
4708262,538,发蜡
1807416,530,发泥
4901188,526,定型喷雾
401357,526,美容放大镜
360294,518,睫毛滋养液
2476560,518,面部清洁仪（基础款）
2590256,508,美妆收纳盒
1505776,508,化妆镜（带灯光）
1068933,498,美甲贴钻
366112,497,美甲亮片
2736436,492,美甲UV胶
4639855,492,手机支架（桌面款）
1312642,491,手机镜头套装（广角/微距）
553365,491,手机背夹电池
267209,489,无线充电板
4048584,486,蓝牙耳机（平价款）
1928278,485,耳机收纳盒
4640311,482,Type-C转接头
1516409,474,Lightning转接头
1349634,470,USB分线器
4936889,469,多功能读卡器
3277224,468,移动硬盘（小容量）
3855599,466,U盘（32GB/64GB）
2033408,464,笔记本散热支架
2247787,458,游戏手柄（手机用）
3879308,451,智能手环（基础款）
1573426,450,智能插座
4794845,448,小型投影仪（入门款）
3381583,448,便携式屏幕清洁器
4238676,447,电脑摄像头（高清款）
1548278,443,鼠标垫（发光款）
3407883,440,键盘防尘罩
3848953,436,笔记本电脑包
2479420,436,平板保护套
1102540,436,平板支架（可调节）
2188684,428,手写笔（电容屏用）
3566034,427,游戏耳机（入门款）
1722855,425,游戏鼠标（轻量款）
901282,424,电竞键盘（薄膜款）
2303546,420,无线路由器（家用款）
2891408,418,网线钳
2293367,418,水晶头（RJ45）
1288487,417,HDMI高清线
4712571,415,VGA转HDMI转换器
4509358,412,充电线收纳盒
1154246,411,无线蓝牙音箱（迷你款）
3123784,411,迷你麦克风（直播用）
2702525,411,手机三脚架
3371868,409,自拍补光灯
3323023,408,相机清洁套装
4589142,407,SD存储卡（64GB/128GB）
2087597,406,行车记录仪（基础款）
4151801,405,智能家居控制器
2296439,403,智能门铃（简易款）
4654786,401,智能灯泡（可调色）
1449177,400,声控音响（小型）
1020087,399,电子闹钟（简约款）
2558204,395,桌面风扇（USB供电）
3500710,395,手持小风扇（充电款）
4458428,391,车载手机支架
4758477,388,车载充电器
1158475,387,汽车空气净化器
874415,383,智能体重秤
590997,381,体脂检测仪
3736316,380,便携式电源逆变器
3312150,380,太阳能充电宝
1884322,378,电子书阅读器（基础款）
1050007,377,数码相框（小型）
3758209,375,录音笔（便携款）
1046047,374,电子翻译器
1207887,372,智能手写板
3112817,369,手机信号增强器
2459106,368,无线耳机挂绳
3189935,368,耳机绕线器
3669044,363,降噪耳塞（电子款）
1474371,358,智能手表表带
155172,356,VR眼镜（入门款）
1231891,355,无人机（迷你款）
2671397,353,智能追踪器（防丢器）
3597057,353,激光笔（教学用）
2940518,352,电动螺丝刀（小型）
1165503,351,电子显微镜（便携款）
4135836,350,手机防水袋
2872443,349,手机屏幕放大器
3398567,348,手机壳（磁吸款）
4086613,345,数据线收纳扣
2129666,342,无线充电器支架
3303026,340,智能夜灯（感应款）
3354571,339,智能窗帘控制器
3232473,339,智能遥控器
4015820,337,智能扫地机器人（基础款）
1074254,336,智能语音助手（入门款）
4834913,335,电子称重勺
4321796,334,电子厨房计时器
622168,331,智能保温杯
339580,329,便携式WiFi热点
2966303,328,无线网卡（USB款）
3664107,326,电脑屏幕挂灯
2321441,325,笔记本电脑支架
2013232,324,USB声卡
3774512,322,降噪耳机（平价款）
3461823,321,游戏方向盘（简易款）
3459562,319,游戏座椅垫
3248072,318,电竞耳机支架
3177877,317,智能健康手环
4466876,315,智能睡眠眼罩
4958794,315,智能水杯
4583884,314,智能插座定时器
3681810,313,手机K歌麦克风
1521931,312,电子节拍器
2748804,312,USB加湿器（小型）
1691699,311,手机壳（透明款）
4310023,310,数据线（编织材质）
643645,307,无线耳机（降噪款）
4308141,306,蓝牙音箱（户外款）
3496816,304,LED台灯（折叠款）
2579035,302,笔记本电脑包（防震款）
237446,302,中性笔（速干墨水）
146830,301,文件夹（加厚款）
2154867,301,垃圾桶（脚踏式）
35290,298,衣架（防滑款）
564681,296,厨房开瓶器（多功能）
3320579,296,清洁刷（长柄款）
3805065,295,牙刷（电动款）
1014564,295,牙膏（美白型）
3171095,293,梳子（防静电）
359388,293,小型剃须刀（充电款）
1615537,292,面膜（补水型）
2733371,291,指甲油（持久款）
3351726,291,化妆刷（套装）
1125862,290,零食礼包（坚果类）
2361828,289,方便面（大碗装）
2576484,287,茶包（花果茶）
2066955,286,速溶咖啡（低糖款）
2581941,286,发圈（弹性款）
2667323,285,发夹（珍珠装饰）
4098232,284,袜子（纯棉款）
4869428,284,围巾（针织款）
3378887,282,手套（触屏款）
4051859,282,瑜伽垫（专业款）
4633953,282,跳绳（计数款）
3400167,281,儿童拼图（益智款）
243423,279,小型玩偶（毛绒款）
1376358,277,宠物玩具（耐咬款）
4298656,275,猫抓板（瓦楞纸款）
2331312,274,宠物喂食器（自动款）
2533863,272,订书机（迷你款）
1249761,271,剪刀（不锈钢款）
4444302,271,胶带（双面款）
4276787,271,回形针（彩色款）
2832009,270,便利贴（荧光款）
3194735,270,桌布（防水款）
578983,267,收纳盒（抽屉式）
4355436,265,鞋刷（猪毛款）
2433095,265,鞋垫（硅胶款）
3209590,262,香皂（手工款）
2806049,261,洗手液（泡沫型）
2030976,261,洗衣袋（网状款）
330316,257,干燥剂（食品级）
2890111,257,防潮袋（衣柜用）
4138583,256,空气清新剂（喷雾款）
4470576,255,蚊香（无烟款）
4655941,255,电蚊拍（可充电）
5063620,254,晾衣架（伸缩款）
1724559,253,晒衣夹（塑料款）
970709,252,浴室地垫（吸水款）
3829421,252,杯子（保温款）
2157356,252,餐具套装（陶瓷款）
3740459,251,保温杯（轻量款）
431452,251,小型盆栽（多肉植物）
3147903,250,桌面收纳架（分层款）
3999977,247,钥匙扣（卡通款）
2853993,246,卡包（真皮款）
2924150,246,零钱包（拉链款）
181182,243,手提袋（环保款）
64179,241,贴纸（防水款）
2042400,241,书签（金属款）
4301450,240,相册（硬壳款）
1438507,240,桌游卡牌（经典款）
841696,239,折叠伞（抗风款）
3439012,238,太阳镜（偏光款）
1842993,237,发带（运动款）
3836451,236,耳钉（简约款）
223690,234,戒指（开口款）
3695050,234,手链（串珠款）
1678374,233,挂饰（车内用）
5030562,233,仿真花（玫瑰款）
722945,233,小夜灯（星空款）
3177764,231,插座延长线（带开关）
796856,231,充电器（快充款）
3637084,231,移动电源（大容量）
4267003,231,自拍杆（三脚架款）
2217187,230,手机支架（磁吸款）
1689624,229,屏幕清洁套装（喷雾型）
739426,228,桌面加湿器（静音款）
2774299,228,小型工具箱（家用款）
286229,228,创意摆件（动物造型）
3441583,228,香薰蜡烛（精油款）
3087458,228,火柴盒（复古款）
1573465,227,小型垃圾桶（桌面款）
4095810,226,桌面吸尘器（无线款）
85955,226,旅行牙刷套装（便携款）
703487,225,折叠水壶（食品级）
3081594,225,简易画板（木质款）
3807763,224,彩色铅笔（水溶性）
3620161,224,橡皮擦（无屑款）
2194744,224,学生尺子（透明款）
1530704,223,透明文件袋（A4尺寸）
3214361,222,小型镜子（化妆款）
4152994,221,电子计算器（科学型）
2678261,220,化妆棉（压缩款）
4130426,220,卸妆水（温和型）
2725426,220,睫毛夹（加热款）
2352202,220,假睫毛（自然款）
876318,219,眉笔（自动款）
1813610,218,口红（哑光款）
3880463,217,腮红（粉状款）
3252144,216,粉底液（遮瑕型）
1108912,216,隔离霜（防晒型）
1297992,215,定妆喷雾（保湿型）
1485951,214,指甲锉（金刚砂款）
2362370,213,指甲剪套装（便携款）
284968,212,美甲贴纸（渐变款）
4804883,211,护手霜（滋润型）
1431810,211,香体喷雾（持久款）
3561974,209,运动护腕（透气款）
1629035,209,运动头带（吸汗款）
3253357,208,运动毛巾（速干款）
323851,208,小型哑铃（可调节款）
1936748,207,弹力带（多种阻力）
1612623,207,运动水壶（刻度款）
2256028,205,健身手套（防滑款）
4282670,205,瑜伽砖（环保材质）
1009182,204,护膝（加厚款）
3904106,203,跑步腰包（轻便款）
757910,203,健身计步器（智能款）
3672452,202,自动铅笔（0.5mm）
5144469,201,彩色荧光笔（6色套装）
1026507,201,活页本（网格款）
4789674,200,订书钉（标准款）
3860845,200,修正带（宽幅款）
662846,199,水彩颜料套装（24色）
4062559,199,毛笔（狼毫款）
1988433,199,画架（折叠款）
869231,198,手账胶带（主题款）
3361496,197,DIY手工材料包（刺绣款）
4167958,197,磁性书签（金属款）
960102,196,文件收纳袋（透明款）
569703,196,笔袋（帆布款）
3118167,195,创意橡皮（动物造型）
2195789,195,钢尺（不锈钢款）
542908,194,桌面整理盘（分区款）
551706,194,多功能文具盒（分层款）
2935574,194,小型白板（磁性款）
4696710,193,白板笔（细头款）
1471163,193,文具收纳架（旋转款）
3457718,193,学生计算器（金融型）
3430419,193,字帖练习本（硬笔书法）
1269883,192,英语单词卡片（高频词汇）
3767409,192,数学练习册（小学版）
245030,191,科学实验工具套装（青少年版）
1875258,191,彩色便签条（心形款）
2202384,191,手工剪刀（弯头款）
1354236,190,纸胶带（和风款）
1881956,190,DIY拼图套装（3D立体）
1338377,189,手绘模板（花卉款）
904454,189,阅读架（可调角度款）
1906712,189,折叠书桌灯（触摸款）
3924783,189,运动发带（宽边款）
767106,189,瑜伽袜（防滑款）
4160459,187,健身垫（超薄款）
611849,186,跳舞鞋（软底款）
4894095,186,运动内衣（支撑型）
446701,185,瑜伽眼罩（丝绸款）
3790396,185,健身拉力绳（多段阻力）
1293225,185,短跑训练鞋（轻量化）
2651305,185,运动护踝（高弹力款）
4006013,185,网球拍（进阶款）
58836,184,乒乓球拍套装（比赛款）
3425094,183,羽毛球拍（碳纤维款）
1331853,182,健身课程体验券（团体课）
1711596,182,运动背包（防水款）
1872294,182,防滑瑜伽垫（TPE材质）
4743234,182,美妆蛋（气垫款）
2322253,182,化妆刷清洗剂（泡沫型）
1132429,181,睫毛增长液（滋养型）
924708,181,面部按摩仪（滚轮款）
4966058,180,美容面膜刷（硅胶款）
873792,179,防晒喷雾（清爽型）
3794706,179,美白精华（安瓶款）
1943877,178,唇膜（夜间修护款）
1281171,178,眼线笔（防水款）
4338287,178,睫毛膏（浓密型）
4004564,178,高光粉（细腻款）
79451,178,修容棒（双头款）
1089685,178,美甲灯（专业款）
2540093,177,美甲工具套装（高端款）
3570656,177,香薰精油套装（单方款）
1392527,176,染发工具（一次性喷雾）
2394030,176,发蜡（强力定型款）
2050292,176,发泥（哑光效果款）
2672762,175,定型喷雾（持久型）
4915680,174,美容放大镜（带灯款）
4684862,174,睫毛滋养液（修复型）
690811,174,面部清洁仪（声波款）
274067,174,美妆收纳盒（透明款）
4825728,174,化妆镜（折叠款）
4780547,173,美甲贴钻（闪粉款）
450901,173,美甲亮片（金葱款）
1278525,173,美甲UV胶（多色款）
3253210,173,手机镜头套装（鱼眼款）
1343555,173,手机背夹电池（超薄款）
4817527,172,无线充电板（快充款）
2425725,172,蓝牙耳机（运动款）
2815065,171,耳机收纳盒（硅胶款）
1884568,171,Type-C转接头（铝合金款）
4763051,171,Lightning转接头（镀金款）
2732466,170,USB分线器（4口款）
582243,170,多功能读卡器（高速款）
160181,170,移动硬盘（1TB款）
3004643,170,U盘（128GB款）
448398,169,笔记本散热支架（升降款）
4847838,169,游戏手柄（PC兼容款）
4718134,169,智能手环（心率监测款）
2644878,169,智能插座（语音控制款）
2896142,168,小型投影仪（高清款）
2314022,168,便携式屏幕清洁器（纳米纤维款）
2626421,168,电脑摄像头（广角款）
605882,168,鼠标垫（加厚款）
2440364,167,键盘防尘罩（全尺寸款）
113102,166,平板保护套（翻盖款）
4969568,166,平板支架（铝合金款）
562672,166,手写笔（压感款）
895939,166,游戏耳机（7.1声道款）
3619575,165,游戏鼠标（RGB灯光款）
2878148,164,电竞键盘（机械轴款）
4784134,164,无线路由器（千兆款）
428367,164,网线钳（自动剥线款）
1419417,164,水晶头（镀金款）
383530,164,HDMI高清线（2米款）
3490970,163,VGA转HDMI转换器（带音频款）
4449178,163,充电线收纳盒（磁吸款）
1127566,163,无线蓝牙音箱（重低音款）
5003455,163,迷你麦克风（K歌款）
2964603,162,手机三脚架（八爪鱼款）
1943989,162,自拍补光灯（环形款）
4066962,162,相机清洁套装（专业款）
1733868,161,SD存储卡（256GB款）
3230909,161,行车记录仪（夜视款）
562852,161,智能家居控制器（多设备兼容款）
4263418,160,智能门铃（高清摄像款）
888094,160,智能灯泡（WiFi控制款）
3796207,160,声控音响（Hi-Fi款）
401765,160,电子闹钟（投影款）
999755,160,桌面风扇（静音款）
4583654,159,手持小风扇（挂脖款）
1457367,159,车载手机支架（磁吸款）
163196,158,车载充电器（双口款）
4897718,158,汽车空气净化器（负离子款）
3156448,158,智能体重秤（人体成分分析款）
3530487,158,体脂检测仪（蓝牙款）
321567,158,便携式电源逆变器（正弦波款）
1888306,158,太阳能充电宝（大容量款）
3935940,157,电子书阅读器（护眼款）
2452793,157,数码相框（高清触屏款）
3343095,156,录音笔（降噪款）
2426236,156,电子翻译器（离线款）
3779369,156,智能手写板（APP同步款）
3410245,156,手机信号增强器（全频段款）
1611144,156,无线耳机挂绳（硅胶款）
3164550,155,耳机绕线器（磁吸款）
1189158,155,降噪耳塞（睡眠专用款）
4869837,155,智能手表表带（尼龙款）
2794147,155,VR眼镜（4K分辨率款）
3962843,154,无人机（航拍款）
1429156,154,智能追踪器（全球定位款）
3715529,153,激光笔（绿光款）
3829657,153,电动螺丝刀（锂电款）
3422001,153,电子显微镜（1000倍款）
133377,152,手机防水袋（潜水款）
3504022,152,手机屏幕放大器（折叠款）
3367924,152,手机壳（液态硅胶款）
2596428,152,数据线收纳扣（魔术贴款）
2085893,151,无线充电器支架（立式款）
3570834,151,智能夜灯（感应亮度款）
3912910,151,智能窗帘控制器（遥控款）
3980900,151,智能遥控器（万能款）
1868423,151,智能扫地机器人（拖地一体款）
3497230,151,智能语音助手（多语言款）
4292119,151,电子称重勺（精准款）
1013319,151,电子厨房计时器（倒计时款）
2632873,151,智能保温杯（温度显示款）
4871255,150,便携式WiFi热点（4G款）
4733463,150,无线网卡（PCI-E款）
4512393,149,电脑屏幕挂灯（护眼款）
2612027,148,笔记本电脑支架（铝制款）
4285553,148,USB声卡（外置款）
3913141,147,降噪耳机（主动降噪款）
432873,147,游戏方向盘（带换挡款）
4688770,147,游戏座椅垫（记忆海绵款）
5046132,146,电竞耳机支架（桌面款）
4078249,146,智能健康手环（血氧监测款）
4273662,146,智能睡眠眼罩（助眠款）
1717476,146,智能水杯（定时提醒款）
2156574,145,智能插座定时器（循环设置款）
996449,145,手机K歌麦克风（混响款）
135038,145,电子节拍器（可视化款）
2772071,145,USB加湿器（香薰款）
4418144,144,手机壳（全包款）
4853207,144,数据线（尼龙编织款）
2528824,143,无线耳机（真无线款）
2800021,143,蓝牙音箱（便携迷你款）
944818,143,LED台灯（护眼款）
3865465,143,笔记本电脑包（防水款）
865039,142,中性笔（按动款）
2106073,142,文件夹（PP材质）
4052307,142,垃圾桶（智能感应款）
2290623,142,衣架（多功能款）
957119,142,厨房开瓶器（省力款）
2979796,141,清洁刷（缝隙专用）
1040356,141,牙刷（软毛款）
1528701,140,牙膏（抗敏感型）
3184456,140,梳子（按摩款）
4540978,139,小型剃须刀（干湿两用款）
1620537,139,面膜（美白型）
65720,139,指甲油（快干款）
2739327,138,化妆刷（单支款）
2649368,137,零食礼包（膨化类）
781315,137,方便面（速食杯装）
2311290,136,茶包（普洱茶）
1673021,136,速溶咖啡（黑咖啡款）
4203730,136,发圈（宽边款）
2026832,135,发夹（金属装饰）
2321836,135,袜子（防臭款）
3730378,134,围巾（丝巾款）
5063923,134,手套（保暖款）
2272488,134,瑜伽垫（超薄便携款）
2492895,134,跳绳（无绳款）
1073768,134,儿童拼图（木质款）
58498,133,小型玩偶（树脂款）
2922264,133,宠物玩具（发声款）
1526856,133,猫抓板（悬挂款）
3745824,132,宠物喂食器（双碗款）
5028877,132,订书机（重型款）
55312,132,剪刀（园艺款）
4498047,131,胶带（透明款）
3045640,131,回形针（不锈钢款）
1609467,131,便利贴（可擦写款）
476283,131,桌布（棉麻款）
1819175,130,收纳盒（折叠款）
928449,130,鞋刷（马毛款）
4129924,130,鞋垫（活性炭款）
3751366,130,香皂（植物精油款）
1582197,130,洗手液（抑菌型）
3933554,129,洗衣袋（大号款）
772894,129,干燥剂（硅胶款）
863375,129,防潮袋（密封款）
5064,128,空气清新剂（固体款）
1040727,128,蚊香（电热款）
4662072,128,电蚊拍（伸缩款）
3248864,128,晾衣架（多层款）
1277467,127,晒衣夹（木制款）
3886822,127,浴室地垫（防滑款）
856718,127,杯子（玻璃款）
3582241,127,餐具套装（不锈钢款）
3788576,127,保温杯（真空款）
3455617,126,小型盆栽（空气凤梨）
1765288,126,桌面收纳架（模块化款）
3090850,126,钥匙扣（钥匙灯款）
922189,126,卡包（PVC款）
4339360,126,零钱包（挂链款）
3995452,126,手提袋（帆布款）
2421366,125,贴纸（夜光款）
2154669,125,书签（流苏款）
1367932,125,相册（软皮款）
3100759,125,桌游卡牌（策略款）
2436637,125,折叠伞（自动开合款）
1090997,124,太阳镜（运动款）
440901,124,发带（丝质款）
1963052,124,耳钉（锆石款）
2366905,124,戒指（镶嵌款）
4715650,123,手链（链条款）
3075521,123,挂饰（钥匙扣款）
3126258,123,仿真花（满天星款）
4621949,123,小夜灯（触控款）
202297,123,插座延长线（防雷款）
3155703,122,充电器（车载款）
642223,122,移动电源（自带线款）
3595690,122,自拍杆（可拆卸款）
4983640,122,手机支架（桌面款）
3795317,122,屏幕清洁套装（纳米纤维款）
1686309,122,桌面加湿器（超声波款）
3100520,122,小型工具箱（多功能款）
1545822,122,创意摆件（树脂款）
4302328,122,香薰蜡烛（浮雕款）
4921617,122,火柴盒（艺术款）
721664,121,小型垃圾桶（翻盖款）
4188178,121,桌面吸尘器（手持款）
3867633,121,旅行牙刷套装（电动款）
1420205,121,折叠水壶（耐热款）
3415144,120,简易画板（塑料款）
1286537,119,彩色铅笔（油性款）
1253595,119,橡皮擦（卡通造型款）
2430608,119,学生尺子（波浪款）
5045733,118,透明文件袋（拉链款）
2241047,118,小型镜子（放大款）
791327,117,电子计算器（工程型）
550660,117,化妆棉（三层款）
2489066,117,卸妆水（油性款）
2014414,117,睫毛夹（弧形款）
2191219,117,假睫毛（浓密款）
2551049,117,眉笔（三合一功能款）
882707,117,口红（滋润款）
1691286,117,腮红（膏状款）
1737857,117,粉底液（轻薄型）
4718907,116,隔离霜（润色型）
2986945,116,定妆喷雾（控油型）
4331400,116,指甲锉（抛光款）
3679920,116,指甲剪套装（专业款）
5028478,115,美甲贴纸（法式款）
902556,115,护手霜（乳木果款）
3139583,115,香体喷雾（清新型）
500212,115,运动护腕（压缩款）
2862133,115,运动头带（宽款）
2486578,115,运动毛巾（抗菌款）
2903469,115,小型哑铃（可拆卸款）
4627820,114,弹力带（阻力环款）
542584,114,运动水壶（保温款）
3973395,114,健身手套（透气款）
211810,114,瑜伽砖（泡沫款）
4211850,114,护膝（护髌骨款）
376030,113,跑步腰包（反光款）
2923541,113,健身计步器（腰夹款）
1854481,113,自动铅笔（2B款）
3054014,112,彩色荧光笔（8色套装）
3917972,112,活页本（横线款）
3938045,111,订书钉（窄幅款）
1277731,111,修正带（环保款）
5008221,111,水彩颜料套装（固体款）
4565874,111,毛笔（兼毫款）
4167298,111,画架（户外写生款）
1572948,110,手账胶带（节日款）
3274258,110,DIY手工材料包（串珠款）
854059,110,磁性书签（创意款）
3483675,110,文件收纳袋（网格式款）
4827153,110,笔袋（网格款）
3102560,109,创意橡皮（几何款）
1587961,109,钢尺（刻度清晰款）
181348,109,桌面整理盘（皮革款）
3993644,109,多功能文具盒（磁吸款）
1910923,108,小型白板（双面白板款）
940822,108,白板笔（粗头款）
2204852,108,文具收纳架（壁挂款）
4692440,107,学生计算器（编程型）
2340518,107,字帖练习本（软笔书法）
339124,107,英语单词卡片（高频短语）
2370324,107,数学练习册（初中版）
3563906,107,科学实验工具套装（化学实验款）
5147460,106,彩色便签条（波浪款）
2020240,106,手工剪刀（绣花款）
749692,106,纸胶带（星空款）
2196412,106,DIY拼图套装（立体建筑款）
1202097,106,手绘模板（动物款）
810632,106,阅读架（升降款）
3826089,106,折叠书桌灯（可调光款）
5008466,106,运动发带（薄款）
3328511,106,瑜伽袜（露趾款）
522951,105,健身垫（厚款）
3123187,105,跳舞鞋（芭蕾款）
3470850,105,运动内衣（高支撑款）
5028097,105,瑜伽眼罩（遮光款）
5002819,105,健身拉力绳（弹簧款）
838946,104,短跑训练鞋（钉鞋款）
2221749,104,运动护踝（压缩款）
344221,104,网球拍（初学者款）
4700878,104,乒乓球拍套装（家庭款）
2218582,104,羽毛球拍（入门款）
4877478,104,健身课程体验券（私教课）
845650,103,运动背包（双肩款）
3160684,103,防滑瑜伽垫（天然橡胶款）
3577636,103,美妆蛋（海绵款）
1850548,103,化妆刷清洗剂（免洗款）
2792484,103,睫毛增长液（滋养修护款）
1929516,103,面部按摩仪（EMS微电流款）
4244990,103,美容面膜刷（硅胶柔软款）
65362,103,防晒喷雾（高倍数款）
2782399,102,美白精华（烟酰胺款）
5007081,102,唇膜（果冻款）
4197505,102,眼线笔（极细款）
4141018,102,睫毛膏（防水型）
2201685,102,高光粉（液体款）
3360956,102,修容棒（粉饼款）
1169503,102,美甲灯（家用款）
4011278,101,美甲工具套装（全套款）
22129,100,香薰精油套装（复方款）
3985610,100,染发工具（渐变喷雾款）
3608477,100,发蜡（清爽型）
4864926,100,发泥（强力定型款）
1676308,100,定型喷雾（保湿型）
5150761,100,美容放大镜（高清款）
393045,99,睫毛滋养液（修复滋养款）
4980533,99,面部清洁仪（离子导入款）
2422417,99,美妆收纳盒（分隔款）
399287,98,化妆镜（补光款）
2313309,98,美甲贴钻（水晶款）
1506018,98,美甲亮片（闪粉款）
2604507,98,美甲UV胶（持久款）
4345501,98,手机镜头套装（微距款）
4611962,98,手机背夹电池（快充款）
4467019,98,无线充电板（磁吸款）
2407396,98,蓝牙耳机（主动降噪款）
1422474,98,耳机收纳盒（硬壳款）
1508018,98,Type-C转接头（弯头款）
750949,97,Lightning转接头（二合一款）
412619,97,USB分线器（多接口款）
2753808,97,多功能读卡器（高速传输款）
3456641,97,移动硬盘（2TB款）
3419760,97,U盘（256GB款）
2562909,97,笔记本散热支架（静音款）
2515942,97,游戏手柄（震动反馈款）
4827537,96,智能手环（睡眠监测款）
2101190,96,智能插座（APP控制款）
4391390,96,小型投影仪（便携款）
1829804,96,便携式屏幕清洁器（静电吸附款）
820597,95,电脑摄像头（内置麦克风款）
3733874,95,鼠标垫（RGB灯光款）
1929875,95,键盘防尘罩（硅胶款）
2343750,95,平板保护套（磁吸款）
2948269,95,平板支架（可调节角度款）
893651,94,手写笔（精准压感款）
1964754,94,游戏耳机（虚拟环绕声款）
3833912,94,游戏鼠标（对称设计款）
5013760,94,电竞键盘（青轴款）
4604594,94,无线路由器（WiFi 6款）
2052526,94,网线钳（多功能款）
4238377,94,水晶头（屏蔽款）
1980111,94,HDMI高清线（镀金款）
4121221,94,VGA转HDMI转换器（4K支持款）
5041153,93,充电线收纳盒（分隔款）
4027003,93,无线蓝牙音箱（户外防水款）
4294583,93,迷你麦克风（直播款）
3843209,93,手机三脚架（桌面款）
74446,92,自拍补光灯（可调节亮度款）
4835015,92,相机清洁套装（气吹款）
3675758,92,SD存储卡（512GB款）
2240104,92,行车记录仪（双镜头款）
2453525,92,智能家居控制器（语音识别款）
1852398,92,智能门铃（夜视高清款）
2591545,92,智能灯泡（场景模式款）
466400,92,声控音响（低音炮款）
289692,91,电子闹钟（温湿度显示款）
1113817,91,桌面风扇（夹子款）
1446405,91,手持小风扇（喷雾款）
3231861,91,车载手机支架（伸缩款）
3159480,91,车载充电器（PD快充款）
389704,91,汽车空气净化器（滤芯款）
784830,91,智能体重秤（多人模式款）
4003932,91,体脂检测仪（蓝牙同步款）
3911423,91,便携式电源逆变器（纯正弦波款）
5068419,91,太阳能充电宝（折叠款）
583014,91,电子书阅读器（背光款）
1462446,90,数码相框（动态照片款）
2384854,90,录音笔（高清降噪款）
4169506,90,电子翻译器（拍照翻译款）
4517019,90,智能手写板（手写输入款）
4762182,90,手机信号增强器（定向款）
1957261,90,无线耳机挂绳（磁吸款）
2631608,90,耳机绕线器（硅胶款）
1023823,89,降噪耳塞（航空专用款）
3459125,89,智能手表表带（金属款）
2615163,89,VR眼镜（全景3D款）
583485,89,无人机（GPS定位款）
532507,89,智能追踪器（防丢款）
2805193,89,激光笔（红外款）
2409814,88,电动螺丝刀（多功能款）
2393184,88,电子显微镜（显微观察款）
535180,88,手机防水袋（全封闭款）
4625363,88,手机屏幕放大器（广角款）
382910,87,手机壳（磨砂款）
3985474,87,数据线收纳扣（硅胶款）
477292,87,无线充电器支架（可调节款）
902410,87,智能夜灯（定时关闭款）
4096107,87,智能窗帘控制器（APP控制款）
4868797,86,智能遥控器（场景模式款）
1689352,86,智能扫地机器人（扫拖一体款）
153285,86,智能语音助手（智能家居联动款）
283996,86,电子称重勺（精准计量款）
4235673,86,电子厨房计时器（倒计时提醒款）
1795157,86,智能保温杯（触屏款）
3388914,86,便携式WiFi热点（5G款）
898327,86,无线网卡（外置天线款）
2056274,85,电脑屏幕挂灯（冷暖光款）
3298361,85,笔记本电脑支架（升降款）
4251131,85,USB声卡（独立芯片款）
3731995,85,降噪耳机（混合降噪款）
472985,85,游戏方向盘（带离合款）
2837163,85,游戏座椅垫（透气款）
3864364,85,电竞耳机支架（壁挂款）
3228699,85,智能健康手环（心率带款）
1988066,85,智能睡眠眼罩（助眠音乐款）
3711641,85,智能水杯（温度调节款）
890050,85,智能插座定时器（循环设置款）
2158870,84,手机K歌麦克风（混响效果款）
3768664,84,电子节拍器（节奏训练款）
4723214,84,USB加湿器（静音款）
3919304,84,手机壳（渐变色款）
2210612,84,数据线（磁吸款）
4393424,84,无线耳机（骨传导款）
69607,84,蓝牙音箱（重低音款）
4334077,84,LED台灯（触摸款）
3582485,84,笔记本电脑包（减震款）
4364882,84,中性笔（凝胶墨水款）
751494,84,文件夹（加厚透明款）
3544014,84,垃圾桶（翻盖款）
1817077,84,衣架（多功能挂钩款）
3354186,84,厨房开瓶器（电动款）
625430,84,清洁刷（长柄旋转款）
3937192,84,牙刷（儿童款）
2615320,84,牙膏（抗龋齿型）
755175,83,梳子（负离子款）
4988911,83,小型剃须刀（旋转头款）
4286569,83,面膜（清洁型）
2721770,83,指甲油（持久亮泽款）
1628657,83,化妆刷（粉底刷款）
490076,83,零食礼包（进口零食款）
2208799,82,方便面（拌面料理款）
3935164,82,茶包（绿茶款）
2448593,82,速溶咖啡（拿铁风味款）
21059,82,发圈（细款）
240303,82,发夹（碎花款）
4368942,82,袜子（五指款）
269606,82,围巾（披肩款）
5099474,82,手套（骑行款）
1669167,82,瑜伽垫（双面款）
2360839,81,跳绳（计数电子款）
2895013,81,儿童拼图（拼图地图款）
668498,81,小型玩偶（盲盒款）
3309245,81,宠物玩具（逗猫棒款）
120033,81,猫抓板（瓦楞纸组合款）
2891509,81,宠物喂食器（自动喂食款）
3257290,81,订书机（省力款）
3544253,81,剪刀（裁缝款）
1922644,81,胶带（图案款）
3391862,80,回形针（大号款）
815311,80,便利贴（异形款）
4177144,80,桌布（防水防油款）
374584,80,收纳盒（抽屉分隔款）
1805756,80,鞋刷（马毛软刷款）
1025720,80,鞋垫（记忆海绵款）
3884119,80,香皂（牛奶款）
3567828,79,洗手液（泡沫型抗菌款）
410749,79,洗衣袋（大容量款）
1451814,79,干燥剂（食品级硅胶款）
1104384,79,防潮袋（衣柜专用款）
749203,79,空气清新剂（香氛机款）
5034390,79,蚊香（驱蚊液款）
2328673,79,电蚊拍（强电力款）
1058331,79,晾衣架（升降款）
322167,79,晒衣夹（铁质款）
2337395,79,浴室地垫（防霉款）
848854,79,杯子（马克杯款）
257909,79,餐具套装（竹制款）
3531700,79,保温杯（内胆涂层款）
4183103,78,小型盆栽（苔藓植物款）
4134433,78,桌面收纳架（模块化扩展款）
1610764,78,钥匙扣（钥匙圈款）
3454970,78,卡包（透明窗口款）
4537973,78,零钱包（迷你款）
1723409,78,手提袋（购物袋款）
4374048,78,贴纸（镭射款）
3443691,78,书签（丝绸款）
620409,78,相册（纪念款）
3335147,78,桌游卡牌（角色扮演款）
3736936,78,折叠伞（晴雨两用款）
3017203,77,太阳镜（偏光驾驶款）
3953647,77,发带（运动吸汗款）
3053292,77,耳钉（珍珠款）
4411949,77,戒指（开口调整款）
4826471,77,手链（编绳款）
3435808,77,挂饰（车内香水款）
3001296,77,仿真花（仿真绿植款）
318219,77,小夜灯（星空投影款）
182358,77,插座延长线（多孔款）
1414043,77,充电器（多口快充款）
2951233,76,移动电源（自带线快充款）
3343024,76,自拍杆（蓝牙款）
2617994,76,手机支架（车载款）
4551297,76,屏幕清洁套装（喷雾型款）
358773,76,桌面加湿器（静音超声波款）
949648,76,小型工具箱（家居维修款）
4121590,76,创意摆件（陶瓷款）
869764,76,香薰蜡烛（香氛款）
90791,75,火柴盒（复古铁盒款）
2796506,75,小型垃圾桶（带盖款）
1297791,75,桌面吸尘器（无线充电款）
3409740,75,旅行牙刷套装（儿童款）
2319611,75,折叠水壶（大容量款）
3392099,75,简易画板（可调节角度款）
1081037,75,彩色铅笔（专业级款）
2301954,75,橡皮擦（环保款）
1604691,75,学生尺子（三角尺款）
2881542,75,透明文件袋（加厚款）
1528133,74,小型镜子（补光款）
514392,74,电子计算器（金融理财款）
1561921,74,化妆棉（压缩片款）
2409937,74,卸妆水（敏感肌款）
1665992,74,睫毛夹（弧形升级款）
2644484,74,假睫毛（自然款）
2156156,73,眉笔（防水款）
4728774,73,口红（丝绒款）
2863168,73,腮红（液体款）
3010483,73,粉底液（高遮瑕款）
4757812,73,隔离霜（修饰毛孔款）
1104592,73,定妆喷雾（控油持妆款）
4241245,73,指甲锉（抛光细腻款）
1258177,73,指甲剪套装（高端款）
2575132,73,美甲贴纸（简约款）
4874492,72,护手霜（深层滋润款）
882095,72,香体喷雾（持久留香款）
4307317,72,运动护腕（加厚款）
941706,72,运动头带（防滑款）
332127,72,运动毛巾（速干抗菌款）
4911958,72,小型哑铃（可调节重量款）
815501,72,弹力带（阻力环款）
3026556,72,运动水壶（大容量款）
4853595,72,健身手套（透气耐磨款）
4350978,72,瑜伽砖（环保材质款）
3729292,72,护膝（护髌骨款）
2595793,72,跑步腰包（多功能款）
4954200,72,健身计步器（手环款）
724320,71,自动铅笔（0.7mm款）
4695078,71,彩色荧光笔（12色套装）
3883310,71,活页本（点阵款）
182615,71,订书钉（窄幅款）
2225310,71,修正带（加宽款）
4222240,71,水彩颜料套装（艺术家级款）
350027,71,毛笔（羊毫款）
4382196,71,画架（户外写生款）
1356029,71,手账胶带（主题定制款）
3870839,71,DIY手工材料包（刺绣款）
4600060,71,磁性书签（创意款）
293545,71,文件收纳袋（网格式款）
858800,71,笔袋（网格款）
1631778,71,创意橡皮（几何款）
4282651,71,钢尺（刻度清晰款）
4883737,71,桌面整理盘（皮革款）
3121949,70,多功能文具盒（磁吸款）
5126295,70,小型白板（双面白板款）
2852310,70,白板笔（粗头款）
1391195,70,文具收纳架（壁挂款）
3791831,70,学生计算器（编程型）
3110199,70,字帖练习本（软笔书法）
1639158,70,英语单词卡片（高频短语）
1990869,70,数学练习册（初中版）
2751787,69,科学实验工具套装（化学实验款）
4143151,69,彩色便签条（波浪款）
2413768,69,手工剪刀（绣花款）
715487,69,纸胶带（星空款）
4565729,69,DIY拼图套装（立体建筑款）
1601543,69,手绘模板（动物款）
3404739,69,阅读架（升降款）
1546352,69,折叠书桌灯（可调光款）
1898686,68,运动发带（薄款）
2994558,68,瑜伽袜（露趾款）
1406426,68,健身垫（厚款）
2862512,68,跳舞鞋（芭蕾款）
3926800,68,运动内衣（高支撑款）
2970453,68,瑜伽眼罩（遮光款）
3150229,68,健身拉力绳（弹簧款）
4858656,68,短跑训练鞋（钉鞋款）
2251446,68,运动护踝（压缩款）
3694486,68,网球拍（初学者款）
306202,67,乒乓球拍套装（家庭款）
2082734,67,羽毛球拍（入门款）
957385,67,健身课程体验券（私教课）
4220691,67,运动背包（双肩款）
2383838,67,防滑瑜伽垫（天然橡胶款）
2066340,66,美妆蛋（海绵款）
4870877,66,化妆刷清洗剂（免洗款）
3850614,66,睫毛增长液（滋养修护款）
4434812,66,面部按摩仪（EMS微电流款）
1125484,66,美容面膜刷（硅胶柔软款）
1780495,66,防晒喷雾（高倍数款）
5127795,66,美白精华（烟酰胺款）
927764,66,唇膜（果冻款）
2975713,66,眼线笔（极细款）
3885598,66,睫毛膏（防水型）
269234,66,高光粉（液体款）
5101577,65,修容棒（粉饼款）
943641,65,美甲灯（家用款）
2247880,65,美甲工具套装（全套款）
4870077,65,香薰精油套装（复方款）
1544586,65,染发工具（渐变喷雾款）
1421739,65,发蜡（清爽型）
3091480,65,发泥（强力定型款）
3957883,65,定型喷雾（保湿型）
539513,65,美容放大镜（高清款）
884828,65,睫毛滋养液（修复滋养款）
2972679,65,面部清洁仪（离子导入款）
1281227,65,美妆收纳盒（分隔款）
2288113,64,化妆镜（补光款）
63813,64,美甲贴钻（水晶款）
2952458,64,美甲亮片（闪粉款）
1297315,64,美甲UV胶（持久款）
3819363,64,手机镜头套装（微距款）
4989387,64,手机背夹电池（快充款）
2429887,64,无线充电板（磁吸款）
2684959,64,蓝牙耳机（主动降噪款）
3053420,64,耳机收纳盒（硬壳款）
1010656,64,Type-C转接头（弯头款）
1130080,64,Lightning转接头（二合一款）
3607626,64,USB分线器（多接口款）
3083452,64,多功能读卡器（高速传输款）
4334671,63,移动硬盘（2TB款）
48094,63,U盘（256GB款）
1292812,63,笔记本散热支架（静音款）
1730594,63,游戏手柄（震动反馈款）
2306045,63,智能手环（睡眠监测款）
1276979,63,智能插座（APP控制款）
3797203,63,小型投影仪（便携款）
2271402,63,便携式屏幕清洁器（静电吸附款）
3077776,63,电脑摄像头（内置麦克风款）
1382264,63,鼠标垫（RGB灯光款）
3505582,63,键盘防尘罩（硅胶款）
3897386,63,平板保护套（磁吸款）
2997109,63,平板支架（可调节角度款）
1198404,62,手写笔（精准压感款）
1674844,62,游戏耳机（虚拟环绕声款）
1766039,62,游戏鼠标（对称设计款）
4482419,62,电竞键盘（青轴款）
1454470,62,无线路由器（WiFi 6款）
2044304,62,网线钳（多功能款）
4365013,62,水晶头（屏蔽款）
2989452,62,HDMI高清线（镀金款）
3294401,62,VGA转HDMI转换器（4K支持款）
4524771,62,充电线收纳盒（分隔款）
2627103,62,无线蓝牙音箱（户外防水款）
1170772,62,迷你麦克风（直播款）
1252230,61,手机三脚架（桌面款）
3610536,61,自拍补光灯（可调节亮度款）
4387956,61,相机清洁套装（气吹款）
3233128,61,SD存储卡（512GB款）
3323163,61,行车记录仪（双镜头款）
1171434,61,智能家居控制器（语音识别款）
668960,61,智能门铃（夜视高清款）
1953179,61,智能灯泡（场景模式款）
3909718,61,声控音响（低音炮款）
2466971,61,电子闹钟（温湿度显示款）
2043591,61,桌面风扇（夹子款）
2204097,61,手持小风扇（喷雾款）
4191275,60,车载手机支架（伸缩款）
244923,60,车载充电器（PD快充款）
2737340,60,汽车空气净化器（滤芯款）
3448250,60,智能体重秤（多人模式款）
3461734,60,体脂检测仪（蓝牙同步款）
151648,60,便携式电源逆变器（纯正弦波款）
2268637,60,太阳能充电宝（折叠款）
2089582,60,电子书阅读器（背光款）
4995985,60,数码相框（动态照片款）
4896062,60,录音笔（高清降噪款）
864424,59,电子翻译器（拍照翻译款）
3264833,59,智能手写板（手写输入款）
2883724,59,手机信号增强器（定向款）
970338,59,无线耳机挂绳（磁吸款）
1447685,59,耳机绕线器（硅胶款）
1014423,59,降噪耳塞（航空专用款）
2675427,59,智能手表表带（金属款）
2981856,59,VR眼镜（全景3D款）
982081,59,无人机（GPS定位款）
4107781,58,智能追踪器（防丢款）
2754205,58,激光笔（红外款）
2070852,58,电动螺丝刀（多功能款）
2880419,58,电子显微镜（显微观察款）
1829221,58,手机防水袋（全封闭款）
2176263,58,手机屏幕放大器（广角款）
2276883,57,手机壳（磨砂款）
2124307,57,数据线（磁吸款）
5095125,57,无线耳机（骨传导款）
4468927,57,蓝牙音箱（重低音款）
1416713,57,LED台灯（触摸款）
1829891,57,笔记本电脑包（减震款）
4632342,57,中性笔（凝胶墨水款）
5048062,57,文件夹（加厚透明款）
4134062,57,垃圾桶（翻盖款）
2609569,57,衣架（多功能挂钩款）
1126526,57,厨房开瓶器（电动款）
2998328,57,清洁刷（长柄旋转款）
140970,57,牙刷（儿童款）
3222818,57,牙膏（抗龋齿型）
1954691,57,梳子（负离子款）
1213320,57,小型剃须刀（旋转头款）
4223012,57,面膜（清洁型）
1725832,57,指甲油（持久亮泽款）
2672392,56,化妆刷（粉底刷款）
2603528,56,零食礼包（进口零食款）
3234738,56,方便面（拌面料理款）
472273,56,茶包（绿茶款）
3627351,56,速溶咖啡（拿铁风味款）
3995818,56,发圈（细款）
1820842,56,发夹（碎花款）
2917289,56,袜子（五指款）
1249923,56,围巾（披肩款）
79220,56,手套（骑行款）
378698,56,瑜伽垫（双面款）
1415279,56,跳绳（计数电子款）
3512409,56,儿童拼图（拼图地图款）
5066426,56,小型玩偶（盲盒款）
4956511,55,宠物玩具（逗猫棒款）
62469,55,猫抓板（瓦楞纸组合款）
643752,55,宠物喂食器（自动喂食款）
2678170,55,订书机（省力款）
1433774,55,剪刀（裁缝款）
1652543,55,胶带（图案款）
3547172,55,回形针（大号款）
4402326,55,便利贴（异形款）
3587108,55,桌布（防水防油款）
624370,55,收纳盒（抽屉分隔款）
3787157,54,鞋刷（马毛软刷款）
1914382,54,鞋垫（记忆海绵款）
4170829,54,香皂（牛奶款）
2025483,54,洗手液（泡沫型抗菌款）
589018,54,洗衣袋（大容量款）
2626154,54,干燥剂（食品级硅胶款）
4482016,54,防潮袋（衣柜专用款）
3692903,54,空气清新剂（香氛机款）
3252563,54,蚊香（驱蚊液款）
3694648,54,电蚊拍（强电力款）
1793060,54,晾衣架（升降款）
99507,54,晒衣夹（铁质款）
4559624,54,浴室地垫（防霉款）
3422025,54,杯子（马克杯款）
295183,54,餐具套装（竹制款）
2747756,53,保温杯（内胆涂层款）
2253970,53,小型盆栽（苔藓植物款）
603655,53,桌面收纳架（模块化扩展款）
3311020,53,钥匙扣（钥匙圈款）
222147,53,卡包（透明窗口款）
1902453,53,零钱包（迷你款）
16219,53,手提袋（购物袋款）
3922126,53,贴纸（镭射款）
903158,53,书签（丝绸款）
2507053,53,相册（纪念款）
4848899,53,桌游卡牌（角色扮演款）
950439,53,折叠伞（晴雨两用款）
964912,53,太阳镜（偏光驾驶款）
165035,53,发带（运动吸汗款）
2475942,53,耳钉（珍珠款）
3724091,53,戒指（开口调整款）
1075533,53,手链（编绳款）
1015419,52,挂饰（车内香水款）
1414911,52,仿真花（仿真绿植款）
3901339,52,小夜灯（星空投影款）
2875366,52,插座延长线（多孔款）
3758226,52,充电器（多口快充款）
420556,52,移动电源（自带线快充款）
3897299,52,自拍杆（蓝牙款）
4703483,52,手机支架（车载款）
1526484,52,屏幕清洁套装（喷雾型款）
4370528,52,桌面加湿器（静音超声波款）
2512193,52,小型工具箱（家居维修款）
4098379,52,创意摆件（陶瓷款）
3835723,52,香薰蜡烛（香氛款）
1194737,52,火柴盒（复古铁盒款）
4006644,52,小型垃圾桶（带盖款）
2004007,52,桌面吸尘器（无线充电款）
1579551,52,旅行牙刷套装（儿童款）
880704,52,折叠水壶（大容量款）
586496,52,简易画板（可调节角度款）
2478177,52,彩色铅笔（专业级款）
4855945,52,橡皮擦（环保款）
4281067,52,学生尺子（三角尺款）
2415168,52,透明文件袋（加厚款）
2959407,52,小型镜子（补光款）
1366688,52,电子计算器（金融理财款）
989763,52,化妆棉（压缩片款）
715319,52,卸妆水（敏感肌款）
2078551,51,睫毛夹（弧形升级款）
2914063,51,假睫毛（自然款）
1867533,51,眉笔（防水款）
1755681,51,口红（丝绒款）
4317228,51,腮红（液体款）
1672064,51,粉底液（高遮瑕款）
108793,51,隔离霜（修饰毛孔款）
4070504,51,定妆喷雾（控油持妆款）
1308457,51,指甲锉（抛光细腻款）
4722263,51,指甲剪套装（高端款）
529054,51,美甲贴纸（简约款）
1440390,50,护手霜（深层滋润款）
4223213,50,香体喷雾（持久留香款）
3191556,50,运动护腕（加厚款）
4979740,50,运动头带（防滑款）
4827299,50,运动毛巾（速干抗菌款）
3947859,50,小型哑铃（可调节重量款）
3742652,50,弹力带（阻力环款）
600175,50,运动水壶（大容量款）
3425243,50,健身手套（透气耐磨款）
4974254,50,瑜伽砖（环保材质款）
4779633,49,护膝（护髌骨款）
1653613,49,跑步腰包（多功能款）
2665773,49,健身计步器（手环款）
994002,49,自动铅笔（0.7mm款）
2723483,49,彩色荧光笔（12色套装）
3849096,49,活页本（点阵款）
831271,49,订书钉（窄幅款）
1136776,49,修正带（加宽款）
4392650,49,水彩颜料套装（艺术家级款）
4222383,49,毛笔（羊毫款）
1630295,49,画架（户外写生款）
1451041,49,手账胶带（主题定制款）
322805,49,DIY手工材料包（刺绣款）
317647,49,磁性书签（创意款）
3571884,48,文件收纳袋（网格式款）
3132593,48,笔袋（网格款）
3680035,48,创意橡皮（几何款）
2174838,48,钢尺（刻度清晰款）
2810146,48,桌面整理盘（皮革款）
2108531,48,多功能文具盒（磁吸款）
3372283,48,小型白板（双面白板款）
4515486,48,白板笔（粗头款）
4563628,48,文具收纳架（壁挂款）
2130314,48,学生计算器（编程型）
180183,48,字帖练习本（软笔书法）
2988293,48,英语单词卡片（高频短语）
4519460,48,数学练习册（初中版）
4376427,48,科学实验工具套装（化学实验款）
4148477,47,彩色便签条（波浪款）
2834771,47,手工剪刀（绣花款）
3366905,47,纸胶带（星空款）
3749412,47,DIY拼图套装（立体建筑款）
350402,47,手绘模板（动物款）
4561988,47,阅读架（升降款）
3135863,47,折叠书桌灯（可调光款）
1368970,47,运动发带（薄款）
3336289,47,瑜伽袜（露趾款）
1776295,47,健身垫（厚款）
378466,47,跳舞鞋（芭蕾款）
2865017,47,运动内衣（高支撑款）
4537798,47,瑜伽眼罩（遮光款）
4624272,47,健身拉力绳（弹簧款）
2281156,47,短跑训练鞋（钉鞋款）
1609851,47,运动护踝（压缩款）
2419332,47,网球拍（初学者款）
5146409,47,乒乓球拍套装（家庭款）
4329518,47,羽毛球拍（入门款）
1539964,47,健身课程体验券（私教课）
4723396,47,运动背包（双肩款）
661759,46,防滑瑜伽垫（天然橡胶款）
2360985,46,美妆蛋（海绵款）
4214800,46,化妆刷清洗剂（免洗款）
101859,46,睫毛增长液（滋养修护款）
1023710,46,面部按摩仪（EMS微电流款）
3952744,46,美容面膜刷（硅胶柔软款）
3030023,46,防晒喷雾（高倍数款）
1250975,46,美白精华（烟酰胺款）
972597,46,唇膜（果冻款）
4924524,46,眼线笔（极细款）
4553088,46,睫毛膏（防水型）
4750127,46,高光粉（液体款）
2650391,46,修容棒（粉饼款）
3745980,46,美甲灯（家用款）
2553450,46,美甲工具套装（全套款）
2855743,46,香薰精油套装（复方款）
1950665,46,染发工具（渐变喷雾款）
475867,46,发蜡（清爽型）
4804081,46,发泥（强力定型款）
2812993,45,定型喷雾（保湿型）
3141832,45,美容放大镜（高清款）
4889820,45,睫毛滋养液（修复滋养款）
4336538,45,面部清洁仪（离子导入款）
685988,45,美妆收纳盒（分隔款）
4164234,45,化妆镜（补光款）
2214984,45,美甲贴钻（水晶款）
3338209,45,美甲亮片（闪粉款）
4174564,45,美甲UV胶（持久款）
669762,45,手机镜头套装（微距款）
2066743,45,手机背夹电池（快充款）
4450414,45,无线充电板（磁吸款）
2495674,45,蓝牙耳机（主动降噪款）
913035,45,耳机收纳盒（硬壳款）
4258223,45,Type-C转接头（弯头款）
2678392,44,Lightning转接头（二合一款）
3818081,44,USB分线器（多接口款）
246844,44,多功能读卡器（高速传输款）
128357,44,移动硬盘（2TB款）
4321228,44,U盘（256GB款）
88462,44,笔记本散热支架（静音款）
3461439,44,游戏手柄（震动反馈款）
2493530,44,智能手环（睡眠监测款）
2812445,44,智能插座（APP控制款）
3795340,44,小型投影仪（便携款）
307943,44,便携式屏幕清洁器（静电吸附款）
2779062,44,电脑摄像头（内置麦克风款）
4170025,44,鼠标垫（RGB灯光款）
4664549,44,键盘防尘罩（硅胶款）
4956748,44,平板保护套（磁吸款）
1168596,44,平板支架（可调节角度款）
1950457,44,手写笔（精准压感款）
2791234,44,游戏耳机（虚拟环绕声款）
1665989,44,游戏鼠标（对称设计款）
4000233,44,电竞键盘（青轴款）
4713427,43,无线路由器（WiFi 6款）
937781,43,网线钳（多功能款）
4909025,43,水晶头（屏蔽款）
2773917,43,HDMI高清线（镀金款）
3068858,43,VGA转HDMI转换器（4K支持款）
4174407,43,充电线收纳盒（分隔款）
3879225,43,无线蓝牙音箱（户外防水款）
1274818,43,迷你麦克风（直播款）
4036269,43,手机三脚架（桌面款）
861104,43,自拍补光灯（可调节亮度款）
685330,43,相机清洁套装（气吹款）
1180629,43,SD存储卡（512GB款）
2200343,43,行车记录仪（双镜头款）
4527720,43,智能家居控制器（语音识别款）
3250334,42,智能门铃（夜视高清款）
2433733,42,智能灯泡（场景模式款）
268040,42,声控音响（低音炮款）
375240,42,电子闹钟（温湿度显示款）
4813803,42,桌面风扇（夹子款）
3902231,42,手持小风扇（喷雾款）
4835206,42,车载手机支架（伸缩款）
210544,42,车载充电器（PD快充款）
3130892,42,汽车空气净化器（滤芯款）
4015257,42,智能体重秤（多人模式款）
1273811,42,体脂检测仪（蓝牙同步款）
2413296,42,便携式电源逆变器（纯正弦波款）
634034,42,太阳能充电宝（折叠款）
3236397,42,电子书阅读器（背光款）
1996243,42,数码相框（动态照片款）
4212922,42,录音笔（高清降噪款）
2713041,42,电子翻译器（拍照翻译款）
516813,42,智能手写板（手写输入款）
3464786,42,手机信号增强器（定向款）
5024228,42,无线耳机挂绳（磁吸款）
2985553,42,耳机绕线器（硅胶款）
4781613,42,降噪耳塞（航空专用款）
2155313,42,智能手表表带（金属款）
3621778,41,VR眼镜（全景3D款）
3108882,41,无人机（GPS定位款）
3401301,41,智能追踪器（防丢款）
2592038,41,激光笔（红外款）
348175,41,电动螺丝刀（多功能款）
980785,41,电子显微镜（显微观察款）
3589833,41,手机防水袋（全封闭款）
3410573,41,手机屏幕放大器（广角款）
1846937,41,USB风扇
4360192,41,迷你蓝牙音箱
224739,41,LED台灯
4817379,41,笔记本
3876855,41,中性笔
4397248,41,文件夹
4716920,41,垃圾桶
2297311,41,衣架
794153,41,厨房开瓶器
2026907,41,清洁刷
3076855,41,牙刷
4464320,41,牙膏
2111279,41,梳子
3538807,41,小型剃须刀
1487591,41,面膜
545259,40,指甲油
2492705,40,化妆刷
2652700,40,零食礼包
2292764,40,方便面
4113220,40,茶包
720055,40,速溶咖啡
4811586,40,发圈
3715755,40,发夹
1624041,40,袜子
2169876,40,围巾
3763517,40,手套
3175480,40,简易瑜伽垫
4018452,40,跳绳
3833754,40,儿童拼图
1320782,40,小型玩偶
4595718,40,宠物玩具
3057225,40,猫抓板
5083254,40,宠物喂食器
3106495,40,订书机
1628899,40,剪刀
3188631,40,胶带
2092246,40,回形针
3632786,40,便利贴
167871,40,桌布
3033798,39,收纳盒
547478,39,鞋刷
1799984,39,鞋垫
3220984,39,香皂
1910296,39,洗手液
3273619,39,洗衣袋
4082111,39,干燥剂
4491457,39,防潮袋
307335,39,空气清新剂
651666,39,蚊香
4736474,39,电蚊拍
2164274,39,晾衣架
4908092,39,晒衣夹
2023387,39,浴室地垫
4389342,39,杯子
106173,39,餐具套装
3549297,39,保温杯
491223,39,小型盆栽
363144,39,桌面收纳架
2547494,39,钥匙扣
2388400,39,卡包
4761193,39,零钱包
5062853,38,手提袋
1419569,38,贴纸
4544118,38,书签
1972894,38,相册
3141941,38,桌游卡牌
751105,38,折叠伞
2540361,38,太阳镜
2828436,38,发带
860357,38,耳钉
2750247,38,戒指
2565857,38,手链
863775,38,挂饰
103181,38,仿真花
455943,38,小夜灯
3754679,38,插座延长线
2370610,38,充电器
3834430,38,移动电源（小容量）
734809,38,自拍杆
2103768,38,手机支架
996587,38,屏幕清洁套装
3825280,38,桌面加湿器
2612425,38,小型工具箱
3369303,38,创意摆件
2685357,38,香薰蜡烛
633394,38,火柴盒
1356170,38,小型垃圾桶
2740569,38,桌面吸尘器
4943103,38,旅行牙刷套装
1635194,38,折叠水壶
1697889,38,简易画板
3888030,38,彩色铅笔
4161881,38,橡皮擦
4292858,37,学生尺子
4754898,37,透明文件袋
888921,37,小型镜子
605237,37,电子计算器
3641324,37,化妆棉
1483715,37,卸妆水
4078898,37,睫毛夹
380289,37,假睫毛
1423654,37,眉笔
2846152,37,口红（平价款）
3682757,37,腮红
4532706,37,粉底液（小容量）
2914440,37,隔离霜
2905937,37,定妆喷雾
387302,37,指甲锉
3832749,37,指甲剪套装
4139079,37,美甲贴纸
4077585,37,护手霜
3793843,37,香体喷雾
3814016,37,运动护腕
3708707,37,运动头带
3916967,37,运动毛巾
4669265,37,小型哑铃
833866,37,弹力带
3326628,37,运动水壶
4236628,37,健身手套
4069129,37,瑜伽砖
2384561,36,护膝
2037779,36,跑步腰包
3332130,36,健身计步器
1019260,36,自动铅笔
916973,36,彩色荧光笔
1386805,36,活页本
3747517,36,订书钉
1207502,36,修正带
4601757,36,水彩颜料套装
804084,36,毛笔
4830705,36,画架（小型）
693937,36,手账胶带
450756,36,DIY手工材料包
1798340,36,磁性书签
1227327,36,文件收纳袋
3944885,36,笔袋
4774660,36,创意橡皮
70270,36,钢尺
2429775,36,桌面整理盘
4613485,36,多功能文具盒
2588049,36,小型白板
1135708,36,白板笔
959452,36,文具收纳架
1730162,36,学生计算器
2512968,36,字帖练习本
5029362,36,英语单词卡片
4725649,36,数学练习册
1592513,36,科学实验工具套装（儿童版）
1298828,36,彩色便签条
5053648,35,手工剪刀
728641,35,纸胶带
1885829,35,DIY拼图套装
4776297,35,手绘模板
2550060,35,阅读架
1708445,35,折叠书桌灯
1406509,35,运动发带
2992356,35,瑜伽袜
1945301,35,健身垫（加厚款）
3627665,35,跳舞鞋
3230200,35,运动内衣
2066454,35,瑜伽眼罩
3289997,35,健身拉力绳
4928116,35,短跑训练鞋
665090,35,运动护踝
3173741,35,网球拍（入门款）
1827100,35,乒乓球拍套装
721242,35,羽毛球拍（轻量款）
1891626,35,健身课程体验券
171128,35,运动背包
24104,34,防滑瑜伽垫
4653800,34,美妆蛋
3466318,34,化妆刷清洗剂
1485156,34,睫毛增长液
5148696,34,面部按摩仪（简易款）
3759918,34,美容面膜刷
393663,34,防晒喷雾
2738312,34,美白精华（小样装）
2950381,34,唇膜
2233438,34,眼线笔
4980376,34,睫毛膏
52368,34,高光粉
4085342,34,修容棒
841380,34,美甲灯（迷你款）
1807584,34,美甲工具套装
4550135,34,香薰精油套装
212449,34,染发工具（一次性）
3653910,34,发蜡
2706436,34,发泥
2003083,34,定型喷雾
4451955,34,美容放大镜
4656948,34,睫毛滋养液
1215367,34,面部清洁仪（基础款）
773961,34,美妆收纳盒
1109050,34,化妆镜（带灯光）
2656238,34,美甲贴钻
3554917,34,美甲亮片
2242620,34,美甲UV胶
145519,34,手机支架（桌面款）
4119922,34,手机镜头套装（广角/微距）
2212343,33,手机背夹电池
2496932,33,无线充电板
1916025,33,蓝牙耳机（平价款）
376840,33,耳机收纳盒
2259994,33,Type-C转接头
327651,33,Lightning转接头
4326723,33,USB分线器
1920171,33,多功能读卡器
1811343,33,移动硬盘（小容量）
2673821,33,U盘（32GB/64GB）
67918,33,笔记本散热支架
385383,33,游戏手柄（手机用）
3988258,33,智能手环（基础款）
1519819,33,智能插座
2313724,33,小型投影仪（入门款）
1171519,33,便携式屏幕清洁器
22257,33,电脑摄像头（高清款）
1497533,33,鼠标垫（发光款）
2555621,33,键盘防尘罩
3030258,33,笔记本电脑包
4842079,33,平板保护套
3900668,33,平板支架（可调节）
2272151,33,手写笔（电容屏用）
61626,33,游戏耳机（入门款）
3852520,32,游戏鼠标（轻量款）
588463,32,电竞键盘（薄膜款）
255969,32,无线路由器（家用款）
1109293,32,网线钳
1204223,32,水晶头（RJ45）
1759909,32,HDMI高清线
4736710,32,VGA转HDMI转换器
2457421,32,充电线收纳盒
1944905,32,无线蓝牙音箱（迷你款）
4649218,32,迷你麦克风（直播用）
285048,32,手机三脚架
1086659,32,自拍补光灯
2727862,32,相机清洁套装
1868174,32,SD存储卡（64GB/128GB）
2885889,32,行车记录仪（基础款）
4850194,32,智能家居控制器
2250828,32,智能门铃（简易款）
2091359,32,智能灯泡（可调色）
3834955,32,声控音响（小型）
2809407,32,电子闹钟（简约款）
3663224,32,桌面风扇（USB供电）
2983928,32,手持小风扇（充电款）
739663,32,车载手机支架
4239038,32,车载充电器
2431602,32,汽车空气净化器
4718542,32,智能体重秤
3536601,32,体脂检测仪
720666,31,便携式电源逆变器
139590,31,太阳能充电宝
4261392,31,电子书阅读器（基础款）
205968,31,数码相框（小型）
2977465,31,录音笔（便携款）
1637260,31,电子翻译器
1306853,31,智能手写板
4156438,31,手机信号增强器
2455825,31,无线耳机挂绳
277383,31,耳机绕线器
4708348,31,降噪耳塞（电子款）
735872,31,智能手表表带
1301428,31,VR眼镜（入门款）
466806,31,无人机（迷你款）
4071732,31,智能追踪器（防丢器）
4056794,31,激光笔（教学用）
963661,31,电动螺丝刀（小型）
3890915,31,电子显微镜（便携款）
1783423,31,手机防水袋
3609849,31,手机屏幕放大器
4182213,31,手机壳（磁吸款）
4983053,31,数据线收纳扣
2611736,31,无线充电器支架
4443922,31,智能夜灯（感应款）
3034658,31,智能窗帘控制器
4830058,31,智能遥控器
3232886,31,智能扫地机器人（基础款）
1780349,31,智能语音助手（入门款）
1626599,31,电子称重勺
3300651,31,电子厨房计时器
4683311,31,智能保温杯
1443292,31,便携式WiFi热点
378056,30,无线网卡（USB款）
4976066,30,电脑屏幕挂灯
669425,30,笔记本电脑支架
428513,30,USB声卡
4340213,30,降噪耳机（平价款）
2370648,30,游戏方向盘（简易款）
3190175,30,游戏座椅垫
1922400,30,电竞耳机支架
266727,30,智能健康手环
3648733,30,智能睡眠眼罩
1873826,30,智能水杯
1891872,30,智能插座定时器
3807068,30,手机K歌麦克风
1812396,30,电子节拍器
2367907,30,USB加湿器（小型）
809709,30,手机壳（透明款）
3749027,30,数据线（编织材质）
2062239,30,无线耳机（降噪款）
4397687,30,蓝牙音箱（户外款）
4738961,30,LED台灯（折叠款）
1066563,30,笔记本电脑包（防震款）
5029530,30,中性笔（速干墨水）
4089476,30,文件夹（加厚款）
2113224,30,垃圾桶（脚踏式）
1080925,30,衣架（防滑款）
3362038,30,厨房开瓶器（多功能）
1177618,30,清洁刷（长柄款）
3776999,30,牙刷（电动款）
1037069,30,牙膏（美白型）
1622413,30,梳子（防静电）
2077723,30,小型剃须刀（充电款）
653249,30,面膜（补水型）
3206451,30,指甲油（持久款）
2884555,30,化妆刷（套装）
3736158,29,零食礼包（坚果类）
802833,29,方便面（大碗装）
2480068,29,茶包（花果茶）
579105,29,速溶咖啡（低糖款）
1993741,29,发圈（弹性款）
2887965,29,发夹（珍珠装饰）
5120683,29,袜子（纯棉款）
1276095,29,围巾（针织款）
3747586,29,手套（触屏款）
2505953,29,瑜伽垫（专业款）
475593,29,跳绳（计数款）
2710853,29,儿童拼图（益智款）
1858817,29,小型玩偶（毛绒款）
174490,29,宠物玩具（耐咬款）
2733586,29,猫抓板（瓦楞纸款）
1239603,29,宠物喂食器（自动款）
2013622,29,订书机（迷你款）
1207256,29,剪刀（不锈钢款）
2786309,29,胶带（双面款）
2165636,29,回形针（彩色款）
222559,29,便利贴（荧光款）
3739206,29,桌布（防水款）
114333,29,收纳盒（抽屉式）
1408807,29,鞋刷（猪毛款）
3630197,29,鞋垫（硅胶款）
3817036,29,香皂（手工款）
4100652,29,洗手液（泡沫型）
10235,29,洗衣袋（网状款）
4622605,29,干燥剂（食品级）
2532699,29,防潮袋（衣柜用）
1521068,29,空气清新剂（喷雾款）
2390349,29,蚊香（无烟款）
2371594,29,电蚊拍（可充电）
4042890,29,晾衣架（伸缩款）
3735942,28,晒衣夹（塑料款）
2352811,28,浴室地垫（吸水款）
22892,28,杯子（保温款）
1418582,28,餐具套装（陶瓷款）
2698437,28,保温杯（轻量款）
4645906,28,小型盆栽（多肉植物）
3448205,28,桌面收纳架（分层款）
2287226,28,钥匙扣（卡通款）
4312352,28,卡包（真皮款）
2160208,28,零钱包（拉链款）
3314621,28,手提袋（环保款）
2145555,28,贴纸（防水款）
4144410,28,书签（金属款）
133742,28,相册（硬壳款）
1368409,28,桌游卡牌（经典款）
4615962,28,折叠伞（抗风款）
1693998,28,太阳镜（偏光款）
4892920,28,发带（运动款）
1574064,28,耳钉（简约款）
1082035,28,戒指（开口款）
5142197,28,手链（串珠款）
1643094,28,挂饰（车内用）
1500130,27,仿真花（玫瑰款）
1560806,27,小夜灯（星空款）
4598394,27,插座延长线（带开关）
4715451,27,充电器（快充款）
713731,27,移动电源（大容量）
820364,27,自拍杆（三脚架款）
2582254,27,手机支架（磁吸款）
2794490,27,屏幕清洁套装（喷雾型）
2208169,27,桌面加湿器（静音款）
1462965,27,小型工具箱（家用款）
2723232,27,创意摆件（动物造型）
1030331,27,香薰蜡烛（精油款）
5057769,27,火柴盒（复古款）
1992078,27,小型垃圾桶（桌面款）
2729260,27,桌面吸尘器（无线款）
1647415,27,旅行牙刷套装（便携款）
4369584,27,折叠水壶（食品级）
3255355,27,简易画板（木质款）
1756314,27,彩色铅笔（水溶性）
454555,27,橡皮擦（无屑款）
526781,27,学生尺子（透明款）
1763474,27,透明文件袋（A4尺寸）
1755663,27,小型镜子（化妆款）
4173539,27,电子计算器（科学型）
3436852,27,化妆棉（压缩款）
4822722,27,卸妆水（温和型）
4530743,27,睫毛夹（加热款）
1462051,27,假睫毛（自然款）
2642752,27,眉笔（自动款）
93002,27,口红（哑光款）
858756,27,腮红（粉状款）
2223246,27,粉底液（遮瑕型）
48178,27,隔离霜（防晒型）
592161,27,定妆喷雾（保湿型）
2429142,27,指甲锉（金刚砂款）
4892060,26,指甲剪套装（便携款）
3395587,26,美甲贴纸（渐变款）
878325,26,护手霜（滋润型）
1343413,26,香体喷雾（持久款）
4356686,26,运动护腕（透气款）
3053182,26,运动头带（吸汗款）
922588,26,运动毛巾（速干款）
4942468,26,小型哑铃（可调节款）
226341,26,弹力带（多种阻力）
796075,26,运动水壶（刻度款）
3940193,26,健身手套（防滑款）
3950077,26,瑜伽砖（环保材质）
2960717,26,护膝（加厚款）
5048770,26,跑步腰包（轻便款）
2028981,26,健身计步器（智能款）
151831,26,自动铅笔（0.5mm）
1489094,26,彩色荧光笔（6色套装）
4424369,26,活页本（网格款）
1741711,26,订书钉（标准款）
1633142,26,修正带（宽幅款）
1482769,26,水彩颜料套装（24色）
2139021,26,毛笔（狼毫款）
1167492,26,画架（折叠款）
341057,26,手账胶带（主题款）
4776549,26,DIY手工材料包（刺绣款）
4829999,26,磁性书签（金属款）
1552636,26,文件收纳袋（透明款）
4419230,26,笔袋（帆布款）
1550383,26,创意橡皮（动物造型）
4185664,26,钢尺（不锈钢款）
4174942,26,桌面整理盘（分区款）
745134,26,多功能文具盒（分层款）
545775,26,小型白板（磁性款）
822242,26,白板笔（细头款）
4772448,26,文具收纳架（旋转款）
920038,26,学生计算器（金融型）
2923390,25,字帖练习本（硬笔书法）
3568839,25,英语单词卡片（高频词汇）
3874527,25,数学练习册（小学版）
2012131,25,科学实验工具套装（青少年版）
210158,25,彩色便签条（心形款）
3783852,25,手工剪刀（弯头款）
4671427,25,纸胶带（和风款）
3596683,25,DIY拼图套装（3D立体）
3248341,25,手绘模板（花卉款）
4296516,25,阅读架（可调角度款）
4320339,25,折叠书桌灯（触摸款）
5008322,25,运动发带（宽边款）
4046054,25,瑜伽袜（防滑款）
4901004,25,健身垫（超薄款）
1868811,25,跳舞鞋（软底款）
1876707,25,运动内衣（支撑型）
1747827,25,瑜伽眼罩（丝绸款）
1014192,25,健身拉力绳（多段阻力）
3113126,25,短跑训练鞋（轻量化）
4263090,25,运动护踝（高弹力款）
3455871,25,网球拍（进阶款）
2705662,25,乒乓球拍套装（比赛款）
2100611,25,羽毛球拍（碳纤维款）
5134623,25,健身课程体验券（团体课）
15890,25,运动背包（防水款）
898578,25,防滑瑜伽垫（TPE材质）
4003886,25,美妆蛋（气垫款）
1481335,25,化妆刷清洗剂（泡沫型）
3479353,25,睫毛增长液（滋养型）
5052842,25,面部按摩仪（滚轮款）
4904396,25,美容面膜刷（硅胶款）
4844483,25,防晒喷雾（清爽型）
2561712,25,美白精华（安瓶款）
3346906,25,唇膜（夜间修护款）
1764424,25,眼线笔（防水款）
1628030,25,睫毛膏（浓密型）
5048805,24,高光粉（细腻款）
2730467,24,修容棒（双头款）
1655632,24,美甲灯（专业款）
4456596,24,美甲工具套装（高端款）
3100408,24,香薰精油套装（单方款）
3465932,24,染发工具（一次性喷雾）
1315415,24,发蜡（强力定型款）
3593457,24,发泥（哑光效果款）
2798696,24,定型喷雾（持久型）
2652344,24,美容放大镜（带灯款）
1905278,24,睫毛滋养液（修复型）
645479,24,面部清洁仪（声波款）
5045220,24,美妆收纳盒（透明款）
4447409,24,化妆镜（折叠款）
2819188,24,美甲贴钻（闪粉款）
4572192,24,美甲亮片（金葱款）
362151,24,美甲UV胶（多色款）
3667321,24,手机镜头套装（鱼眼款）
2728585,24,手机背夹电池（超薄款）
4481410,24,无线充电板（快充款）
3889118,24,蓝牙耳机（运动款）
1150511,24,耳机收纳盒（硅胶款）
4525249,24,Type-C转接头（铝合金款）
4437368,24,Lightning转接头（镀金款）
1383956,24,USB分线器（4口款）
329040,24,多功能读卡器（高速款）
3405071,24,移动硬盘（1TB款）
4132735,24,U盘（128GB款）
4201517,24,笔记本散热支架（升降款）
3556548,24,游戏手柄（PC兼容款）
3415505,24,智能手环（心率监测款）
1373144,24,智能插座（语音控制款）
702060,24,小型投影仪（高清款）
4581579,24,便携式屏幕清洁器（纳米纤维款）
677862,24,电脑摄像头（广角款）
944342,24,鼠标垫（加厚款）
3416804,24,键盘防尘罩（全尺寸款）
558667,23,平板保护套（翻盖款）
2326411,23,平板支架（铝合金款）
1488577,23,手写笔（压感款）
666497,23,游戏耳机（7.1声道款）
1589379,23,游戏鼠标（RGB灯光款）
2210217,23,电竞键盘（机械轴款）
761059,23,无线路由器（千兆款）
4792801,23,网线钳（自动剥线款）
4503832,23,水晶头（镀金款）
3941877,23,HDMI高清线（2米款）
2058468,23,VGA转HDMI转换器（带音频款）
1702898,23,充电线收纳盒（磁吸款）
2064458,23,无线蓝牙音箱（重低音款）
416088,23,迷你麦克风（K歌款）
577329,23,手机三脚架（八爪鱼款）
2310649,23,自拍补光灯（环形款）
3590468,23,相机清洁套装（专业款）
4768477,23,SD存储卡（256GB款）
906800,23,行车记录仪（夜视款）
2200766,23,智能家居控制器（多设备兼容款）
3286162,23,智能门铃（高清摄像款）
1803510,23,智能灯泡（WiFi控制款）
4939021,23,声控音响（Hi-Fi款）
451092,23,电子闹钟（投影款）
1016735,23,桌面风扇（静音款）
119365,23,手持小风扇（挂脖款）
820727,23,车载手机支架（磁吸款）
2777825,23,车载充电器（双口款）
3674869,23,汽车空气净化器（负离子款）
1448912,23,智能体重秤（人体成分分析款）
3982336,23,体脂检测仪（蓝牙款）
720513,23,便携式电源逆变器（正弦波款）
1151753,22,太阳能充电宝（大容量款）
4879255,22,电子书阅读器（护眼款）
3147850,22,数码相框（高清触屏款）
305253,22,录音笔（降噪款）
4737339,22,电子翻译器（离线款）
2161504,22,智能手写板（APP同步款）
3519978,22,手机信号增强器（全频段款）
3169295,22,无线耳机挂绳（硅胶款）
2183874,22,耳机绕线器（磁吸款）
4847313,22,降噪耳塞（睡眠专用款）
2513189,22,智能手表表带（尼龙款）
2533566,22,VR眼镜（4K分辨率款）
3100080,22,无人机（航拍款）
807963,22,智能追踪器（全球定位款）
3124169,22,激光笔（绿光款）
3148538,22,电动螺丝刀（锂电款）
1404020,22,电子显微镜（1000倍款）
8409,22,手机防水袋（潜水款）
3777010,22,手机屏幕放大器（折叠款）
2148681,22,手机壳（液态硅胶款）
83079,22,数据线收纳扣（魔术贴款）
719442,22,无线充电器支架（立式款）
2714703,22,智能夜灯（感应亮度款）
4806751,22,智能窗帘控制器（遥控款）
4372759,22,智能遥控器（万能款）
1569885,22,智能扫地机器人（拖地一体款）
201867,22,智能语音助手（多语言款）
807138,22,电子称重勺（精准款）
499642,22,电子厨房计时器（倒计时款）
3059103,22,智能保温杯（温度显示款）
2316980,22,便携式WiFi热点（4G款）
2585015,21,无线网卡（PCI-E款）
3779986,21,电脑屏幕挂灯（护眼款）
1239912,21,笔记本电脑支架（铝制款）
3147601,21,USB声卡（外置款）
387633,21,降噪耳机（主动降噪款）
800190,21,游戏方向盘（带换挡款）
3572920,21,游戏座椅垫（记忆海绵款）
330260,21,电竞耳机支架（桌面款）
998114,21,智能健康手环（血氧监测款）
2016297,21,智能睡眠眼罩（助眠款）
229607,21,智能水杯（定时提醒款）
3307148,21,智能插座定时器（循环设置款）
3617337,21,手机K歌麦克风（混响款）
142492,21,电子节拍器（可视化款）
2465573,21,USB加湿器（香薰款）
805879,21,手机壳（全包款）
425574,21,数据线（尼龙编织款）
337243,21,无线耳机（真无线款）
1274417,21,蓝牙音箱（便携迷你款）
3848874,21,LED台灯（护眼款）
3130529,21,笔记本电脑包（防水款）
2449664,21,中性笔（按动款）
1484280,21,文件夹（PP材质）
4550637,21,垃圾桶（智能感应款）
3290084,21,衣架（多功能款）
722797,21,厨房开瓶器（省力款）
2961648,21,清洁刷（缝隙专用）
5060750,21,牙刷（软毛款）
1012333,21,牙膏（抗敏感型）
3154173,21,梳子（按摩款）
4396417,21,小型剃须刀（干湿两用款）
106589,21,面膜（美白型）
2193925,21,指甲油（快干款）
2690374,21,化妆刷（单支款）
3662596,21,零食礼包（膨化类）
3777112,21,方便面（速食杯装）
2616773,21,茶包（普洱茶）
3458525,21,速溶咖啡（黑咖啡款）
4362740,21,发圈（宽边款）
589513,21,发夹（金属装饰）
1030192,21,袜子（防臭款）
4981586,21,围巾（丝巾款）
4118464,21,手套（保暖款）
647611,21,瑜伽垫（超薄便携款）
4952210,21,跳绳（无绳款）
4566689,20,儿童拼图（木质款）
351048,20,小型玩偶（树脂款）
4683561,20,宠物玩具（发声款）
3415753,20,猫抓板（悬挂款）
2255446,20,宠物喂食器（双碗款）
2859442,20,订书机（重型款）
1633002,20,剪刀（园艺款）
4596941,20,胶带（透明款）
4781861,20,回形针（不锈钢款）
3226383,20,便利贴（可擦写款）
4332472,20,桌布（棉麻款）
3789342,20,收纳盒（折叠款）
1480207,20,鞋刷（马毛款）
2161099,20,鞋垫（活性炭款）
2508333,20,香皂（植物精油款）
1635619,20,洗手液（抑菌型）
3069540,20,洗衣袋（大号款）
2027583,20,干燥剂（硅胶款）
681850,20,防潮袋（密封款）
4764977,20,空气清新剂（固体款）
2071435,20,蚊香（电热款）
2530620,20,电蚊拍（伸缩款）
1479868,20,晾衣架（多层款）
1982376,20,晒衣夹（木制款）
2896749,20,浴室地垫（防滑款）
1981996,20,杯子（玻璃款）
5015375,20,餐具套装（不锈钢款）
1451783,20,保温杯（真空款）
3741236,20,小型盆栽（空气凤梨）
2816302,20,桌面收纳架（模块化款）
1396829,20,钥匙扣（钥匙灯款）
4213030,20,卡包（PVC款）
2633883,20,零钱包（挂链款）
2013864,20,手提袋（帆布款）
4632044,20,贴纸（夜光款）
2001772,20,书签（流苏款）
2129196,20,相册（软皮款）
3566542,20,桌游卡牌（策略款）
4106517,20,折叠伞（自动开合款）
1730376,20,太阳镜（运动款）
4535278,20,发带（丝质款）
2580472,20,耳钉（锆石款）
3556745,20,戒指（镶嵌款）
4695478,20,手链（链条款）
4220654,20,挂饰（钥匙扣款）
5091223,20,仿真花（满天星款）
2415413,20,小夜灯（触控款）
392182,20,插座延长线（防雷款）
2285181,20,充电器（车载款）
3099787,20,移动电源（自带线款）
283109,20,自拍杆（可拆卸款）
1073699,19,手机支架（桌面款）
4181817,19,屏幕清洁套装（纳米纤维款）
3808001,19,桌面加湿器（超声波款）
2803949,19,小型工具箱（多功能款）
3727100,19,创意摆件（树脂款）
1641818,19,香薰蜡烛（浮雕款）
2966276,19,火柴盒（艺术款）
980025,19,小型垃圾桶（翻盖款）
1912148,19,桌面吸尘器（手持款）
994464,19,旅行牙刷套装（电动款）
2243133,19,折叠水壶（耐热款）
3652646,19,简易画板（塑料款）
3982609,19,彩色铅笔（油性款）
1487638,19,橡皮擦（卡通造型款）
1305897,19,学生尺子（波浪款）
2807309,19,透明文件袋（拉链款）
2506339,19,小型镜子（放大款）
3983988,19,电子计算器（工程型）
4159811,19,化妆棉（三层款）
1812605,19,卸妆水（油性款）
3012102,19,睫毛夹（弧形款）
1635363,19,假睫毛（浓密款）
3635558,19,眉笔（三合一功能款）
3099296,19,口红（滋润款）
547606,19,腮红（膏状款）
2647117,19,粉底液（轻薄型）
4924053,19,USB风扇
963285,19,迷你蓝牙音箱
2472174,19,LED台灯
4090730,19,笔记本
479163,19,中性笔
3820684,19,文件夹
703852,19,垃圾桶
271505,19,衣架
2969269,19,厨房开瓶器
5149726,19,清洁刷
4663501,19,牙刷
1431715,19,牙膏
1455555,19,梳子
1540947,19,小型剃须刀
2666911,19,面膜
3740075,19,指甲油
1119638,19,化妆刷
560936,19,零食礼包
4656779,19,方便面
2451199,19,茶包
3358752,19,速溶咖啡
2559494,19,发圈
4896014,19,发夹
4994388,19,袜子
3253440,19,围巾
3803127,19,手套
2783282,19,简易瑜伽垫
4414464,19,跳绳
1598774,19,儿童拼图
2548944,19,小型玩偶
481876,19,宠物玩具
2587645,19,猫抓板
1901483,19,宠物喂食器
1396935,19,订书机
4139726,19,剪刀
3781390,19,胶带
4185300,19,回形针
3336019,19,便利贴
4205050,19,桌布
4372382,19,收纳盒
4528620,19,鞋刷
1952564,19,鞋垫
3283188,19,香皂
2302700,18,洗手液
2346077,18,洗衣袋
784897,18,干燥剂
3519828,18,防潮袋
579914,18,空气清新剂
3453741,18,蚊香
3224824,18,电蚊拍
1442665,18,晾衣架
4497044,18,晒衣夹
2577860,18,浴室地垫
5043656,18,杯子
4227487,18,餐具套装
507291,18,保温杯
3066289,18,小型盆栽
3780203,18,桌面收纳架
2691737,18,钥匙扣
2197032,18,卡包
3501621,18,零钱包
1445597,18,手提袋
3947069,18,贴纸
1498957,18,书签
2620182,18,相册
585280,18,桌游卡牌
4021638,18,折叠伞
4734879,18,太阳镜
571820,18,发带
1896675,18,耳钉
825165,18,戒指
1107469,18,手链
2917711,18,挂饰
399980,18,仿真花
3028359,18,小夜灯
1970375,18,插座延长线
4615159,18,充电器
246830,18,移动电源（小容量）
752128,18,自拍杆
1186260,18,手机支架
1128240,18,屏幕清洁套装
144028,18,桌面加湿器
2918955,18,小型工具箱
2393800,18,创意摆件
878813,18,香薰蜡烛
4226833,18,火柴盒
2692253,18,小型垃圾桶
362750,18,桌面吸尘器
1345364,18,旅行牙刷套装
1962983,18,折叠水壶
216695,18,简易画板
3389104,18,彩色铅笔
1909440,17,橡皮擦
1082838,17,学生尺子
678005,17,透明文件袋
3790162,17,小型镜子
2122530,17,电子计算器
2839395,17,化妆棉
872572,17,卸妆水
1995600,17,睫毛夹
738670,17,假睫毛
1411462,17,眉笔
471212,17,口红（平价款）
552733,17,腮红
546816,17,粉底液（小容量）
4215937,17,隔离霜
1037905,17,定妆喷雾
817164,17,指甲锉
3206951,17,指甲剪套装
2924780,17,美甲贴纸
3028501,17,护手霜
3791863,17,香体喷雾
4039865,17,运动护腕
1946069,17,运动头带
907846,17,运动毛巾
3138353,17,小型哑铃
169865,17,弹力带
362515,17,运动水壶
519791,17,健身手套
2538099,17,瑜伽砖
4127459,17,护膝
2521664,17,跑步腰包
1151115,17,健身计步器
2571201,17,自动铅笔
656392,17,彩色荧光笔
546023,17,活页本
784716,17,订书钉
5138205,17,修正带
2125732,17,水彩颜料套装
1428744,17,毛笔
3394581,17,画架（小型）
3000315,17,手账胶带
3449559,17,DIY手工材料包
4065839,17,磁性书签
2289814,17,文件收纳袋
2328010,17,笔袋
191432,17,创意橡皮
3478346,17,钢尺
378205,17,桌面整理盘
1974051,17,多功能文具盒
3903234,17,小型白板
1461887,17,白板笔
228360,17,文具收纳架
4478620,17,学生计算器
4336046,17,字帖练习本
4808228,17,英语单词卡片
5101104,17,数学练习册
1486580,17,科学实验工具套装（儿童版）
708574,17,彩色便签条
2949136,17,手工剪刀
874007,17,纸胶带
1947578,17,DIY拼图套装
2221025,17,手绘模板
2545868,17,阅读架
4426917,17,折叠书桌灯
3923569,17,运动发带
1149584,17,瑜伽袜
2869260,17,健身垫（加厚款）
3921612,17,跳舞鞋
184939,17,运动内衣
1948588,17,瑜伽眼罩
3758834,17,健身拉力绳
428575,17,短跑训练鞋
122108,16,运动护踝
4257541,16,网球拍（入门款）
172164,16,乒乓球拍套装
4239903,16,羽毛球拍（轻量款）
1161981,16,健身课程体验券
2467853,16,运动背包
2756070,16,防滑瑜伽垫
4044118,16,美妆蛋
5055998,16,化妆刷清洗剂
3812513,16,睫毛增长液
3432434,16,面部按摩仪（简易款）
1613385,16,美容面膜刷
1778777,16,防晒喷雾
3225747,16,美白精华（小样装）
3981531,16,唇膜
759560,16,眼线笔
3611159,16,睫毛膏
355704,16,高光粉
4018900,16,修容棒
467461,16,美甲灯（迷你款）
184290,16,美甲工具套装
3251598,16,香薰精油套装
1956773,16,染发工具（一次性）
1985331,16,发蜡
2925636,16,发泥
3521514,16,定型喷雾
1602933,16,美容放大镜
4758695,16,睫毛滋养液
3073794,16,面部清洁仪（基础款）
1984197,16,美妆收纳盒
164365,16,化妆镜（带灯光）
1132465,16,美甲贴钻
3920188,16,美甲亮片
2664775,16,美甲UV胶
4564007,16,手机支架（桌面款）
4625708,16,手机镜头套装（广角/微距）
2565960,16,手机背夹电池
1434020,16,无线充电板
1556856,16,蓝牙耳机（平价款）
3176755,16,耳机收纳盒
5125081,16,Type-C转接头
2070081,16,Lightning转接头
1237115,16,USB分线器
2759887,16,多功能读卡器
906010,16,移动硬盘（小容量）
803507,16,U盘（32GB/64GB）
1548548,16,笔记本散热支架
436573,16,游戏手柄（手机用）
24976,16,智能手环（基础款）
2345211,16,智能插座
3963773,16,小型投影仪（入门款）
2485713,16,便携式屏幕清洁器
4513450,16,电脑摄像头（高清款）
1252294,15,鼠标垫（发光款）
2316669,15,键盘防尘罩
1363459,15,笔记本电脑包
2508553,15,平板保护套
2168391,15,平板支架（可调节）
4032007,15,手写笔（电容屏用）
1733466,15,游戏耳机（入门款）
1936090,15,游戏鼠标（轻量款）
1281603,15,电竞键盘（薄膜款）
973389,15,无线路由器（家用款）
3780321,15,网线钳
3600397,15,水晶头（RJ45）
4255953,15,HDMI高清线
1222799,15,VGA转HDMI转换器
515200,15,充电线收纳盒
873298,15,无线蓝牙音箱（迷你款）
1127791,15,迷你麦克风（直播用）
3753279,15,手机三脚架
4208912,15,自拍补光灯
2462416,15,相机清洁套装
2976589,15,SD存储卡（64GB/128GB）
3712511,15,行车记录仪（基础款）
3666135,15,智能家居控制器
4989816,15,智能门铃（简易款）
2263836,15,智能灯泡（可调色）
1893541,15,声控音响（小型）
1965689,15,电子闹钟（简约款）
4544743,15,桌面风扇（USB供电）
467835,15,手持小风扇（充电款）
5024947,15,车载手机支架
1532088,15,车载充电器
1877159,15,汽车空气净化器
5074895,15,智能体重秤
1729922,15,体脂检测仪
4739351,15,便携式电源逆变器
1413007,15,太阳能充电宝
4965802,15,电子书阅读器（基础款）
1477455,15,数码相框（小型）
2551289,15,录音笔（便携款）
3483523,15,电子翻译器
3906242,15,智能手写板
2257426,15,手机信号增强器
4295724,15,无线耳机挂绳
4327533,15,耳机绕线器
1493787,15,降噪耳塞（电子款）
247810,15,智能手表表带
2344159,15,VR眼镜（入门款）
112445,15,无人机（迷你款）
3092571,15,智能追踪器（防丢器）
318592,15,激光笔（教学用）
1176344,15,电动螺丝刀（小型）
2729004,15,电子显微镜（便携款）
7769,15,手机防水袋
291898,15,手机屏幕放大器
8109,15,手机壳（磁吸款）
826250,15,数据线收纳扣
4635122,15,无线充电器支架
1833532,15,智能夜灯（感应款）
4669008,15,智能窗帘控制器
635704,15,智能遥控器
3683798,15,智能扫地机器人（基础款）
2765736,15,智能语音助手（入门款）
4026111,15,电子称重勺
959702,15,电子厨房计时器
3358615,15,智能保温杯
3505338,15,便携式WiFi热点
1127151,15,无线网卡（USB款）
4724418,15,电脑屏幕挂灯
558076,15,笔记本电脑支架
3783926,15,USB声卡
499049,14,降噪耳机（平价款）
1516361,14,游戏方向盘（简易款）
2547722,14,游戏座椅垫
1167279,14,电竞耳机支架
3639576,14,智能健康手环
1579789,14,智能睡眠眼罩
1983014,14,智能水杯
1466687,14,智能插座定时器
409729,14,手机K歌麦克风
4352893,14,电子节拍器
1384330,14,USB加湿器（小型）
2103141,14,手机壳（透明款）
3558035,14,数据线（编织材质）
3478714,14,无线耳机（降噪款）
3748100,14,蓝牙音箱（户外款）
3879559,14,LED台灯（折叠款）
4411052,14,笔记本电脑包（防震款）
1245220,14,中性笔（速干墨水）
4122623,14,文件夹（加厚款）
4970201,14,垃圾桶（脚踏式）
771062,14,衣架（防滑款）
314028,14,厨房开瓶器（多功能）
1988611,14,清洁刷（长柄款）
3967525,14,牙刷（电动款）
3348105,14,牙膏（美白型）
3170314,14,梳子（防静电）
3204345,14,小型剃须刀（充电款）
482114,14,面膜（补水型）
194806,14,指甲油（持久款）
2636586,14,化妆刷（套装）
398060,14,零食礼包（坚果类）
561067,14,方便面（大碗装）
2535791,14,茶包（花果茶）
4970240,14,速溶咖啡（低糖款）
899236,14,发圈（弹性款）
4410579,14,发夹（珍珠装饰）
4866919,14,袜子（纯棉款）
1639265,14,围巾（针织款）
4333465,14,手套（触屏款）
1303652,14,瑜伽垫（专业款）
1352609,14,跳绳（计数款）
747109,14,儿童拼图（益智款）
194104,14,小型玩偶（毛绒款）
2637064,14,宠物玩具（耐咬款）
4947302,14,猫抓板（瓦楞纸款）
4602388,14,宠物喂食器（自动款）
3113468,14,订书机（迷你款）
2649129,14,剪刀（不锈钢款）
512076,14,胶带（双面款）
4260727,14,回形针（彩色款）
3672513,14,便利贴（荧光款）
1739706,14,桌布（防水款）
2183205,14,收纳盒（抽屉式）
2986368,14,鞋刷（猪毛款）
3038961,14,鞋垫（硅胶款）
5046388,14,香皂（手工款）
4135404,14,洗手液（泡沫型）
1421972,14,洗衣袋（网状款）
991317,14,干燥剂（食品级）
2860496,14,防潮袋（衣柜用）
3473739,14,空气清新剂（喷雾款）
4315564,14,蚊香（无烟款）
1117098,14,电蚊拍（可充电）
3761180,14,晾衣架（伸缩款）
2399798,14,晒衣夹（塑料款）
27522,14,浴室地垫（吸水款）
3595100,14,杯子（保温款）
2121141,14,餐具套装（陶瓷款）
1694669,14,保温杯（轻量款）
1066674,14,小型盆栽（多肉植物）
3566895,14,桌面收纳架（分层款）
1254330,14,钥匙扣（卡通款）
3709037,14,卡包（真皮款）
4823943,14,零钱包（拉链款）
3937919,14,手提袋（环保款）
4509039,14,贴纸（防水款）
3499323,14,书签（金属款）
1539758,14,相册（硬壳款）
374203,14,桌游卡牌（经典款）
3273035,14,折叠伞（抗风款）
5088091,14,太阳镜（偏光款）
2230040,14,发带（运动款）
453243,14,耳钉（简约款）
381048,14,戒指（开口款）
2854994,14,手链（串珠款）
1004392,13,挂饰（车内用）
1725572,13,仿真花（玫瑰款）
834620,13,小夜灯（星空款）
2064089,13,插座延长线（带开关）
1869802,13,充电器（快充款）
4939776,13,移动电源（大容量）
3042050,13,自拍杆（三脚架款）
1230484,13,手机支架（磁吸款）
276158,13,屏幕清洁套装（喷雾型）
838020,13,桌面加湿器（静音款）
4760804,13,小型工具箱（家用款）
499665,13,创意摆件（动物造型）
1240688,13,香薰蜡烛（精油款）
4829449,13,火柴盒（复古款）
2031969,13,小型垃圾桶（桌面款）
4276422,13,桌面吸尘器（无线款）
294296,13,旅行牙刷套装（便携款）
3893770,13,折叠水壶（食品级）
4555262,13,简易画板（木质款）
4214301,13,彩色铅笔（水溶性）
3282340,13,橡皮擦（无屑款）
2447947,13,学生尺子（透明款）
3798628,13,透明文件袋（A4尺寸）
4661468,13,小型镜子（化妆款）
1626142,13,电子计算器（科学型）
573847,13,化妆棉（压缩款）
2253689,13,卸妆水（温和型）
576099,13,睫毛夹（加热款）
1493374,13,假睫毛（自然款）
3745602,13,眉笔（自动款）
1492316,13,口红（哑光款）
2128694,13,腮红（粉状款）
1397059,13,粉底液（遮瑕型）
4284910,13,隔离霜（防晒型）
2867927,13,定妆喷雾（保湿型）
2677611,13,指甲锉（金刚砂款）
2535661,13,指甲剪套装（便携款）
270397,13,美甲贴纸（渐变款）
1937007,13,护手霜（滋润型）
2197799,13,香体喷雾（持久款）
1643917,13,运动护腕（透气款）
1072393,13,运动头带（吸汗款）
1097635,13,运动毛巾（速干款）
4558340,13,小型哑铃（可调节款）
4356440,13,弹力带（多种阻力）
2275650,13,运动水壶（刻度款）
1561839,13,健身手套（防滑款）
2516799,13,瑜伽砖（环保材质）
4323655,13,护膝（加厚款）
5105973,13,跑步腰包（轻便款）
2322896,13,健身计步器（智能款）
294308,13,自动铅笔（0.5mm）
3386305,13,彩色荧光笔（6色套装）
1577687,13,活页本（网格款）
1897924,13,订书钉（标准款）
3046934,13,修正带（宽幅款）
4282985,13,水彩颜料套装（24色）
4960046,13,毛笔（狼毫款）
1000959,13,画架（折叠款）
1264320,13,手账胶带（主题款）
2018837,13,DIY手工材料包（刺绣款）
2564498,13,磁性书签（金属款）
3247211,13,文件收纳袋（透明款）
214719,13,笔袋（帆布款）
4228623,13,创意橡皮（动物造型）
4193511,13,钢尺（不锈钢款）
2689976,13,桌面整理盘（分区款）
937407,13,多功能文具盒（分层款）
5012555,13,小型白板（磁性款）
128749,13,白板笔（细头款）
982221,13,文具收纳架（旋转款）
3362577,13,学生计算器（金融型）
1398739,13,字帖练习本（硬笔书法）
166326,13,英语单词卡片（高频词汇）
2136933,13,数学练习册（小学版）
2817286,13,科学实验工具套装（青少年版）
1502525,13,彩色便签条（心形款）
4446527,13,手工剪刀（弯头款）
3099552,13,纸胶带（和风款）
104848,13,DIY拼图套装（3D立体）
883306,13,手绘模板（花卉款）
3845884,13,阅读架（可调角度款）
300699,13,折叠书桌灯（触摸款）
219531,13,运动发带（宽边款）
3042127,13,瑜伽袜（防滑款）
1327405,13,健身垫（超薄款）
4265386,12,跳舞鞋（软底款）
1818551,12,运动内衣（支撑型）
5045878,12,瑜伽眼罩（丝绸款）
202156,12,健身拉力绳（多段阻力）
733013,12,短跑训练鞋（轻量化）
2411901,12,运动护踝（高弹力款）
4981793,12,网球拍（进阶款）
481472,12,乒乓球拍套装（比赛款）
1144819,12,羽毛球拍（碳纤维款）
3920794,12,健身课程体验券（团体课）
3744190,12,运动背包（防水款）
4866356,12,防滑瑜伽垫（TPE材质）
3791692,12,美妆蛋（气垫款）
541347,12,化妆刷清洗剂（泡沫型）
3757435,12,睫毛增长液（滋养型）
4216317,12,面部按摩仪（滚轮款）
4699114,12,美容面膜刷（硅胶款）
1813868,12,防晒喷雾（清爽型）
917578,12,美白精华（安瓶款）
432523,12,唇膜（夜间修护款）
1467314,12,眼线笔（防水款）
3064006,12,睫毛膏（浓密型）
1556629,12,高光粉（细腻款）
4684627,12,修容棒（双头款）
4205429,12,美甲灯（专业款）
4867407,12,美甲工具套装（高端款）
1314876,12,香薰精油套装（单方款）
4515292,12,染发工具（一次性喷雾）
3839657,12,发蜡（强力定型款）
897580,12,发泥（哑光效果款）
2134583,12,定型喷雾（持久型）
2774536,12,美容放大镜（带灯款）
5109297,12,睫毛滋养液（修复型）
5030407,12,面部清洁仪（声波款）
230481,12,美妆收纳盒（透明款）
862523,12,化妆镜（折叠款）
3980838,12,美甲贴钻（闪粉款）
1043312,12,美甲亮片（金葱款）
2021738,12,美甲UV胶（多色款）
4410687,12,手机镜头套装（鱼眼款）
414708,12,手机背夹电池（超薄款）
2201622,12,无线充电板（快充款）
3115770,12,蓝牙耳机（运动款）
2129263,12,耳机收纳盒（硅胶款）
377977,12,Type-C转接头（铝合金款）
2851989,12,Lightning转接头（镀金款）
1031083,12,USB分线器（4口款）
4649026,12,多功能读卡器（高速款）
960298,12,移动硬盘（1TB款）
1032185,12,U盘（128GB款）
2728656,12,笔记本散热支架（升降款）
4278744,12,游戏手柄（PC兼容款）
3620998,12,智能手环（心率监测款）
1397898,12,智能插座（语音控制款）
442567,12,小型投影仪（高清款）
316352,12,便携式屏幕清洁器（纳米纤维款）
3446865,12,电脑摄像头（广角款）
3905335,12,鼠标垫（加厚款）
3527242,12,键盘防尘罩（全尺寸款）
3042444,12,平板保护套（翻盖款）
2444955,12,平板支架（铝合金款）
3623883,12,手写笔（压感款）
14900,12,游戏耳机（7.1声道款）
1265208,12,游戏鼠标（RGB灯光款）
3258823,12,电竞键盘（机械轴款）
3866248,12,无线路由器（千兆款）
3814171,12,网线钳（自动剥线款）
954435,12,水晶头（镀金款）
4349907,12,HDMI高清线（2米款）
5140516,12,VGA转HDMI转换器（带音频款）
783366,12,充电线收纳盒（磁吸款）
2038530,12,无线蓝牙音箱（重低音款）
2872294,12,迷你麦克风（K歌款）
462551,12,手机三脚架（八爪鱼款）
2776831,12,自拍补光灯（环形款）
1375362,12,相机清洁套装（专业款）
1986596,12,SD存储卡（256GB款）
3795193,12,行车记录仪（夜视款）
3796606,12,智能家居控制器（多设备兼容款）
4149693,12,智能门铃（高清摄像款）
3105438,12,智能灯泡（WiFi控制款）
83709,12,声控音响（Hi-Fi款）
2830440,12,电子闹钟（投影款）
832574,12,桌面风扇（静音款）
1959284,12,手持小风扇（挂脖款）
1065421,12,车载手机支架（磁吸款）
2671549,12,车载充电器（双口款）
3044192,12,汽车空气净化器（负离子款）
1468632,12,智能体重秤（人体成分分析款）
5156420,12,体脂检测仪（蓝牙款）
2228775,12,便携式电源逆变器（正弦波款）
4135185,12,太阳能充电宝（大容量款）
1692250,12,电子书阅读器（护眼款）
1955064,12,数码相框（高清触屏款）
3754527,12,录音笔（降噪款）
4612213,12,电子翻译器（离线款）
4823567,12,智能手写板（APP同步款）
4854759,12,手机信号增强器（全频段款）
4260877,12,无线耳机挂绳（硅胶款）
3113031,12,耳机绕线器（磁吸款）
2836371,12,降噪耳塞（睡眠专用款）
1434401,12,智能手表表带（尼龙款）
2483206,12,VR眼镜（4K分辨率款）
2554987,12,无人机（航拍款）
65099,12,智能追踪器（全球定位款）
4435957,12,激光笔（绿光款）
2662466,12,电动螺丝刀（锂电款）
2559809,11,电子显微镜（1000倍款）
4934549,11,手机防水袋（潜水款）
711599,11,手机屏幕放大器（折叠款）
1098042,11,手机壳（液态硅胶款）
4304225,11,数据线收纳扣（魔术贴款）
1674316,11,无线充电器支架（立式款）
32318,11,智能夜灯（感应亮度款）
2102739,11,智能窗帘控制器（遥控款）
3255541,11,智能遥控器（万能款）
4338029,11,智能扫地机器人（拖地一体款）
4385918,11,智能语音助手（多语言款）
138081,11,电子称重勺（精准款）
3809700,11,电子厨房计时器（倒计时款）
3931187,11,智能保温杯（温度显示款）
3206550,11,便携式WiFi热点（4G款）
645856,11,无线网卡（PCI-E款）
1978442,11,电脑屏幕挂灯（护眼款）
3832689,11,笔记本电脑支架（铝制款）
3980291,11,USB声卡（外置款）
4207901,11,降噪耳机（主动降噪款）
148169,11,游戏方向盘（带换挡款）
2432451,11,游戏座椅垫（记忆海绵款）
2559185,11,电竞耳机支架（桌面款）
481203,11,智能健康手环（血氧监测款）
4982192,11,智能睡眠眼罩（助眠款）
3080141,11,智能水杯（定时提醒款）
5042232,11,智能插座定时器（循环设置款）
4217061,11,手机K歌麦克风（混响款）
4202143,11,电子节拍器（可视化款）
1699768,11,USB加湿器（香薰款）
80482,11,手机壳（全包款）
2262787,11,数据线（尼龙编织款）
3940352,11,无线耳机（真无线款）
3647870,11,蓝牙音箱（便携迷你款）
244681,11,LED台灯（护眼款）
1178381,11,笔记本电脑包（防水款）
714348,11,中性笔（按动款）
4304606,11,文件夹（PP材质）
2337136,11,垃圾桶（智能感应款）
1729588,11,衣架（多功能款）
2168489,11,厨房开瓶器（省力款）
2801229,11,清洁刷（缝隙专用）
537820,11,牙刷（软毛款）
753591,11,牙膏（抗敏感型）
3084958,11,梳子（按摩款）
2041411,11,小型剃须刀（干湿两用款）
1958275,11,面膜（美白型）
2523199,11,指甲油（快干款）
1272549,11,化妆刷（单支款）
3154837,11,零食礼包（膨化类）
334831,11,方便面（速食杯装）
4940020,11,茶包（普洱茶）
1508998,11,速溶咖啡（黑咖啡款）
1223790,11,发圈（宽边款）
3786139,11,发夹（金属装饰）
3432990,11,袜子（防臭款）
4455776,11,围巾（丝巾款）
2479831,11,手套（保暖款）
5103002,11,瑜伽垫（超薄便携款）
3461081,11,跳绳（无绳款）
3285641,11,儿童拼图（木质款）
4017197,11,小型玩偶（树脂款）
3342150,11,宠物玩具（发声款）
2533979,11,猫抓板（悬挂款）
96655,11,宠物喂食器（双碗款）
2179307,11,订书机（重型款）
1547974,11,剪刀（园艺款）
355362,11,胶带（透明款）
3114694,11,回形针（不锈钢款）
4462274,11,便利贴（可擦写款）
1506939,11,桌布（棉麻款）
1279737,11,收纳盒（折叠款）
4710097,11,鞋刷（马毛款）
3267288,11,鞋垫（活性炭款）
4591425,11,香皂（植物精油款）
1849958,10,洗手液（抑菌型）
2049879,10,洗衣袋（大号款）
4147847,10,干燥剂（硅胶款）
1347228,10,防潮袋（密封款）
4988053,10,空气清新剂（固体款）
2817976,10,蚊香（电热款）
4850337,10,电蚊拍（伸缩款）
3771608,10,晾衣架（多层款）
2566328,10,晒衣夹（木制款）
3131525,10,浴室地垫（防滑款）
1173843,10,杯子（玻璃款）
4049997,10,餐具套装（不锈钢款）
4269511,10,保温杯（真空款）
4425678,10,小型盆栽（空气凤梨）
1340836,10,桌面收纳架（模块化款）
1864286,10,钥匙扣（钥匙灯款）
1537669,10,卡包（PVC款）
4783746,10,零钱包（挂链款）
3324385,10,手提袋（帆布款）
824180,10,贴纸（夜光款）
703717,10,书签（流苏款）
1313865,10,相册（软皮款）
4725921,10,桌游卡牌（策略款）
606970,10,折叠伞（自动开合款）
128908,10,太阳镜（运动款）
380055,10,发带（丝质款）
5015017,10,耳钉（锆石款）
4499281,10,戒指（镶嵌款）
4978351,10,手链（链条款）
4924285,10,挂饰（钥匙扣款）
2187532,10,仿真花（满天星款）
336385,10,小夜灯（触控款）
3142076,10,插座延长线（防雷款）
3575962,10,充电器（车载款）
4113936,10,移动电源（自带线款）
3628508,10,自拍杆（可拆卸款）
221393,10,手机支架（桌面款）
3882728,10,屏幕清洁套装（纳米纤维款）
1350790,10,桌面加湿器（超声波款）
667349,10,小型工具箱（多功能款）
1194451,10,创意摆件（树脂款）
3007355,10,香薰蜡烛（浮雕款）
3211196,10,火柴盒（艺术款）
2245265,10,小型垃圾桶（翻盖款）
2530695,10,桌面吸尘器（手持款）
3815870,10,旅行牙刷套装（电动款）
1683967,10,折叠水壶（耐热款）
3586238,10,简易画板（塑料款）
4974494,10,彩色铅笔（油性款）
376837,10,橡皮擦（卡通造型款）
851937,10,学生尺子（波浪款）
647740,10,透明文件袋（拉链款）
2358943,10,小型镜子（放大款）
1436758,10,电子计算器（工程型）
2578034,10,化妆棉（三层款）
2596518,10,卸妆水（油性款）
315794,10,睫毛夹（弧形款）
1585420,10,假睫毛（浓密款）
3710855,10,眉笔（三合一功能款）
1106292,10,口红（滋润款）
4911196,10,腮红（膏状款）
5158474,10,粉底液（轻薄型）
3021605,10,智能健康手环（心率带款）
1895940,10,智能睡眠眼罩（助眠音乐款）
3742254,10,智能水杯（温度调节款）
4432036,10,智能插座定时器（循环设置款）
306020,10,手机K歌麦克风（混响效果款）
2791755,10,电子节拍器（节奏训练款）
621786,10,USB加湿器（静音款）
5140004,10,手机壳（渐变色款）
1767199,10,数据线（磁吸款）
4612468,10,无线耳机（骨传导款）
4986145,10,蓝牙音箱（重低音款）
4596584,10,LED台灯（触摸款）
282563,10,笔记本电脑包（减震款）
1536770,10,中性笔（凝胶墨水款）
1986754,10,文件夹（加厚透明款）
1960675,10,垃圾桶（翻盖款）
2469855,10,衣架（多功能挂钩款）
3654707,10,厨房开瓶器（电动款）
4791913,10,清洁刷（长柄旋转款）
2729610,10,牙刷（儿童款）
1378235,10,牙膏（抗龋齿型）
1977169,10,梳子（负离子款）
1241067,10,小型剃须刀（旋转头款）
2565645,10,面膜（清洁型）
3770700,10,指甲油（持久亮泽款）
3706169,10,化妆刷（粉底刷款）
4276479,10,零食礼包（进口零食款）
4158422,10,方便面（拌面料理款）
2719067,9,茶包（绿茶款）
413656,9,速溶咖啡（拿铁风味款）
979761,9,发圈（细款）
127525,9,发夹（碎花款）
677459,9,袜子（五指款）
3279507,9,围巾（披肩款）
1310508,9,手套（骑行款）
3987097,9,瑜伽垫（双面款）
3262735,9,跳绳（计数电子款）
4680195,9,儿童拼图（拼图地图款）
4949807,9,小型玩偶（盲盒款）
1790188,9,宠物玩具（逗猫棒款）
1879672,9,猫抓板（瓦楞纸组合款）
1742197,9,宠物喂食器（自动喂食款）
3315940,9,订书机（省力款）
3809976,9,剪刀（裁缝款）
1155625,9,胶带（图案款）
3014132,9,回形针（大号款）
516198,9,便利贴（异形款）
2374634,9,桌布（防水防油款）
704515,9,收纳盒（抽屉分隔款）
748392,9,鞋刷（马毛软刷款）
1581081,9,鞋垫（记忆海绵款）
176556,9,香皂（牛奶款）
3491350,9,洗手液（泡沫型抗菌款）
1565799,9,洗衣袋（大容量款）
2261645,9,干燥剂（食品级硅胶款）
274483,9,防潮袋（衣柜专用款）
3661575,9,空气清新剂（香氛机款）
4960437,9,蚊香（驱蚊液款）
5138762,9,电蚊拍（强电力款）
4357073,9,晾衣架（升降款）
3825436,9,晒衣夹（铁质款）
1855417,9,浴室地垫（防霉款）
2512930,9,杯子（马克杯款）
2185551,9,餐具套装（竹制款）
2500714,9,保温杯（内胆涂层款）
813818,9,小型盆栽（苔藓植物款）
157878,9,桌面收纳架（模块化扩展款）
2171,9,钥匙扣（钥匙圈款）
1069119,9,卡包（透明窗口款）
2327095,9,零钱包（迷你款）
30676,9,手提袋（购物袋款）
3542225,9,贴纸（镭射款）
3917559,9,书签（丝绸款）
1768869,9,相册（纪念款）
4370954,9,桌游卡牌（角色扮演款）
2806798,9,折叠伞（晴雨两用款）
4734633,9,太阳镜（偏光驾驶款）
2471992,9,发带（运动吸汗款）
1996872,9,耳钉（珍珠款）
1357611,9,戒指（开口调整款）
118577,9,手链（编绳款）
76064,9,挂饰（车内香水款）
1769043,9,仿真花（仿真绿植款）
1860533,9,小夜灯（星空投影款）
2341266,9,插座延长线（多孔款）
2578274,9,充电器（多口快充款）
3011767,9,移动电源（自带线快充款）
3057385,9,自拍杆（蓝牙款）
1961543,9,手机支架（车载款）
88511,9,屏幕清洁套装（喷雾型款）
281302,9,桌面加湿器（静音超声波款）
4328342,9,小型工具箱（家居维修款）
3412492,9,创意摆件（陶瓷款）
2978598,9,香薰蜡烛（香氛款）
886708,9,火柴盒（复古铁盒款）
3281371,9,小型垃圾桶（带盖款）
2443475,9,桌面吸尘器（无线充电款）
305857,9,旅行牙刷套装（儿童款）
3177782,9,折叠水壶（大容量款）
3289012,9,简易画板（可调节角度款）
2606924,9,彩色铅笔（专业级款）
2937670,9,橡皮擦（环保款）
4009158,9,学生尺子（三角尺款）
3010113,9,透明文件袋（加厚款）
4672150,9,小型镜子（补光款）
2116789,9,电子计算器（金融理财款）
3330819,9,化妆棉（压缩片款）
1084665,9,卸妆水（敏感肌款）
1947820,9,睫毛夹（弧形升级款）
841074,9,假睫毛（自然款）
654045,9,眉笔（防水款）
551254,9,口红（丝绒款）
3653118,9,腮红（液体款）
3794880,9,粉底液（高遮瑕款）
155091,9,隔离霜（修饰毛孔款）
929749,9,定妆喷雾（控油持妆款）
3773865,9,指甲锉（抛光细腻款）
3717634,9,指甲剪套装（高端款）
5031298,9,美甲贴纸（简约款）
3443560,9,护手霜（深层滋润款）
2602354,9,香体喷雾（持久留香款）
201773,9,运动护腕（加厚款）
2773419,9,运动头带（防滑款）
3157873,9,运动毛巾（速干抗菌款）
1736178,9,小型哑铃（可调节重量款）
4865533,9,弹力带（阻力环款）
3827944,9,运动水壶（大容量款）
3211701,9,健身手套（透气耐磨款）
3835786,9,瑜伽砖（环保材质款）
3996607,9,护膝（护髌骨款）
825827,9,跑步腰包（多功能款）
834876,9,健身计步器（手环款）
4074849,9,自动铅笔（0.7mm款）
2835439,9,彩色荧光笔（12色套装）
3117587,9,活页本（点阵款）
1847649,9,订书钉（窄幅款）
4608278,8,修正带（加宽款）
3922526,8,水彩颜料套装（艺术家级款）
3842534,8,毛笔（羊毫款）
4793189,8,画架（户外写生款）
4128033,8,手账胶带（主题定制款）
4445129,8,DIY手工材料包（刺绣款）
2584932,8,磁性书签（创意款）
357197,8,文件收纳袋（网格式款）
1540741,8,笔袋（网格款）
2062335,8,创意橡皮（几何款）
892254,8,钢尺（刻度清晰款）
1314215,8,桌面整理盘（皮革款）
2460565,8,多功能文具盒（磁吸款）
602012,8,小型白板（双面白板款）
4912031,8,白板笔（粗头款）
3451327,8,文具收纳架（壁挂款）
3816918,8,学生计算器（编程型）
4139570,8,字帖练习本（软笔书法）
3947630,8,英语单词卡片（高频短语）
1899335,8,数学练习册（初中版）
2954645,8,科学实验工具套装（化学实验款）
4154799,8,彩色便签条（波浪款）
1489467,8,手工剪刀（绣花款）
352251,8,纸胶带（星空款）
3757194,8,DIY拼图套装（立体建筑款）
4316584,8,手绘模板（动物款）
2950158,8,阅读架（升降款）
3409341,8,折叠书桌灯（可调光款）
3103283,8,运动发带（薄款）
3704829,8,瑜伽袜（露趾款）
2599558,8,健身垫（厚款）
3747679,8,跳舞鞋（芭蕾款）
4568967,8,运动内衣（高支撑款）
3125533,8,瑜伽眼罩（遮光款）
3464658,8,健身拉力绳（弹簧款）
1174795,8,短跑训练鞋（钉鞋款）
768709,8,运动护踝（压缩款）
3572783,8,网球拍（初学者款）
4551473,8,乒乓球拍套装（家庭款）
1535500,8,羽毛球拍（入门款）
445307,8,健身课程体验券（私教课）
1447294,8,运动背包（双肩款）
476519,8,防滑瑜伽垫（天然橡胶款）
2273944,8,美妆蛋（海绵款）
1388982,8,化妆刷清洗剂（免洗款）
1502931,8,睫毛增长液（滋养修护款）
1117956,8,面部按摩仪（EMS微电流款）
155799,8,美容面膜刷（硅胶柔软款）
502123,8,防晒喷雾（高倍数款）
25849,8,美白精华（烟酰胺款）
12407,8,唇膜（果冻款）
4921353,8,眼线笔（极细款）
2993461,8,睫毛膏（防水型）
1368186,8,高光粉（液体款）
2836123,8,修容棒（粉饼款）
4044753,8,美甲灯（家用款）
4246855,8,美甲工具套装（全套款）
717033,8,香薰精油套装（复方款）
4221401,8,染发工具（渐变喷雾款）
3078074,8,发蜡（清爽型）
4756730,8,发泥（强力定型款）
4754273,8,定型喷雾（保湿型）
4256011,8,美容放大镜（高清款）
4767457,8,睫毛滋养液（修复滋养款）
1386176,8,面部清洁仪（离子导入款）
4840256,8,美妆收纳盒（分隔款）
445662,8,化妆镜（补光款）
1925578,8,美甲贴钻（水晶款）
2073339,8,美甲亮片（闪粉款）
1009667,8,美甲UV胶（持久款）
4083704,8,手机镜头套装（微距款）
4514070,8,手机背夹电池（快充款）
90326,8,无线充电板（磁吸款）
3891335,8,蓝牙耳机（主动降噪款）
1478169,8,耳机收纳盒（硬壳款）
1882323,8,Type-C转接头（弯头款）
1981598,8,Lightning转接头（二合一款）
622741,8,USB分线器（多接口款）
3194089,8,多功能读卡器（高速传输款）
4211233,8,移动硬盘（2TB款）
2436491,8,U盘（256GB款）
3576283,8,笔记本散热支架（静音款）
4081518,8,游戏手柄（震动反馈款）
1248986,8,智能手环（睡眠监测款）
308413,8,智能插座（APP控制款）
1007732,8,小型投影仪（便携款）
3397084,8,便携式屏幕清洁器（静电吸附款）
4045204,8,电脑摄像头（内置麦克风款）
1414261,8,鼠标垫（RGB灯光款）
2229902,8,键盘防尘罩（硅胶款）
1632647,8,平板保护套（磁吸款）
3097358,8,平板支架（可调节角度款）
249261,8,手写笔（精准压感款）
1721893,8,游戏耳机（虚拟环绕声款）
4573973,8,游戏鼠标（对称设计款）
828063,8,电竞键盘（青轴款）
837488,8,无线路由器（WiFi 6款）
2609943,8,网线钳（多功能款）
3862122,8,水晶头（屏蔽款）
1340517,8,HDMI高清线（镀金款）
3533346,8,VGA转HDMI转换器（4K支持款）
2763221,8,充电线收纳盒（分隔款）
4297603,8,无线蓝牙音箱（户外防水款）
2974419,8,迷你麦克风（直播款）
260238,8,手机三脚架（桌面款）
2560419,8,自拍补光灯（可调节亮度款）
3467297,8,相机清洁套装（气吹款）
2553299,8,SD存储卡（512GB款）
598788,8,行车记录仪（双镜头款）
3264733,8,智能家居控制器（语音识别款）
3109662,8,智能门铃（夜视高清款）
2517181,8,智能灯泡（场景模式款）
3447865,8,声控音响（低音炮款）
3003972,8,电子闹钟（温湿度显示款）
3864227,8,桌面风扇（夹子款）
1149385,8,手持小风扇（喷雾款）
2787085,8,车载手机支架（伸缩款）
11120,8,车载充电器（PD快充款）
2480639,8,汽车空气净化器（滤芯款）
1360711,8,智能体重秤（多人模式款）
4493358,8,体脂检测仪（蓝牙同步款）
2807957,8,便携式电源逆变器（纯正弦波款）
2853285,8,太阳能充电宝（折叠款）
262541,8,电子书阅读器（背光款）
197048,7,数码相框（动态照片款）
1821455,7,录音笔（高清降噪款）
921298,7,电子翻译器（拍照翻译款）
4977497,7,智能手写板（手写输入款）
420877,7,手机信号增强器（定向款）
1506691,7,无线耳机挂绳（磁吸款）
278173,7,耳机绕线器（硅胶款）
4112095,7,降噪耳塞（航空专用款）
5004245,7,智能手表表带（金属款）
2285980,7,VR眼镜（全景3D款）
3014848,7,无人机（GPS定位款）
2426100,7,智能追踪器（防丢款）
63690,7,激光笔（红外款）
3757834,7,电动螺丝刀（多功能款）
813789,7,电子显微镜（显微观察款）
609839,7,手机防水袋（全封闭款）
955834,7,手机屏幕放大器（广角款）
5103246,7,手机壳（磨砂款）
4607596,7,数据线（磁吸款）
1094282,7,无线耳机（骨传导款）
2153921,7,蓝牙音箱（重低音款）
1608693,7,LED台灯（触摸款）
3368773,7,笔记本电脑包（减震款）
447553,7,中性笔（凝胶墨水款）
1759436,7,文件夹（加厚透明款）
3448504,7,垃圾桶（翻盖款）
3756841,7,衣架（多功能挂钩款）
2945147,7,厨房开瓶器（电动款）
3538575,7,清洁刷（长柄旋转款）
153309,7,牙刷（儿童款）
1844626,7,牙膏（抗龋齿型）
1119378,7,梳子（负离子款）
1598538,7,小型剃须刀（旋转头款）
3854606,7,面膜（清洁型）
2529055,7,指甲油（持久亮泽款）
2802293,7,化妆刷（粉底刷款）
814566,7,零食礼包（进口零食款）
4953826,7,方便面（拌面料理款）
4399491,7,茶包（绿茶款）
3786362,7,速溶咖啡（拿铁风味款）
770683,7,发圈（细款）
4761031,7,发夹（碎花款）
292885,7,袜子（五指款）
4928051,7,围巾（披肩款）
4524254,7,手套（骑行款）
4274907,7,瑜伽垫（双面款）
4354636,7,跳绳（计数电子款）
2515261,7,儿童拼图（拼图地图款）
3692944,7,小型玩偶（盲盒款）
2540745,7,宠物玩具（逗猫棒款）
3117823,7,猫抓板（瓦楞纸组合款）
4921728,7,宠物喂食器（自动喂食款）
84994,7,订书机（省力款）
1247724,7,剪刀（裁缝款）
4513366,7,胶带（图案款）
4864746,7,回形针（大号款）
4801438,7,便利贴（异形款）
4600680,7,桌布（防水防油款）
1492770,7,收纳盒（抽屉分隔款）
3840905,7,鞋刷（马毛软刷款）
388942,7,鞋垫（记忆海绵款）
5078340,7,香皂（牛奶款）
662603,7,洗手液（泡沫型抗菌款）
999980,7,洗衣袋（大容量款）
4527263,7,干燥剂（食品级硅胶款）
2081312,7,防潮袋（衣柜专用款）
4992952,7,空气清新剂（香氛机款）
1302909,7,蚊香（驱蚊液款）
4014446,7,电蚊拍（强电力款）
1536363,7,晾衣架（升降款）
3818023,7,晒衣夹（铁质款）
259455,7,浴室地垫（防霉款）
4380386,7,杯子（马克杯款）
4917103,7,餐具套装（竹制款）
856543,7,保温杯（内胆涂层款）
3558290,7,小型盆栽（苔藓植物款）
2825431,7,桌面收纳架（模块化扩展款）
990723,7,钥匙扣（钥匙圈款）
764558,7,卡包（透明窗口款）
2233787,7,零钱包（迷你款）
1604026,7,手提袋（购物袋款）
3147028,7,贴纸（镭射款）
2992092,7,书签（丝绸款）
3334995,7,相册（纪念款）
390188,7,桌游卡牌（角色扮演款）
89797,7,折叠伞（晴雨两用款）
434180,7,太阳镜（偏光驾驶款）
633295,7,发带（运动吸汗款）
2280783,7,耳钉（珍珠款）
1112773,7,戒指（开口调整款）
3075153,7,手链（编绳款）
1074900,7,挂饰（车内香水款）
1654824,7,仿真花（仿真绿植款）
152639,7,小夜灯（星空投影款）
4643586,7,插座延长线（多孔款）
3045016,7,充电器（多口快充款）
4784593,7,移动电源（自带线快充款）
4597130,7,自拍杆（蓝牙款）
593235,7,手机支架（车载款）
4055505,7,屏幕清洁套装（喷雾型款）
3176262,7,桌面加湿器（静音超声波款）
4785750,7,小型工具箱（家居维修款）
3070206,7,创意摆件（陶瓷款）
974282,7,香薰蜡烛（香氛款）
1041428,7,火柴盒（复古铁盒款）
2499834,7,小型垃圾桶（带盖款）
2690744,7,桌面吸尘器（无线充电款）
150092,7,旅行牙刷套装（儿童款）
565986,7,折叠水壶（大容量款）
79592,7,简易画板（可调节角度款）
1726863,7,彩色铅笔（专业级款）
4473353,7,橡皮擦（环保款）
2352087,7,学生尺子（三角尺款）
5025773,7,透明文件袋（加厚款）
203249,7,小型镜子（补光款）
2319794,7,电子计算器（金融理财款）
2783482,7,化妆棉（压缩片款）
240681,7,卸妆水（敏感肌款）
4281917,7,睫毛夹（弧形升级款）
3958932,7,假睫毛（自然款）
2097345,7,眉笔（防水款）
2019624,7,口红（丝绒款）
1258041,7,腮红（液体款）
1321409,7,粉底液（高遮瑕款）
2100750,7,隔离霜（修饰毛孔款）
4036672,7,定妆喷雾（控油持妆款）
4963777,7,指甲锉（抛光细腻款）
3047024,7,指甲剪套装（高端款）
1504264,7,美甲贴纸（简约款）
2643222,7,护手霜（深层滋润款）
3523150,7,香体喷雾（持久留香款）
79085,7,运动护腕（加厚款）
1614257,7,运动头带（防滑款）
2923068,7,运动毛巾（速干抗菌款）
1391236,7,小型哑铃（可调节重量款）
255113,7,弹力带（阻力环款）
4398560,7,运动水壶（大容量款）
1798067,7,健身手套（透气耐磨款）
4386059,7,瑜伽砖（环保材质款）
2110377,7,护膝（护髌骨款）
4233539,7,跑步腰包（多功能款）
3647233,7,健身计步器（手环款）
1219760,7,自动铅笔（0.7mm款）
2313162,7,彩色荧光笔（12色套装）
465980,6,活页本（点阵款）
3478949,6,订书钉（窄幅款）
2238843,6,修正带（加宽款）
1350540,6,水彩颜料套装（艺术家级款）
1738105,6,毛笔（羊毫款）
1735195,6,画架（户外写生款）
4276715,6,手账胶带（主题定制款）
4280793,6,DIY手工材料包（刺绣款）
5082011,6,磁性书签（创意款）
2080896,6,文件收纳袋（网格式款）
4578843,6,笔袋（网格款）
2128214,6,创意橡皮（几何款）
1997869,6,钢尺（刻度清晰款）
2270398,6,桌面整理盘（皮革款）
2805482,6,多功能文具盒（磁吸款）
1759733,6,小型白板（双面白板款）
985237,6,白板笔（粗头款）
3072574,6,文具收纳架（壁挂款）
2638664,6,学生计算器（编程型）
139734,6,字帖练习本（软笔书法）
2672589,6,英语单词卡片（高频短语）
1367866,6,数学练习册（初中版）
1059665,6,科学实验工具套装（化学实验款）
3010881,6,彩色便签条（波浪款）
4736122,6,手工剪刀（绣花款）
5067029,6,纸胶带（星空款）
850941,6,DIY拼图套装（立体建筑款）
4268427,6,手绘模板（动物款）
5097436,6,阅读架（升降款）
137459,6,折叠书桌灯（可调光款）
2015942,6,运动发带（薄款）
538518,6,瑜伽袜（露趾款）
328500,6,健身垫（厚款）
4676764,6,跳舞鞋（芭蕾款）
1955349,6,运动内衣（高支撑款）
1617627,6,瑜伽眼罩（遮光款）
3866121,6,健身拉力绳（弹簧款）
2647760,6,短跑训练鞋（钉鞋款）
1826911,6,运动护踝（压缩款）
462791,6,网球拍（初学者款）
1832757,6,乒乓球拍套装（家庭款）
3654847,6,羽毛球拍（入门款）
1960523,6,健身课程体验券（私教课）
1597658,6,运动背包（双肩款）
3772122,6,防滑瑜伽垫（天然橡胶款）
2135940,6,美妆蛋（海绵款）
565751,6,化妆刷清洗剂（免洗款）
1781126,6,睫毛增长液（滋养修护款）
1672186,6,面部按摩仪（EMS微电流款）
4424259,6,美容面膜刷（硅胶柔软款）
2843368,6,防晒喷雾（高倍数款）
3327468,6,美白精华（烟酰胺款）
1133273,6,唇膜（果冻款）
3126591,6,眼线笔（极细款）
486644,6,睫毛膏（防水型）
3068234,6,高光粉（液体款）
2278353,6,修容棒（粉饼款）
674009,6,美甲灯（家用款）
1865211,6,美甲工具套装（全套款）
4960901,6,香薰精油套装（复方款）
4481193,6,染发工具（渐变喷雾款）
3998373,6,发蜡（清爽型）
3494943,6,发泥（强力定型款）
4864403,6,定型喷雾（保湿型）
3289575,6,美容放大镜（高清款）
4524544,6,睫毛滋养液（修复滋养款）
68149,6,面部清洁仪（离子导入款）
104462,6,美妆收纳盒（分隔款）
3389266,6,化妆镜（补光款）
2052384,6,美甲贴钻（水晶款）
2772178,6,美甲亮片（闪粉款）
1794065,6,美甲UV胶（持久款）
3184079,6,手机镜头套装（微距款）
2787897,6,手机背夹电池（快充款）
342575,6,无线充电板（磁吸款）
2518268,6,蓝牙耳机（主动降噪款）
1712657,6,耳机收纳盒（硬壳款）
5119781,6,Type-C转接头（弯头款）
3124121,6,Lightning转接头（二合一款）
86415,6,USB分线器（多接口款）
1524094,6,多功能读卡器（高速传输款）
1180493,6,移动硬盘（2TB款）
2200638,6,U盘（256GB款）
409878,6,笔记本散热支架（静音款）
1254305,6,游戏手柄（震动反馈款）
1829350,6,智能手环（睡眠监测款）
3934761,6,智能插座（APP控制款）
2829779,6,小型投影仪（便携款）
3102658,6,便携式屏幕清洁器（静电吸附款）
436979,6,电脑摄像头（内置麦克风款）
4332163,6,鼠标垫（RGB灯光款）
2169913,6,键盘防尘罩（硅胶款）
1234361,6,平板保护套（磁吸款）
4208686,6,平板支架（可调节角度款）
2860698,6,手写笔（精准压感款）
2141039,6,游戏耳机（虚拟环绕声款）
2105685,6,游戏鼠标（对称设计款）
2323522,6,电竞键盘（青轴款）
599382,6,无线路由器（WiFi 6款）
1432828,6,网线钳（多功能款）
3342722,6,水晶头（屏蔽款）
306490,6,HDMI高清线（镀金款）
2818202,6,VGA转HDMI转换器（4K支持款）
796715,6,充电线收纳盒（分隔款）
553846,6,无线蓝牙音箱（户外防水款）
5060757,6,迷你麦克风（直播款）
3426784,6,手机三脚架（桌面款）
4883014,6,自拍补光灯（可调节亮度款）
1983413,6,相机清洁套装（气吹款）
3155336,6,SD存储卡（512GB款）
168997,6,行车记录仪（双镜头款）
3880080,6,智能家居控制器（语音识别款）
4595580,6,智能门铃（夜视高清款）
3509084,6,智能灯泡（场景模式款）
4176158,6,声控音响（低音炮款）
3550349,6,电子闹钟（温湿度显示款）
2530793,6,USB风扇
186756,6,迷你蓝牙音箱
3622542,6,LED台灯
2407900,6,笔记本
793987,6,中性笔
2505343,6,文件夹
685742,6,垃圾桶
523181,6,衣架
2062378,6,厨房开瓶器
3508256,6,清洁刷
4824934,6,牙刷
3046547,6,牙膏
4205666,6,梳子
1702673,6,小型剃须刀
2192649,6,面膜
3340592,6,指甲油
4358072,6,化妆刷
2790057,6,零食礼包
4202726,6,方便面
3399342,6,茶包
3737607,6,速溶咖啡
158300,6,发圈
2099400,6,发夹
1783394,6,袜子
2271249,6,围巾
2280400,6,手套
4152593,6,简易瑜伽垫
4903093,6,跳绳
3882159,6,儿童拼图
1053312,6,小型玩偶
4243653,6,宠物玩具
5036985,6,猫抓板
2145168,6,宠物喂食器
4875873,6,订书机
298667,6,剪刀
4064281,6,胶带
1414652,6,回形针
1472127,6,便利贴
2468711,6,桌布
3547813,6,收纳盒
1773435,5,鞋刷
3937814,5,鞋垫
984238,5,香皂
1373028,5,洗手液
2277896,5,洗衣袋
2990986,5,干燥剂
1476223,5,防潮袋
1308514,5,空气清新剂
1379027,5,蚊香
1500885,5,电蚊拍
1673948,5,晾衣架
2992045,5,晒衣夹
3573424,5,浴室地垫
3459146,5,杯子
3379070,5,餐具套装
2842504,5,保温杯
4074218,5,小型盆栽
5085490,5,桌面收纳架
2184479,5,钥匙扣
4588256,5,卡包
294080,5,零钱包
73030,5,手提袋
2573693,5,贴纸
2568036,5,书签
2865652,5,相册
1107116,5,桌游卡牌
3510379,5,折叠伞
4891188,5,太阳镜
3150851,5,发带
41527,5,耳钉
2255371,5,戒指
2896348,5,手链
3091219,5,挂饰
561327,5,仿真花
3172967,5,小夜灯
4436461,5,插座延长线
2783415,5,充电器
1651393,5,移动电源（小容量）
2887364,5,自拍杆
873521,5,手机支架
4408422,5,屏幕清洁套装
2552099,5,桌面加湿器
1341913,5,小型工具箱
2400671,5,创意摆件
2435035,5,香薰蜡烛
2768009,5,火柴盒
754344,5,小型垃圾桶
4818679,5,桌面吸尘器
4780027,5,旅行牙刷套装
722302,5,折叠水壶
3715096,5,简易画板
3817434,5,彩色铅笔
1775449,5,橡皮擦
443882,5,学生尺子
5086533,5,透明文件袋
2948088,5,小型镜子
3202037,5,电子计算器
97554,5,化妆棉
3574673,5,卸妆水
2126952,5,睫毛夹
4091042,5,假睫毛
137099,5,眉笔
4801635,5,口红（平价款）
2975968,5,腮红
1940040,5,粉底液（小容量）
4311343,5,隔离霜
105137,5,定妆喷雾
4736875,5,指甲锉
1388497,5,指甲剪套装
4312015,5,美甲贴纸
4933257,5,护手霜
777988,5,香体喷雾
2689922,5,运动护腕
2147829,5,运动头带
2006795,5,运动毛巾
1526654,5,小型哑铃
4270314,5,弹力带
1461957,5,运动水壶
2942460,5,健身手套
3013799,5,瑜伽砖
53004,5,护膝
44158,5,跑步腰包
844212,5,健身计步器
733088,5,自动铅笔
4271180,5,彩色荧光笔
1870458,5,活页本
1835558,5,订书钉
227085,5,修正带
1323134,5,水彩颜料套装
464112,5,毛笔
827837,5,画架（小型）
5138000,5,手账胶带
1635426,5,DIY手工材料包
923586,5,磁性书签
2611885,5,文件收纳袋
4099608,5,笔袋
207891,5,创意橡皮
1088357,5,钢尺
3645611,5,桌面整理盘
1380020,5,多功能文具盒
3092732,5,小型白板
3626061,5,白板笔
4266291,5,文具收纳架
921799,5,学生计算器
1148114,5,字帖练习本
843337,5,英语单词卡片
4254099,5,数学练习册
3113180,5,科学实验工具套装（儿童版）
1089105,5,彩色便签条
4876258,5,手工剪刀
2778829,5,纸胶带
3985369,5,DIY拼图套装
3450589,5,手绘模板
4077781,5,阅读架
1902627,5,折叠书桌灯
2113028,5,运动发带
3827546,5,瑜伽袜
479837,5,健身垫（加厚款）
956971,5,跳舞鞋
2379229,5,运动内衣
4178970,5,瑜伽眼罩
3818487,5,健身拉力绳
5126058,5,短跑训练鞋
2749188,5,运动护踝
4668616,5,网球拍（入门款）
2718441,5,乒乓球拍套装
1266030,5,羽毛球拍（轻量款）
2428385,5,健身课程体验券
811638,5,运动背包
1968315,5,防滑瑜伽垫
2550403,5,美妆蛋
4378501,5,化妆刷清洗剂
4533810,5,睫毛增长液
1236409,5,面部按摩仪（简易款）
2801637,5,美容面膜刷
1280805,5,防晒喷雾
3979081,5,美白精华（小样装）
2051267,5,唇膜
1479983,5,眼线笔
2381796,5,睫毛膏
4279684,5,高光粉
3693205,5,修容棒
3721625,5,美甲灯（迷你款）
1212101,5,美甲工具套装
8254,5,香薰精油套装
671854,5,染发工具（一次性）
623614,5,发蜡
4595260,5,发泥
764716,5,定型喷雾
4878483,5,美容放大镜
1524215,5,睫毛滋养液
4832362,5,面部清洁仪（基础款）
4092319,5,美妆收纳盒
4862609,5,化妆镜（带灯光）
3335403,5,美甲贴钻
4285475,5,美甲亮片
2056438,5,美甲UV胶
4248306,5,手机支架（桌面款）
2993053,5,手机镜头套装（广角/微距）
823219,5,手机背夹电池
3229786,5,无线充电板
4796716,5,蓝牙耳机（平价款）
3634167,5,耳机收纳盒
2931809,5,Type-C转接头
1298735,5,Lightning转接头
513013,5,USB分线器
784204,5,多功能读卡器
482940,5,移动硬盘（小容量）
2160135,5,U盘（32GB/64GB）
4174165,5,笔记本散热支架
549014,5,游戏手柄（手机用）
4304858,5,智能手环（基础款）
4725540,5,智能插座
2702039,5,小型投影仪（入门款）
564928,5,便携式屏幕清洁器
2957371,5,电脑摄像头（高清款）
1932760,5,鼠标垫（发光款）
746548,5,键盘防尘罩
430834,5,笔记本电脑包
3859384,5,平板保护套
1988672,5,平板支架（可调节）
3532737,5,手写笔（电容屏用）
3313438,5,游戏耳机（入门款）
2140895,5,游戏鼠标（轻量款）
3679635,5,电竞键盘（薄膜款）
1918447,5,无线路由器（家用款）
3494977,5,网线钳
2116151,5,水晶头（RJ45）
3305081,5,HDMI高清线
311650,5,VGA转HDMI转换器
778398,5,充电线收纳盒
1079326,5,无线蓝牙音箱（迷你款）
1263562,5,迷你麦克风（直播用）
3701839,5,手机三脚架
3279421,5,自拍补光灯
3432251,5,相机清洁套装
2578010,5,SD存储卡（64GB/128GB）
609791,5,行车记录仪（基础款）
372033,5,智能家居控制器
5037641,5,智能门铃（简易款）
105131,5,智能灯泡（可调色）
443490,5,声控音响（小型）
4209709,5,电子闹钟（简约款）
5041265,5,桌面风扇（USB供电）
4461425,5,手持小风扇（充电款）
888406,4,车载手机支架
3401539,4,车载充电器
363644,4,汽车空气净化器
2620396,4,智能体重秤
1425624,4,体脂检测仪
3286546,4,便携式电源逆变器
3882202,4,太阳能充电宝
4971055,4,电子书阅读器（基础款）
4814620,4,数码相框（小型）
4998889,4,录音笔（便携款）
1692521,4,电子翻译器
1456311,4,智能手写板
4269526,4,手机信号增强器
2573442,4,无线耳机挂绳
4689003,4,耳机绕线器
4234389,4,降噪耳塞（电子款）
3542036,4,智能手表表带
1302259,4,VR眼镜（入门款）
3235112,4,无人机（迷你款）
1121141,4,智能追踪器（防丢器）
4242742,4,激光笔（教学用）
1104822,4,电动螺丝刀（小型）
2773504,4,电子显微镜（便携款）
5035745,4,手机防水袋
2055312,4,手机屏幕放大器
1882924,4,手机壳（磁吸款）
1581018,4,数据线收纳扣
3363059,4,无线充电器支架
2379547,4,智能夜灯（感应款）
1946811,4,智能窗帘控制器
32967,4,智能遥控器
4487980,4,智能扫地机器人（基础款）
1483857,4,智能语音助手（入门款）
3006755,4,电子称重勺
13767,4,电子厨房计时器
4593052,4,智能保温杯
1003726,4,便携式WiFi热点
3381933,4,无线网卡（USB款）
663387,4,电脑屏幕挂灯
4065220,4,笔记本电脑支架
3503604,4,USB声卡
153248,4,降噪耳机（平价款）
1999982,4,游戏方向盘（简易款）
3697658,4,游戏座椅垫
4393800,4,电竞耳机支架
1390851,4,智能健康手环
1896006,4,智能睡眠眼罩
1998227,4,智能水杯
2720496,4,智能插座定时器
4783904,4,手机K歌麦克风
946991,4,电子节拍器
3148589,4,USB加湿器（小型）
604296,4,手机壳（透明款）
2880666,4,数据线（编织材质）
991102,4,无线耳机（降噪款）
4378750,4,蓝牙音箱（户外款）
2737740,4,LED台灯（折叠款）
2796753,4,笔记本电脑包（防震款）
1048697,4,中性笔（速干墨水）
568628,4,文件夹（加厚款）
5161669,4,垃圾桶（脚踏式）
1168771,4,衣架（防滑款）
3726582,4,厨房开瓶器（多功能）
4395670,4,清洁刷（长柄款）
3637176,4,牙刷（电动款）
1023232,4,牙膏（美白型）
2196643,4,梳子（防静电）
324865,4,小型剃须刀（充电款）
2935400,4,面膜（补水型）
1664190,4,指甲油（持久款）
3006470,4,化妆刷（套装）
3731630,4,零食礼包（坚果类）
2543170,4,方便面（大碗装）
334161,4,茶包（花果茶）
3009451,4,速溶咖啡（低糖款）
1422404,4,发圈（弹性款）
2207881,4,发夹（珍珠装饰）
2153943,4,袜子（纯棉款）
4403323,4,围巾（针织款）
4240198,4,手套（触屏款）
2127597,4,瑜伽垫（专业款）
2888100,4,跳绳（计数款）
2724501,4,儿童拼图（益智款）
2283708,4,小型玩偶（毛绒款）
101979,4,宠物玩具（耐咬款）
3244547,4,猫抓板（瓦楞纸款）
1725877,4,宠物喂食器（自动款）
1062391,4,订书机（迷你款）
1063502,4,剪刀（不锈钢款）
2539470,4,胶带（双面款）
3385002,4,回形针（彩色款）
1436375,4,便利贴（荧光款）
402682,4,桌布（防水款）
4641137,4,收纳盒（抽屉式）
3959269,4,鞋刷（猪毛款）
2198870,4,鞋垫（硅胶款）
5025425,4,香皂（手工款）
2484494,4,洗手液（泡沫型）
3093746,4,洗衣袋（网状款）
3032062,4,干燥剂（食品级）
1440065,4,防潮袋（衣柜用）
2559771,4,空气清新剂（喷雾款）
2155994,4,蚊香（无烟款）
1792163,4,电蚊拍（可充电）
4633856,4,晾衣架（伸缩款）
3222568,4,晒衣夹（塑料款）
3258181,4,浴室地垫（吸水款）
699361,4,杯子（保温款）
3850855,4,餐具套装（陶瓷款）
1200699,4,保温杯（轻量款）
1674866,4,小型盆栽（多肉植物）
4821295,4,桌面收纳架（分层款）
1712001,4,钥匙扣（卡通款）
4830567,4,卡包（真皮款）
4063057,4,零钱包（拉链款）
3161951,4,手提袋（环保款）
2740196,4,贴纸（防水款）
4187767,4,书签（金属款）
2833905,4,相册（硬壳款）
3070861,4,桌游卡牌（经典款）
1594549,4,折叠伞（抗风款）
5148857,4,太阳镜（偏光款）
2814177,4,发带（运动款）
1397281,4,耳钉（简约款）
2674605,4,戒指（开口款）
4696539,4,手链（串珠款）
1820067,4,挂饰（车内用）
1565736,4,仿真花（玫瑰款）
4910113,4,小夜灯（星空款）
4389495,4,插座延长线（带开关）
3497174,4,充电器（快充款）
3803527,4,移动电源（大容量）
341247,4,自拍杆（三脚架款）
4587489,4,手机支架（磁吸款）
3522123,4,屏幕清洁套装（喷雾型）
990111,4,桌面加湿器（静音款）
136225,4,小型工具箱（家用款）
2343554,4,创意摆件（动物造型）
5106609,4,香薰蜡烛（精油款）
3545363,4,火柴盒（复古款）
1140902,4,小型垃圾桶（桌面款）
145388,4,桌面吸尘器（无线款）
1696979,4,旅行牙刷套装（便携款）
5064168,4,折叠水壶（食品级）
1260343,4,简易画板（木质款）
3739450,4,彩色铅笔（水溶性）
4307960,4,橡皮擦（无屑款）
4718844,4,学生尺子（透明款）
511680,4,透明文件袋（A4尺寸）
2484261,4,小型镜子（化妆款）
1701471,4,电子计算器（科学型）
3091786,4,化妆棉（压缩款）
1774298,4,卸妆水（温和型）
3139553,4,睫毛夹（加热款）
2016952,4,假睫毛（自然款）
1816843,4,眉笔（自动款）
2716442,4,口红（哑光款）
4698738,4,腮红（粉状款）
2237543,4,粉底液（遮瑕型）
3304099,4,隔离霜（防晒型）
1173453,4,定妆喷雾（保湿型）
1716161,4,指甲锉（金刚砂款）
3355227,4,指甲剪套装（便携款）
4301074,4,美甲贴纸（渐变款）
3877257,4,护手霜（滋润型）
372289,4,香体喷雾（持久款）
2307791,4,运动护腕（透气款）
3430136,4,运动头带（吸汗款）
882098,4,运动毛巾（速干款）
3302877,4,小型哑铃（可调节款）
4785004,4,弹力带（多种阻力）
2053851,4,运动水壶（刻度款）
4783832,4,健身手套（防滑款）
1330074,4,瑜伽砖（环保材质）
3774999,4,护膝（加厚款）
1605765,4,跑步腰包（轻便款）
2921059,4,健身计步器（智能款）
357412,4,自动铅笔（0.5mm）
1754291,4,彩色荧光笔（6色套装）
2267553,4,活页本（网格款）
1158078,4,订书钉（标准款）
578336,4,修正带（宽幅款）
4849381,4,水彩颜料套装（24色）
4220950,4,毛笔（狼毫款）
976550,4,画架（折叠款）
4920960,4,手账胶带（主题款）
4855372,4,DIY手工材料包（刺绣款）
5084833,4,磁性书签（金属款）
3191795,4,文件收纳袋（透明款）
3725578,4,笔袋（帆布款）
2640327,4,创意橡皮（动物造型）
3844851,4,钢尺（不锈钢款）
311509,4,桌面整理盘（分区款）
2587213,4,多功能文具盒（分层款）
4303322,4,小型白板（磁性款）
715950,4,白板笔（细头款）
4376524,4,文具收纳架（旋转款）
1062056,4,学生计算器（金融型）
2611406,4,字帖练习本（硬笔书法）
1282448,4,英语单词卡片（高频词汇）
4473295,4,数学练习册（小学版）
863892,4,科学实验工具套装（青少年版）
2916675,4,彩色便签条（心形款）
1256778,4,手工剪刀（弯头款）
2267067,4,纸胶带（和风款）
12816,4,DIY拼图套装（3D立体）
4738143,4,手绘模板（花卉款）
916706,4,阅读架（可调角度款）
4698156,4,折叠书桌灯（触摸款）
4616007,4,运动发带（宽边款）
4859530,4,瑜伽袜（防滑款）
3244175,4,健身垫（超薄款）
2714949,4,跳舞鞋（软底款）
4093760,4,运动内衣（支撑型）
4775659,4,瑜伽眼罩（丝绸款）
314328,4,健身拉力绳（多段阻力）
4121939,4,短跑训练鞋（轻量化）
3142010,4,运动护踝（高弹力款）
2363129,4,网球拍（进阶款）
926985,4,乒乓球拍套装（比赛款）
3665133,4,羽毛球拍（碳纤维款）
2584074,4,健身课程体验券（团体课）
3041259,4,运动背包（防水款）
4202214,4,防滑瑜伽垫（TPE材质）
1710799,4,美妆蛋（气垫款）
2381650,4,化妆刷清洗剂（泡沫型）
1677989,3,睫毛增长液（滋养型）
892482,3,面部按摩仪（滚轮款）
4412497,3,美容面膜刷（硅胶款）
3317851,3,防晒喷雾（清爽型）
1566469,3,美白精华（安瓶款）
1922064,3,唇膜（夜间修护款）
1881274,3,眼线笔（防水款）
4970836,3,睫毛膏（浓密型）
4770150,3,高光粉（细腻款）
3956037,3,修容棒（双头款）
3354040,3,美甲灯（专业款）
1674186,3,美甲工具套装（高端款）
34885,3,香薰精油套装（单方款）
3588816,3,染发工具（一次性喷雾）
2242999,3,发蜡（强力定型款）
256001,3,发泥（哑光效果款）
2682627,3,定型喷雾（持久型）
87054,3,美容放大镜（带灯款）
1542241,3,睫毛滋养液（修复型）
4357784,3,面部清洁仪（声波款）
3301712,3,美妆收纳盒（透明款）
3165428,3,化妆镜（折叠款）
517474,3,美甲贴钻（闪粉款）
1298222,3,美甲亮片（金葱款）
4503217,3,美甲UV胶（多色款）
98863,3,手机镜头套装（鱼眼款）
801865,3,手机背夹电池（超薄款）
1830489,3,无线充电板（快充款）
3706262,3,蓝牙耳机（运动款）
4652209,3,耳机收纳盒（硅胶款）
2218016,3,Type-C转接头（铝合金款）
930394,3,Lightning转接头（镀金款）
431060,3,USB分线器（4口款）
4423023,3,多功能读卡器（高速款）
1264985,3,移动硬盘（1TB款）
4605315,3,U盘（128GB款）
2910107,3,笔记本散热支架（升降款）
2961228,3,游戏手柄（PC兼容款）
886304,3,智能手环（心率监测款）
3071765,3,智能插座（语音控制款）
2064614,3,小型投影仪（高清款）
1378600,3,便携式屏幕清洁器（纳米纤维款）
4968783,3,电脑摄像头（广角款）
3028146,3,鼠标垫（加厚款）
3901193,3,键盘防尘罩（全尺寸款）
3195765,3,平板保护套（翻盖款）
3781293,3,平板支架（铝合金款）
4107030,3,手写笔（压感款）
4303554,3,游戏耳机（7.1声道款）
4403830,3,游戏鼠标（RGB灯光款）
2751159,3,电竞键盘（机械轴款）
680438,3,无线路由器（千兆款）
5104523,3,网线钳（自动剥线款）
1140683,3,水晶头（镀金款）
4963121,3,HDMI高清线（2米款）
1918078,3,VGA转HDMI转换器（带音频款）
1865209,3,充电线收纳盒（磁吸款）
1885585,3,无线蓝牙音箱（重低音款）
2878347,3,迷你麦克风（K歌款）
4444671,3,手机三脚架（八爪鱼款）
3355708,3,自拍补光灯（环形款）
2534744,3,相机清洁套装（专业款）
2958664,3,SD存储卡（256GB款）
3809593,3,行车记录仪（夜视款）
338881,3,智能家居控制器（多设备兼容款）
2859865,3,智能门铃（高清摄像款）
1024101,3,智能灯泡（WiFi控制款）
2306491,3,声控音响（Hi-Fi款）
457507,3,电子闹钟（投影款）
777142,3,桌面风扇（静音款）
3185579,3,手持小风扇（挂脖款）
4568352,3,车载手机支架（磁吸款）
3253709,3,车载充电器（双口款）
1360533,3,汽车空气净化器（负离子款）
4880845,3,智能体重秤（人体成分分析款）
1088738,3,体脂检测仪（蓝牙款）
757182,3,便携式电源逆变器（正弦波款）
4339963,3,太阳能充电宝（大容量款）
3380746,3,电子书阅读器（护眼款）
2482357,3,数码相框（高清触屏款）
2114916,3,录音笔（降噪款）
815995,3,电子翻译器（离线款）
2855739,3,智能手写板（APP同步款）
3205278,3,手机信号增强器（全频段款）
4510514,3,无线耳机挂绳（硅胶款）
620869,3,耳机绕线器（磁吸款）
4485778,3,降噪耳塞（睡眠专用款）
17710,3,智能手表表带（尼龙款）
4646689,3,VR眼镜（4K分辨率款）
298586,3,无人机（航拍款）
4274280,3,智能追踪器（全球定位款）
2684806,3,激光笔（绿光款）
3405515,3,电动螺丝刀（锂电款）
1136219,3,电子显微镜（1000倍款）
2786875,3,手机防水袋（潜水款）
2670117,3,手机屏幕放大器（折叠款）
2451344,3,手机壳（液态硅胶款）
885811,3,数据线收纳扣（魔术贴款）
4385013,3,无线充电器支架（立式款）
727648,3,智能夜灯（感应亮度款）
2323763,3,智能窗帘控制器（遥控款）
4312292,3,智能遥控器（万能款）
4706843,3,智能扫地机器人（拖地一体款）
3921179,3,智能语音助手（多语言款）
5018044,3,电子称重勺（精准款）
3778921,3,电子厨房计时器（倒计时款）
3287763,3,智能保温杯（温度显示款）
1651662,3,便携式WiFi热点（4G款）
3707926,3,无线网卡（PCI-E款）
1032791,3,电脑屏幕挂灯（护眼款）
3092897,3,笔记本电脑支架（铝制款）
1194311,3,USB声卡（外置款）
4951903,3,降噪耳机（主动降噪款）
2232382,3,游戏方向盘（带换挡款）
4258547,3,游戏座椅垫（记忆海绵款）
814178,3,电竞耳机支架（桌面款）
1751144,3,智能健康手环（血氧监测款）
2237203,3,智能睡眠眼罩（助眠款）
1517505,3,智能水杯（定时提醒款）
119613,3,智能插座定时器（循环设置款）
4245823,3,手机K歌麦克风（混响款）
188263,3,电子节拍器（可视化款）
627715,3,USB加湿器（香薰款）
122751,3,手机壳（全包款）
2270623,3,数据线（尼龙编织款）
802883,3,无线耳机（真无线款）
1321841,3,蓝牙音箱（便携迷你款）
145365,3,LED台灯（护眼款）
2455131,3,笔记本电脑包（防水款）
1660019,3,中性笔（按动款）
1390603,3,文件夹（PP材质）
3488278,3,垃圾桶（智能感应款）
3789709,3,衣架（多功能款）
1602288,3,厨房开瓶器（省力款）
2172093,3,清洁刷（缝隙专用）
3750515,3,牙刷（软毛款）
1597811,3,牙膏（抗敏感型）
82924,3,梳子（按摩款）
3153380,3,小型剃须刀（干湿两用款）
2718588,3,面膜（美白型）
510435,3,指甲油（快干款）
4337219,3,化妆刷（单支款）
3955430,3,零食礼包（膨化类）
588281,3,方便面（速食杯装）
5155355,3,茶包（普洱茶）
4117544,3,速溶咖啡（黑咖啡款）
4007123,3,发圈（宽边款）
2625401,3,发夹（金属装饰）
845370,3,袜子（防臭款）
4511523,3,围巾（丝巾款）
3974031,3,手套（保暖款）
4976839,3,瑜伽垫（超薄便携款）
1997475,3,跳绳（无绳款）
4141851,3,儿童拼图（木质款）
3882401,3,小型玩偶（树脂款）
1838851,3,宠物玩具（发声款）
3697561,3,猫抓板（悬挂款）
4885787,3,宠物喂食器（双碗款）
37135,3,订书机（重型款）
1260607,3,剪刀（园艺款）
1836480,3,胶带（透明款）
2844721,3,回形针（不锈钢款）
2650009,3,便利贴（可擦写款）
2232467,3,桌布（棉麻款）
4035271,3,收纳盒（折叠款）
3813391,3,鞋刷（马毛款）
1106870,3,鞋垫（活性炭款）
3528744,3,香皂（植物精油款）
3184322,3,洗手液（抑菌型）
3729801,3,洗衣袋（大号款）
144725,3,干燥剂（硅胶款）
571588,3,防潮袋（密封款）
5091218,3,空气清新剂（固体款）
1485805,3,蚊香（电热款）
3358347,3,电蚊拍（伸缩款）
4764531,3,晾衣架（多层款）
815579,3,晒衣夹（木制款）
3792077,3,浴室地垫（防滑款）
2177033,3,杯子（玻璃款）
3138002,3,餐具套装（不锈钢款）
2526041,3,保温杯（真空款）
2641982,3,小型盆栽（空气凤梨）
2168009,3,桌面收纳架（模块化款）
83555,3,钥匙扣（钥匙灯款）
3910741,3,卡包（PVC款）
933311,3,零钱包（挂链款）
1555304,3,手提袋（帆布款）
4577044,3,贴纸（夜光款）
3731413,3,书签（流苏款）
2988043,3,相册（软皮款）
597734,3,桌游卡牌（策略款）
832330,3,折叠伞（自动开合款）
3964146,3,太阳镜（运动款）
1680882,3,发带（丝质款）
3908911,3,耳钉（锆石款）
543590,3,戒指（镶嵌款）
3511975,3,手链（链条款）
1350517,3,挂饰（钥匙扣款）
5127288,3,仿真花（满天星款）
294562,3,小夜灯（触控款）
3635345,3,插座延长线（防雷款）
2268678,3,充电器（车载款）
2583941,3,移动电源（自带线款）
291354,3,自拍杆（可拆卸款）
3951528,3,手机支架（桌面款）
4495588,3,屏幕清洁套装（纳米纤维款）
3695273,3,桌面加湿器（超声波款）
5038872,3,小型工具箱（多功能款）
3841239,3,创意摆件（树脂款）
4074845,3,香薰蜡烛（浮雕款）
4551035,3,火柴盒（艺术款）
1938796,3,小型垃圾桶（翻盖款）
2229642,3,桌面吸尘器（手持款）
3847319,3,旅行牙刷套装（电动款）
1900834,3,折叠水壶（耐热款）
3092004,3,简易画板（塑料款）
4365427,3,彩色铅笔（油性款）
2916918,3,橡皮擦（卡通造型款）
4898513,3,学生尺子（波浪款）
2854798,3,透明文件袋（拉链款）
810277,3,小型镜子（放大款）
2609208,3,电子计算器（工程型）
3008185,3,化妆棉（三层款）
4833017,3,卸妆水（油性款）
2288919,3,睫毛夹（弧形款）
3388209,3,假睫毛（浓密款）
1426835,3,眉笔（三合一功能款）
5068521,3,口红（滋润款）
1518394,3,腮红（膏状款）
3445730,3,粉底液（轻薄型）
4659155,3,手机背夹电池（快充款）
4932619,3,无线充电板（磁吸款）
4824517,3,蓝牙耳机（主动降噪款）
3563119,3,耳机收纳盒（硬壳款）
3991166,3,Type-C转接头（弯头款）
524690,3,Lightning转接头（二合一款）
626403,3,USB分线器（多接口款）
4707763,3,多功能读卡器（高速传输款）
2531455,3,移动硬盘（2TB款）
5147697,3,U盘（256GB款）
3514742,3,笔记本散热支架（静音款）
1873646,3,游戏手柄（震动反馈款）
133009,3,智能手环（睡眠监测款）
1728108,3,智能插座（APP控制款）
1365271,3,小型投影仪（便携款）
2438773,3,便携式屏幕清洁器（静电吸附款）
926345,3,电脑摄像头（内置麦克风款）
4526457,3,鼠标垫（RGB灯光款）
2089833,3,键盘防尘罩（硅胶款）
1931469,3,平板保护套（磁吸款）
3722349,3,平板支架（可调节角度款）
3544270,3,手写笔（精准压感款）
211402,3,游戏耳机（虚拟环绕声款）
910741,3,游戏鼠标（对称设计款）
4645521,3,电竞键盘（青轴款）
5115358,3,无线路由器（WiFi 6款）
1424389,3,网线钳（多功能款）
168173,3,水晶头（屏蔽款）
663716,3,HDMI高清线（镀金款）
1694317,3,VGA转HDMI转换器（4K支持款）
203384,3,充电线收纳盒（分隔款）
4534846,3,无线蓝牙音箱（户外防水款）
2657849,3,迷你麦克风（直播款）
1554684,3,手机三脚架（桌面款）
3677418,3,自拍补光灯（可调节亮度款）
4840206,3,相机清洁套装（气吹款）
2481784,3,SD存储卡（512GB款）
4396276,3,行车记录仪（双镜头款）
4826774,3,智能家居控制器（语音识别款）
3105530,3,智能门铃（夜视高清款）
2899233,3,智能灯泡（场景模式款）
1500468,3,声控音响（低音炮款）
4719371,3,电子闹钟（温湿度显示款）
4486005,3,桌面风扇（夹子款）
1348463,3,手持小风扇（喷雾款）
4730017,3,车载手机支架（伸缩款）
102610,3,车载充电器（PD快充款）
1206266,3,汽车空气净化器（滤芯款）
1719660,3,智能体重秤（多人模式款）
2628979,3,体脂检测仪（蓝牙同步款）
1331923,3,便携式电源逆变器（纯正弦波款）
5086773,3,太阳能充电宝（折叠款）
2477357,3,电子书阅读器（背光款）
3883457,3,数码相框（动态照片款）
1992942,3,录音笔（高清降噪款）
2769654,3,电子翻译器（拍照翻译款）
4694009,3,智能手写板（手写输入款）
4842553,3,手机信号增强器（定向款）
1510443,3,无线耳机挂绳（磁吸款）
3506316,3,耳机绕线器（硅胶款）
3427587,3,降噪耳塞（航空专用款）
1604349,3,智能手表表带（金属款）
4981015,3,VR眼镜（全景3D款）
203821,3,无人机（GPS定位款）
4814359,3,智能追踪器（防丢款）
2367548,3,激光笔（红外款）
475026,3,电动螺丝刀（多功能款）
1481346,3,电子显微镜（显微观察款）
293630,3,手机防水袋（全封闭款）
4972311,3,手机屏幕放大器（广角款）
2923285,3,手机壳（磨砂款）
2920833,3,数据线（磁吸款）
2040765,3,无线耳机（骨传导款）
3592798,3,蓝牙音箱（重低音款）
1972463,3,LED台灯（触摸款）
1691915,3,笔记本电脑包（减震款）
4701519,3,中性笔（凝胶墨水款）
1143882,3,文件夹（加厚透明款）
336038,3,垃圾桶（翻盖款）
2687903,3,衣架（多功能挂钩款）
1467164,3,厨房开瓶器（电动款）
409502,3,清洁刷（长柄旋转款）
4911576,3,牙刷（儿童款）
484957,3,牙膏（抗龋齿型）
1745061,3,梳子（负离子款）
1756055,3,小型剃须刀（旋转头款）
2978503,3,面膜（清洁型）
4300418,3,指甲油（持久亮泽款）
5116633,3,化妆刷（粉底刷款）
4197122,3,零食礼包（进口零食款）
1122547,3,方便面（拌面料理款）
337775,3,茶包（绿茶款）
4390513,3,速溶咖啡（拿铁风味款）
4241691,3,发圈（细款）
4256143,3,发夹（碎花款）
792836,3,袜子（五指款）
4640095,3,围巾（披肩款）
4484091,3,手套（骑行款）
4482155,3,瑜伽垫（双面款）
2674882,3,跳绳（计数电子款）
3468569,3,儿童拼图（拼图地图款）
2711467,3,小型玩偶（盲盒款）
3989372,3,宠物玩具（逗猫棒款）
825537,2,猫抓板（瓦楞纸组合款）
3291419,2,宠物喂食器（自动喂食款）
918999,2,订书机（省力款）
2657754,2,剪刀（裁缝款）
3971478,2,胶带（图案款）
4154011,2,回形针（大号款）
2808920,2,便利贴（异形款）
5052904,2,桌布（防水防油款）
2807166,2,收纳盒（抽屉分隔款）
504559,2,鞋刷（马毛软刷款）
2884615,2,鞋垫（记忆海绵款）
3220245,2,香皂（牛奶款）
1381217,2,洗手液（泡沫型抗菌款）
4477045,2,洗衣袋（大容量款）
5155437,2,干燥剂（食品级硅胶款）
3967918,2,防潮袋（衣柜专用款）
1176880,2,空气清新剂（香氛机款）
3266686,2,蚊香（驱蚊液款）
255176,2,电蚊拍（强电力款）
4383631,2,晾衣架（升降款）
2181439,2,晒衣夹（铁质款）
1652168,2,浴室地垫（防霉款）
2787749,2,杯子（马克杯款）
2021104,2,餐具套装（竹制款）
972851,2,保温杯（内胆涂层款）
680827,2,小型盆栽（苔藓植物款）
876499,2,桌面收纳架（模块化扩展款）
396247,2,钥匙扣（钥匙圈款）
842205,2,卡包（透明窗口款）
1823789,2,零钱包（迷你款）
4503969,2,手提袋（购物袋款）
1378332,2,贴纸（镭射款）
2815931,2,书签（丝绸款）
3903617,2,相册（纪念款）
2344666,2,桌游卡牌（角色扮演款）
1825059,2,折叠伞（晴雨两用款）
2288327,2,太阳镜（偏光驾驶款）
4463913,2,发带（运动吸汗款）
2819811,2,耳钉（珍珠款）
4107373,2,戒指（开口调整款）
1396294,2,手链（编绳款）
2699338,2,挂饰（车内香水款）
4765593,2,仿真花（仿真绿植款）
4065978,2,小夜灯（星空投影款）
1120963,2,插座延长线（多孔款）
3174314,2,充电器（多口快充款）
4531179,2,移动电源（自带线快充款）
127286,2,自拍杆（蓝牙款）
4632427,2,手机支架（车载款）
2075481,2,屏幕清洁套装（喷雾型款）
1518771,2,桌面加湿器（静音超声波款）
2687765,2,小型工具箱（家居维修款）
551306,2,创意摆件（陶瓷款）
652979,2,香薰蜡烛（香氛款）
829858,2,火柴盒（复古铁盒款）
3946580,2,小型垃圾桶（带盖款）
1944515,2,桌面吸尘器（无线充电款）
4023334,2,旅行牙刷套装（儿童款）
1776425,2,折叠水壶（大容量款）
2086128,2,简易画板（可调节角度款）
1702525,2,彩色铅笔（专业级款）
4755134,2,橡皮擦（环保款）
3366263,2,学生尺子（三角尺款）
1421085,2,透明文件袋（加厚款）
4278997,2,小型镜子（补光款）
1393144,2,电子计算器（金融理财款）
3543230,2,化妆棉（压缩片款）
1460136,2,卸妆水（敏感肌款）
2104564,2,睫毛夹（弧形升级款）
1627115,2,假睫毛（自然款）
4702145,2,眉笔（防水款）
5059368,2,口红（丝绒款）
2622529,2,腮红（液体款）
143013,2,粉底液（高遮瑕款）
3717662,2,隔离霜（修饰毛孔款）
3013991,2,定妆喷雾（控油持妆款）
3049193,2,指甲锉（抛光细腻款）
1106734,2,指甲剪套装（高端款）
2366076,2,美甲贴纸（简约款）
4017084,2,护手霜（深层滋润款）
3296913,2,香体喷雾（持久留香款）
3483380,2,运动护腕（加厚款）
4670238,2,运动头带（防滑款）
1051222,2,运动毛巾（速干抗菌款）
3025028,2,小型哑铃（可调节重量款）
4374989,2,弹力带（阻力环款）
713342,2,运动水壶（大容量款）
4263693,2,健身手套（透气耐磨款）
605687,2,瑜伽砖（环保材质款）
1261236,2,护膝（护髌骨款）
4832262,2,跑步腰包（多功能款）
1363318,2,健身计步器（手环款）
4735133,2,自动铅笔（0.7mm款）
3854855,2,彩色荧光笔（12色套装）
306342,2,活页本（点阵款）
2602866,2,订书钉（窄幅款）
1524470,2,修正带（加宽款）
3515249,2,水彩颜料套装（艺术家级款）
4252759,2,毛笔（羊毫款）
364125,2,画架（户外写生款）
1182766,2,手账胶带（主题定制款）
300463,2,DIY手工材料包（刺绣款）
599327,2,磁性书签（创意款）
585178,2,文件收纳袋（网格式款）
4701147,2,笔袋（网格款）
4560542,2,创意橡皮（几何款）
1434792,2,钢尺（刻度清晰款）
2823232,2,桌面整理盘（皮革款）
2185731,2,多功能文具盒（磁吸款）
2677371,2,小型白板（双面白板款）
3955696,2,白板笔（粗头款）
2899665,2,文具收纳架（壁挂款）
2907809,2,学生计算器（编程型）
1264586,2,字帖练习本（软笔书法）
673323,2,英语单词卡片（高频短语）
1864538,2,数学练习册（初中版）
1879828,2,科学实验工具套装（化学实验款）
4803457,2,彩色便签条（波浪款）
845239,2,手工剪刀（绣花款）
3208818,2,纸胶带（星空款）
916918,2,DIY拼图套装（立体建筑款）
5073012,2,手绘模板（动物款）
2643858,2,阅读架（升降款）
1987882,2,折叠书桌灯（可调光款）
323198,2,运动发带（薄款）
3256582,2,瑜伽袜（露趾款）
5119295,2,健身垫（厚款）
3092636,2,跳舞鞋（芭蕾款）
660942,2,运动内衣（高支撑款）
2695277,2,瑜伽眼罩（遮光款）
1124123,2,健身拉力绳（弹簧款）
5085754,2,短跑训练鞋（钉鞋款）
872309,2,运动护踝（压缩款）
2586826,2,网球拍（初学者款）
3593058,2,乒乓球拍套装（家庭款）
2227283,2,羽毛球拍（入门款）
3412811,2,健身课程体验券（私教课）
2408143,2,运动背包（双肩款）
4855870,2,防滑瑜伽垫（天然橡胶款）
1294747,2,美妆蛋（海绵款）
268251,2,化妆刷清洗剂（免洗款）
2704015,2,睫毛增长液（滋养修护款）
1323466,2,面部按摩仪（EMS微电流款）
3027785,2,美容面膜刷（硅胶柔软款）
3243754,2,防晒喷雾（高倍数款）
4897452,2,美白精华（烟酰胺款）
4857685,2,唇膜（果冻款）
3326223,2,眼线笔（极细款）
1748831,2,睫毛膏（防水型）
3218826,2,高光粉（液体款）
2602083,2,修容棒（粉饼款）
4272374,2,美甲灯（家用款）
3245753,2,美甲工具套装（全套款）
3689668,2,香薰精油套装（复方款）
1670027,2,染发工具（渐变喷雾款）
2581843,2,发蜡（清爽型）
1283080,2,发泥（强力定型款）
4977749,2,定型喷雾（保湿型）
4809328,2,美容放大镜（高清款）
3381435,2,睫毛滋养液（修复滋养款）
3839011,2,面部清洁仪（离子导入款）
2183707,2,美妆收纳盒（分隔款）
2002445,2,化妆镜（补光款）
4610961,2,美甲贴钻（水晶款）
4118218,2,美甲亮片（闪粉款）
2219395,2,美甲UV胶（持久款）
4953972,2,手机镜头套装（微距款）
3031312,2,手机背夹电池（快充款）
896501,2,无线充电板（磁吸款）
4816147,2,蓝牙耳机（主动降噪款）
4291697,2,耳机收纳盒（硬壳款）
2566194,2,Type-C转接头（弯头款）
3674154,2,Lightning转接头（二合一款）
4011669,2,USB分线器（多接口款）
4893662,2,多功能读卡器（高速传输款）
2412920,2,移动硬盘（2TB款）
2446427,2,U盘（256GB款）
579836,2,笔记本散热支架（静音款）
588668,2,游戏手柄（震动反馈款）
4177487,2,智能手环（睡眠监测款）
2080793,2,智能插座（APP控制款）
3132147,2,小型投影仪（便携款）
1195469,2,便携式屏幕清洁器（静电吸附款）
3515027,2,电脑摄像头（内置麦克风款）
3294880,2,鼠标垫（RGB灯光款）
2755933,2,键盘防尘罩（硅胶款）
3231230,2,平板保护套（磁吸款）
4762296,2,平板支架（可调节角度款）
3962527,2,手写笔（精准压感款）
5047710,2,游戏耳机（虚拟环绕声款）
4355267,2,游戏鼠标（对称设计款）
2326035,2,电竞键盘（青轴款）
584401,2,无线路由器（WiFi 6款）
4048352,2,网线钳（多功能款）
4469639,2,水晶头（屏蔽款）
4427154,2,HDMI高清线（镀金款）
1833378,2,VGA转HDMI转换器（4K支持款）
2964467,2,充电线收纳盒（分隔款）
3576652,2,无线蓝牙音箱（户外防水款）
3146541,2,迷你麦克风（直播款）
1469622,2,手机三脚架（桌面款）
3395036,2,自拍补光灯（可调节亮度款）
3670457,2,相机清洁套装（气吹款）
4218149,2,SD存储卡（512GB款）
4989544,2,行车记录仪（双镜头款）
3521896,2,智能家居控制器（语音识别款）
4032951,2,智能门铃（夜视高清款）
1703906,2,智能灯泡（场景模式款）
866955,2,声控音响（低音炮款）
3828167,2,电子闹钟（温湿度显示款）
1270487,2,桌面风扇（夹子款）
3788039,2,手持小风扇（喷雾款）
3593720,2,车载手机支架（伸缩款）
3140218,2,车载充电器（PD快充款）
992700,2,汽车空气净化器（滤芯款）
1841930,2,智能体重秤（多人模式款）
2692123,2,体脂检测仪（蓝牙同步款）
4793839,2,便携式电源逆变器（纯正弦波款）
4656341,2,太阳能充电宝（折叠款）
1177996,2,电子书阅读器（背光款）
4060157,2,数码相框（动态照片款）
1779458,2,录音笔（高清降噪款）
1868513,2,电子翻译器（拍照翻译款）
3139855,2,智能手写板（手写输入款）
1889065,2,手机信号增强器（定向款）
3282595,2,无线耳机挂绳（磁吸款）
2961571,2,耳机绕线器（硅胶款）
1041861,2,降噪耳塞（航空专用款）
2165094,2,智能手表表带（金属款）
433130,2,VR眼镜（全景3D款）
1610993,2,无人机（GPS定位款）
2594715,2,智能追踪器（防丢款）
1236272,2,激光笔（红外款）
4367680,2,电动螺丝刀（多功能款）
1047470,2,电子显微镜（显微观察款）
377676,2,手机防水袋（全封闭款）
1687159,2,手机屏幕放大器（广角款）
1823759,2,USB风扇
3150455,2,迷你蓝牙音箱
900930,2,LED台灯
3369736,2,笔记本
4502010,2,中性笔
2258475,2,文件夹
4644351,2,垃圾桶
1254635,2,衣架
1459781,2,厨房开瓶器
2295453,2,清洁刷
2739388,2,牙刷
3337462,2,牙膏
2495000,2,梳子
1619893,2,小型剃须刀
2265930,2,面膜
3487664,2,指甲油
2063273,2,化妆刷
1159340,2,零食礼包
2990975,2,方便面
2751130,2,茶包
153544,2,速溶咖啡
408119,2,发圈
4358542,2,发夹
1248349,2,袜子
3813272,2,围巾
613491,2,手套
702162,2,简易瑜伽垫
1753262,2,跳绳
2070466,2,儿童拼图
1711850,2,小型玩偶
1921180,2,宠物玩具
205899,2,猫抓板
1944520,2,宠物喂食器
2845617,2,订书机
360595,2,剪刀
3872498,2,胶带
4911515,2,回形针
3606832,2,便利贴
122524,2,桌布
99763,2,收纳盒
5016461,2,鞋刷
1328592,2,鞋垫
878868,2,香皂
2202773,2,洗手液
4242495,2,洗衣袋
2488933,2,干燥剂
1904657,2,防潮袋
3312216,2,空气清新剂
2881914,2,蚊香
4094201,2,电蚊拍
425327,2,晾衣架
2913415,2,晒衣夹
754825,2,浴室地垫
4189038,2,杯子
687827,2,餐具套装
2522303,2,保温杯
437197,2,小型盆栽
3440243,2,桌面收纳架
555560,2,钥匙扣
1903669,2,卡包
3494149,2,零钱包
4567369,2,手提袋
36289,2,贴纸
4972037,2,书签
2821862,2,相册
3043292,2,桌游卡牌
928334,2,折叠伞
883629,2,太阳镜
2451827,2,发带
2533022,2,耳钉
4936155,2,戒指
4429889,2,手链
3774354,2,挂饰
2608820,2,仿真花
4786595,2,小夜灯
2211860,2,插座延长线
149656,2,充电器
4096857,2,移动电源（小容量）
3227115,2,自拍杆
2024359,2,手机支架
285203,2,屏幕清洁套装
2372829,2,桌面加湿器
1498547,2,小型工具箱
2669578,2,创意摆件
2588445,2,香薰蜡烛
3603295,2,火柴盒
3263944,2,小型垃圾桶
2117944,2,桌面吸尘器
4400913,2,旅行牙刷套装
2881031,2,折叠水壶
2363522,2,简易画板
2162012,2,彩色铅笔
1118235,2,橡皮擦
414935,2,学生尺子
795297,2,透明文件袋
604527,2,小型镜子
280333,2,电子计算器
3166089,2,化妆棉
317587,2,卸妆水
1483024,2,睫毛夹
257793,2,假睫毛
3016461,2,眉笔
3487744,2,口红（平价款）
183516,2,腮红
2070908,2,粉底液（小容量）
2873526,2,隔离霜
4603467,2,定妆喷雾
4469157,2,指甲锉
1735933,2,指甲剪套装
1026155,2,美甲贴纸
3865865,2,护手霜
1906629,2,香体喷雾
1620142,2,运动护腕
182482,2,运动头带
3339572,2,运动毛巾
4059369,2,小型哑铃
2707715,2,弹力带
4964623,2,运动水壶
5066178,2,健身手套
2137141,2,瑜伽砖
4368912,2,护膝
844760,2,跑步腰包
3194345,2,健身计步器
4360464,2,自动铅笔
515708,2,彩色荧光笔
2083571,2,活页本
255508,2,订书钉
2282908,2,修正带
2767575,2,水彩颜料套装
2044695,2,毛笔
2362468,2,画架（小型）
5002897,2,手账胶带
4068750,2,DIY手工材料包
4039014,2,磁性书签
3703129,2,文件收纳袋
2677060,2,笔袋
1973380,2,创意橡皮
3209208,2,钢尺
907178,2,桌面整理盘
2230263,2,多功能文具盒
3421028,2,小型白板
1064138,2,白板笔
4852691,2,文具收纳架
2101042,2,学生计算器
4554195,2,字帖练习本
2672706,2,英语单词卡片
1771708,2,数学练习册
140361,2,科学实验工具套装（儿童版）
3770161,2,彩色便签条
308160,2,手工剪刀
1263068,2,纸胶带
738823,2,DIY拼图套装
4638601,2,手绘模板
4212069,2,阅读架
1249820,2,折叠书桌灯
800324,2,运动发带
5001357,2,瑜伽袜
2665393,2,健身垫（加厚款）
3298620,2,跳舞鞋
2930652,2,运动内衣
217383,2,瑜伽眼罩
3825580,2,健身拉力绳
1826051,2,短跑训练鞋
157420,2,运动护踝
3544478,2,网球拍（入门款）
4026622,2,乒乓球拍套装
3422867,2,羽毛球拍（轻量款）
1013057,2,健身课程体验券
252646,2,运动背包
3777022,2,防滑瑜伽垫
2939779,2,美妆蛋
5040630,2,化妆刷清洗剂
2505579,2,睫毛增长液
2709989,2,面部按摩仪（简易款）
887729,2,美容面膜刷
1216180,2,防晒喷雾
2095707,2,美白精华（小样装）
1192323,2,唇膜
2255207,2,眼线笔
830622,2,睫毛膏
107693,2,高光粉
3176349,2,修容棒
1299473,2,美甲灯（迷你款）
395319,2,美甲工具套装
1685024,2,香薰精油套装
2173261,2,染发工具（一次性）
3373953,2,发蜡
1824204,2,发泥
2567555,2,定型喷雾
2626490,2,美容放大镜
1458019,2,睫毛滋养液
4971918,2,面部清洁仪（基础款）
3720155,2,美妆收纳盒
731056,2,化妆镜（带灯光）
3732988,2,美甲贴钻
2192512,2,美甲亮片
388626,2,美甲UV胶
2618630,2,手机支架（桌面款）
1229757,2,手机镜头套装（广角/微距）
1471787,1,手机背夹电池
2864132,1,无线充电板
4169253,1,蓝牙耳机（平价款）
4176767,1,耳机收纳盒
2573032,1,Type-C转接头
4751680,1,Lightning转接头
3710622,1,USB分线器
3346248,1,多功能读卡器
1342174,1,移动硬盘（小容量）
3776470,1,U盘（32GB/64GB）
176011,1,笔记本散热支架
5089657,1,游戏手柄（手机用）
2668462,1,智能手环（基础款）
490909,1,智能插座
4029109,1,小型投影仪（入门款）
1494023,1,便携式屏幕清洁器
2575059,1,电脑摄像头（高清款）
4053787,1,鼠标垫（发光款）
2899861,1,键盘防尘罩
3281152,1,笔记本电脑包
2099849,1,平板保护套
4498139,1,平板支架（可调节）
9874,1,手写笔（电容屏用）
2970693,1,游戏耳机（入门款）
2958888,1,游戏鼠标（轻量款）
5055329,1,电竞键盘（薄膜款）
896899,1,无线路由器（家用款）
2054486,1,网线钳
2100207,1,水晶头（RJ45）
3418507,1,HDMI高清线
384430,1,VGA转HDMI转换器
693142,1,充电线收纳盒
1804279,1,无线蓝牙音箱（迷你款）
1061498,1,迷你麦克风（直播用）
3272095,1,手机三脚架
1415581,1,自拍补光灯
333295,1,相机清洁套装
2310882,1,SD存储卡（64GB/128GB）
1236470,1,行车记录仪（基础款）
1970552,1,智能家居控制器
2634787,1,智能门铃（简易款）
4809874,1,智能灯泡（可调色）
5146636,1,声控音响（小型）
2923774,1,电子闹钟（简约款）
66556,1,桌面风扇（USB供电）
1021251,1,手持小风扇（充电款）
2630209,1,车载手机支架
178334,1,车载充电器
2343720,1,汽车空气净化器
2313019,1,智能体重秤
2009072,1,体脂检测仪
3118515,1,便携式电源逆变器
4979919,1,太阳能充电宝
1851019,1,电子书阅读器（基础款）
4387206,1,数码相框（小型）
3052606,1,录音笔（便携款）
3765959,1,电子翻译器
2912070,1,智能手写板
2675329,1,手机信号增强器
4399402,1,无线耳机挂绳
3872947,1,耳机绕线器
2244246,1,降噪耳塞（电子款）
5131771,1,智能手表表带
3139028,1,VR眼镜（入门款）
3976816,1,无人机（迷你款）
4024676,1,智能追踪器（防丢器）
1834836,1,激光笔（教学用）
823550,1,电动螺丝刀（小型）
3291171,1,电子显微镜（便携款）
3460443,1,手机防水袋
1448274,1,手机屏幕放大器
4132179,1,手机壳（磁吸款）
3232866,1,数据线收纳扣
4273374,1,无线充电器支架
1312387,1,智能夜灯（感应款）
1695915,1,智能窗帘控制器
2393050,1,智能遥控器
2814657,1,智能扫地机器人（基础款）
3849505,1,智能语音助手（入门款）
3624267,1,电子称重勺
2110262,1,电子厨房计时器
914224,1,智能保温杯
2288300,1,便携式WiFi热点
2042003,1,无线网卡（USB款）
4297908,1,电脑屏幕挂灯
1208308,1,笔记本电脑支架
3743261,1,USB声卡
2530237,1,降噪耳机（平价款）
2992415,1,游戏方向盘（简易款）
232459,1,游戏座椅垫
3355288,1,电竞耳机支架
1283234,1,智能健康手环
4174317,1,智能睡眠眼罩
3120942,1,智能水杯
4504967,1,智能插座定时器
4239953,1,手机K歌麦克风
1044282,1,电子节拍器
1653688,1,USB加湿器（小型）
1602084,1,手机壳（透明款）
239731,1,数据线（编织材质）
2218275,1,无线耳机（降噪款）
1952350,1,蓝牙音箱（户外款）
2297466,1,LED台灯（折叠款）
1143790,1,笔记本电脑包（防震款）
4592018,1,中性笔（速干墨水）
718211,1,文件夹（加厚款）
598545,1,垃圾桶（脚踏式）
3278662,1,衣架（防滑款）
4183035,1,厨房开瓶器（多功能）
1295571,1,清洁刷（长柄款）
841304,1,牙刷（电动款）
1701543,1,牙膏（美白型）
3707414,1,梳子（防静电）
1984400,1,小型剃须刀（充电款）
309088,1,面膜（补水型）
4917079,1,指甲油（持久款）
4734649,1,化妆刷（套装）
563845,1,零食礼包（坚果类）
1765179,1,方便面（大碗装）
629854,1,茶包（花果茶）
3148462,1,速溶咖啡（低糖款）
4517520,1,发圈（弹性款）
2857561,1,发夹（珍珠装饰）
4003338,1,袜子（纯棉款）
1528609,1,围巾（针织款）
1781074,1,手套（触屏款）
2789542,1,瑜伽垫（专业款）
2319813,1,跳绳（计数款）
226943,1,儿童拼图（益智款）
3734231,1,小型玩偶（毛绒款）
110468,1,宠物玩具（耐咬款）
3595500,1,猫抓板（瓦楞纸款）
3599138,1,宠物喂食器（自动款）
4435317,1,订书机（迷你款）
4201401,1,剪刀（不锈钢款）
2186323,1,胶带（双面款）
5039255,1,回形针（彩色款）
4318499,1,便利贴（荧光款）
4839241,1,桌布（防水款）
4766003,1,收纳盒（抽屉式）
2369378,1,鞋刷（猪毛款）
3460627,1,鞋垫（硅胶款）
393580,1,香皂（手工款）
1338176,1,洗手液（泡沫型）
2961965,1,洗衣袋（网状款）
1055496,1,干燥剂（食品级）
4149925,1,防潮袋（衣柜用）
3641399,1,空气清新剂（喷雾款）
2122129,1,蚊香（无烟款）
4886389,1,电蚊拍（可充电）
3203956,1,晾衣架（伸缩款）
1968703,1,晒衣夹（塑料款）
3825930,1,浴室地垫（吸水款）
984003,1,杯子（保温款）
343590,1,餐具套装（陶瓷款）
667964,1,保温杯（轻量款）
865432,1,小型盆栽（多肉植物）
4878258,1,桌面收纳架（分层款）
275937,1,钥匙扣（卡通款）
4483041,1,卡包（真皮款）
3450166,1,零钱包（拉链款）
1457926,1,手提袋（环保款）
2804191,1,贴纸（防水款）
2863357,1,书签（金属款）
4802503,1,相册（硬壳款）
1820304,1,桌游卡牌（经典款）
2099366,1,折叠伞（抗风款）
3700191,1,太阳镜（偏光款）
3208673,1,发带（运动款）
1034344,1,耳钉（简约款）
3103948,1,戒指（开口款）
324339,1,手链（串珠款）
4187879,1,挂饰（车内用）
977169,1,仿真花（玫瑰款）
1008109,1,小夜灯（星空款）
4387999,1,插座延长线（带开关）
208658,1,充电器（快充款）
266112,1,移动电源（大容量）
1442032,1,自拍杆（三脚架款）
4585904,1,手机支架（磁吸款）
665245,1,屏幕清洁套装（喷雾型）
3225422,1,桌面加湿器（静音款）
4290971,1,小型工具箱（家用款）
2746972,1,创意摆件（动物造型）
4062814,1,香薰蜡烛（精油款）
4802116,1,火柴盒（复古款）
3631430,1,小型垃圾桶（桌面款）
1895133,1,桌面吸尘器（无线款）
5040906,1,旅行牙刷套装（便携款）
1175965,1,折叠水壶（食品级）
922825,1,简易画板（木质款）
1433425,1,彩色铅笔（水溶性）
3982447,1,橡皮擦（无屑款）
4280664,1,学生尺子（透明款）
3234137,1,透明文件袋（A4尺寸）
1549753,1,小型镜子（化妆款）
3254436,1,电子计算器（科学型）
2462191,1,化妆棉（压缩款）
3343296,1,卸妆水（温和型）
385061,1,睫毛夹（加热款）
1234577,1,假睫毛（自然款）
1193591,1,眉笔（自动款）
3066561,1,口红（哑光款）
87447,1,腮红（粉状款）
1723640,1,粉底液（遮瑕型）
3861735,1,隔离霜（防晒型）
3654874,1,定妆喷雾（保湿型）
2248015,1,指甲锉（金刚砂款）
820545,1,指甲剪套装（便携款）
1619035,1,美甲贴纸（渐变款）
1859308,1,护手霜（滋润型）
3227333,1,香体喷雾（持久款）
4432419,1,运动护腕（透气款）
2420210,1,运动头带（吸汗款）
2839880,1,运动毛巾（速干款）
359481,1,小型哑铃（可调节款）
3115438,1,弹力带（多种阻力）
2453230,1,运动水壶（刻度款）
2902064,1,健身手套（防滑款）
2018601,1,瑜伽砖（环保材质）
826700,1,护膝（加厚款）
2612661,1,跑步腰包（轻便款）
4056651,1,健身计步器（智能款）
5066282,1,自动铅笔（0.5mm）
1916098,1,彩色荧光笔（6色套装）
2202625,1,活页本（网格款）
3706656,1,订书钉（标准款）
3780940,1,修正带（宽幅款）
5150481,1,水彩颜料套装（24色）
2304640,1,毛笔（狼毫款）
2535902,1,画架（折叠款）
1648490,1,手账胶带（主题款）
2623144,1,DIY手工材料包（刺绣款）
658007,1,磁性书签（金属款）
2464993,1,文件收纳袋（透明款）
260888,1,笔袋（帆布款）
2700588,1,创意橡皮（动物造型）
1763183,1,钢尺（不锈钢款）
1954028,1,桌面整理盘（分区款）
1957027,1,多功能文具盒（分层款）
1393394,1,小型白板（磁性款）
3912944,1,白板笔（细头款）
2410,1,文具收纳架（旋转款）
2639297,1,学生计算器（金融型）
1901895,1,字帖练习本（硬笔书法）
1522340,1,英语单词卡片（高频词汇）
741645,1,数学练习册（小学版）
4931395,1,科学实验工具套装（青少年版）
2358229,1,彩色便签条（心形款）
2011389,1,手工剪刀（弯头款）
2343140,1,纸胶带（和风款）
861112,1,DIY拼图套装（3D立体）
4396514,1,手绘模板（花卉款）
779756,1,阅读架（可调角度款）
4372990,1,折叠书桌灯（触摸款）
529278,1,运动发带（宽边款）
4585473,1,瑜伽袜（防滑款）
2695311,1,健身垫（超薄款）
1242568,1,跳舞鞋（软底款）
1141534,1,运动内衣（支撑型）
394667,1,瑜伽眼罩（丝绸款）
3008396,1,健身拉力绳（多段阻力）
2988408,1,短跑训练鞋（轻量化）
4317104,1,运动护踝（高弹力款）
3619237,1,网球拍（进阶款）
461696,1,乒乓球拍套装（比赛款）
2989621,1,羽毛球拍（碳纤维款）
1918853,1,健身课程体验券（团体课）
5099341,1,运动背包（防水款）
2750866,1,防滑瑜伽垫（TPE材质）
4590366,1,美妆蛋（气垫款）
1370506,1,化妆刷清洗剂（泡沫型）
1076837,1,睫毛增长液（滋养型）
3344654,1,面部按摩仪（滚轮款）
2399425,1,美容面膜刷（硅胶款）
2788167,1,防晒喷雾（清爽型）
4311126,1,美白精华（安瓶款）
891729,1,唇膜（夜间修护款）
2678652,1,眼线笔（防水款）
2167268,1,睫毛膏（浓密型）
2336370,1,高光粉（细腻款）
4138061,1,修容棒（双头款）
1636703,1,美甲灯（专业款）
4828523,1,美甲工具套装（高端款）
4363582,1,香薰精油套装（单方款）
213372,1,染发工具（一次性喷雾）
886180,1,发蜡（强力定型款）
4406355,1,发泥（哑光效果款）
1250853,1,定型喷雾（持久型）
1828144,1,美容放大镜（带灯款）
3247421,1,睫毛滋养液（修复型）
2396030,1,面部清洁仪（声波款）
5005165,1,美妆收纳盒（透明款）
992333,1,化妆镜（折叠款）
4832627,1,美甲贴钻（闪粉款）
2889709,1,美甲亮片（金葱款）
1498138,1,美甲UV胶（多色款）
1810340,1,手机镜头套装（鱼眼款）
4643925,1,手机背夹电池（超薄款）
4229855,1,无线充电板（快充款）
1953657,1,蓝牙耳机（运动款）
297829,1,耳机收纳盒（硅胶款）
120493,1,Type-C转接头（铝合金款）
1441395,1,Lightning转接头（镀金款）
5117234,1,USB分线器（4口款）
2645524,1,多功能读卡器（高速款）
3193449,1,移动硬盘（1TB款）
2205666,1,U盘（128GB款）
3476493,1,笔记本散热支架（升降款）
1203804,1,游戏手柄（PC兼容款）
2243601,1,智能手环（心率监测款）
2695829,1,智能插座（语音控制款）
3025460,1,小型投影仪（高清款）
354256,1,便携式屏幕清洁器（纳米纤维款）
3645620,1,电脑摄像头（广角款）
2627745,1,鼠标垫（加厚款）
1840678,1,键盘防尘罩（全尺寸款）
481847,1,平板保护套（翻盖款）
4050835,1,平板支架（铝合金款）
3419992,1,手写笔（压感款）
3157674,1,游戏耳机（7.1声道款）
4865306,1,游戏鼠标（RGB灯光款）
2258420,1,电竞键盘（机械轴款）
2382826,1,无线路由器（千兆款）
3579,1,网线钳（自动剥线款）
2084864,1,水晶头（镀金款）
2188673,1,HDMI高清线（2米款）
2871611,1,VGA转HDMI转换器（带音频款）
2653245,1,充电线收纳盒（磁吸款）
2949750,1,无线蓝牙音箱（重低音款）
2435277,1,迷你麦克风（K歌款）
1465060,1,手机三脚架（八爪鱼款）
5052177,1,自拍补光灯（环形款）
3471255,1,相机清洁套装（专业款）
292202,1,SD存储卡（256GB款）
1406744,1,行车记录仪（夜视款）
2254846,1,智能家居控制器（多设备兼容款）
5101505,1,智能门铃（高清摄像款）
3589580,1,智能灯泡（WiFi控制款）
3051006,1,声控音响（Hi-Fi款）
3212445,1,电子闹钟（投影款）
4441985,1,桌面风扇（静音款）
1442693,1,手持小风扇（挂脖款）
737405,1,车载手机支架（磁吸款）
4038480,1,车载充电器（双口款）
1983194,1,汽车空气净化器（负离子款）
4760331,1,智能体重秤（人体成分分析款）
2271635,1,体脂检测仪（蓝牙款）
2448870,1,便携式电源逆变器（正弦波款）
3295699,1,太阳能充电宝（大容量款）
3428464,1,电子书阅读器（护眼款）
2461392,1,数码相框（高清触屏款）
1138527,1,录音笔（降噪款）
5130965,1,电子翻译器（离线款）
1983632,1,智能手写板（APP同步款）
1213555,1,手机信号增强器（全频段款）
1934131,1,无线耳机挂绳（硅胶款）
2506581,1,耳机绕线器（磁吸款）
4219762,1,降噪耳塞（睡眠专用款）
4752941,1,智能手表表带（尼龙款）
1087136,1,VR眼镜（4K分辨率款）
933915,1,无人机（航拍款）
808046,1,智能追踪器（全球定位款）
3116765,1,激光笔（绿光款）
355866,1,电动螺丝刀（锂电款）
2554344,1,电子显微镜（1000倍款）
345074,1,手机防水袋（潜水款）
391823,1,手机屏幕放大器（折叠款）
2424221,1,手机壳（液态硅胶款）
5073790,1,数据线收纳扣（魔术贴款）
1556634,1,无线充电器支架（立式款）
4601287,1,智能夜灯（感应亮度款）
1700551,1,智能窗帘控制器（遥控款）
274936,1,智能遥控器（万能款）
4933498,1,智能扫地机器人（拖地一体款）
3073163,1,智能语音助手（多语言款）
2009472,1,电子称重勺（精准款）
3822927,1,电子厨房计时器（倒计时款）
2611027,1,智能保温杯（温度显示款）
2399583,1,便携式WiFi热点（4G款）
1896842,1,无线网卡（PCI-E款）
1392765,1,电脑屏幕挂灯（护眼款）
2467952,1,笔记本电脑支架（铝制款）
4392549,1,USB声卡（外置款）
1139904,1,降噪耳机（主动降噪款）
4724204,1,游戏方向盘（带换挡款）
3195996,1,游戏座椅垫（记忆海绵款）
371308,1,电竞耳机支架（桌面款）
4248234,1,智能健康手环（血氧监测款）
3769928,1,智能睡眠眼罩（助眠款）
1043963,1,智能水杯（定时提醒款）
4925852,1,智能插座定时器（循环设置款）
1285753,1,手机K歌麦克风（混响款）
5023473,1,电子节拍器（可视化款）
3978441,1,USB加湿器（香薰款）
2829055,1,手机壳（全包款）
4913523,1,数据线（尼龙编织款）
4337040,1,无线耳机（真无线款）
1180396,1,蓝牙音箱（便携迷你款）
4787383,1,LED台灯（护眼款）
3720382,1,笔记本电脑包（防水款）
2268983,1,中性笔（按动款）
662979,1,文件夹（PP材质）
1928128,1,垃圾桶（智能感应款）
4985275,1,衣架（多功能款）
3986479,1,厨房开瓶器（省力款）
3131155,1,清洁刷（缝隙专用）
495107,1,牙刷（软毛款）
2131381,1,牙膏（抗敏感型）
1195198,1,梳子（按摩款）
47156,1,小型剃须刀（干湿两用款）
1870250,1,面膜（美白型）
3273152,1,指甲油（快干款）
4631356,1,化妆刷（单支款）
2934788,1,零食礼包（膨化类）
871669,1,方便面（速食杯装）
2783548,1,茶包（普洱茶）
4164898,1,速溶咖啡（黑咖啡款）
3476458,1,发圈（宽边款）
589117,1,发夹（金属装饰）
4756346,1,袜子（防臭款）
3594090,1,围巾（丝巾款）
4029277,1,手套（保暖款）
1249226,1,瑜伽垫（超薄便携款）
899505,1,跳绳（无绳款）
2561082,1,儿童拼图（木质款）
4281301,1,小型玩偶（树脂款）
4038539,1,宠物玩具（发声款）
3230581,1,猫抓板（悬挂款）
4266879,1,宠物喂食器（双碗款）
2548906,1,订书机（重型款）
2729862,1,剪刀（园艺款）
647486,1,胶带（透明款）
2933082,1,回形针（不锈钢款）
2832871,1,便利贴（可擦写款）
3219576,1,桌布（棉麻款）
2982166,1,收纳盒（折叠款）
2287753,1,鞋刷（马毛款）
634104,1,鞋垫（活性炭款）
1704399,1,香皂（植物精油款）
4199627,1,洗手液（抑菌型）
427759,1,洗衣袋（大号款）
3427814,1,干燥剂（硅胶款）
284601,1,防潮袋（密封款）
3541690,1,空气清新剂（固体款）
3716034,1,蚊香（电热款）
3347546,1,电蚊拍（伸缩款）
2102896,1,晾衣架（多层款）
167101,1,晒衣夹（木制款）
4886273,1,浴室地垫（防滑款）
3105892,1,杯子（玻璃款）
3998093,1,餐具套装（不锈钢款）
893978,1,保温杯（真空款）
2768630,1,小型盆栽（空气凤梨）
1347854,1,桌面收纳架（模块化款）
3084935,1,钥匙扣（钥匙灯款）
4139190,1,卡包（PVC款）
4631177,1,零钱包（挂链款）
2036277,1,手提袋（帆布款）
1071810,1,贴纸（夜光款）
4427946,1,书签（流苏款）
4942599,1,相册（软皮款）
3533922,1,桌游卡牌（策略款）
3733757,1,折叠伞（自动开合款）
3890016,1,太阳镜（运动款）
2408283,1,发带（丝质款）
372171,1,耳钉（锆石款）
721015,1,戒指（镶嵌款）
108936,1,手链（链条款）
4850823,1,挂饰（钥匙扣款）
3654951,1,仿真花（满天星款）
3064839,1,小夜灯（触控款）
3816510,1,插座延长线（防雷款）
95456,1,充电器（车载款）
334210,1,移动电源（自带线款）
3142427,1,自拍杆（可拆卸款）
1388444,1,手机支架（桌面款）
542417,1,屏幕清洁套装（纳米纤维款）
1274175,1,桌面加湿器（超声波款）
2431497,1,小型工具箱（多功能款）
5106626,1,创意摆件（树脂款）
4763681,1,香薰蜡烛（浮雕款）
2627359,1,火柴盒（艺术款）
1800355,1,小型垃圾桶（翻盖款）
4496515,1,桌面吸尘器（手持款）
4663130,1,旅行牙刷套装（电动款）
1590213,1,折叠水壶（耐热款）
1429536,1,简易画板（塑料款）
1326100,1,彩色铅笔（油性款）
4603741,1,橡皮擦（卡通造型款）
4083276,1,学生尺子（波浪款）
3595399,1,透明文件袋（拉链款）
1372635,1,小型镜子（放大款）
4557641,1,电子计算器（工程型）
419130,1,化妆棉（三层款）
937184,1,卸妆水（油性款）
4923243,1,睫毛夹（弧形款）
1990766,1,假睫毛（浓密款）
1032578,1,眉笔（三合一功能款）
2655636,1,口红（滋润款）
2764935,1,腮红（膏状款）
2010885,1,粉底液（轻薄型）
4719533,1,电动螺丝刀（多功能款）
389948,1,电子显微镜（显微观察款）
1296862,1,手机防水袋（全封闭款）
17307,1,手机屏幕放大器（广角款）
1990649,1,手机壳（磨砂款）
1775023,1,数据线（磁吸款）
863140,1,无线耳机（骨传导款）
2453521,1,蓝牙音箱（重低音款）
2173477,1,LED台灯（触摸款）
2147505,1,笔记本电脑包（减震款）
3755957,1,中性笔（凝胶墨水款）
1184549,1,文件夹（加厚透明款）
1685432,1,垃圾桶（翻盖款）
3976366,1,衣架（多功能挂钩款）
1542889,1,厨房开瓶器（电动款）
857232,1,清洁刷（长柄旋转款）
2130495,1,牙刷（儿童款）
3358142,1,牙膏（抗龋齿型）
1941546,1,梳子（负离子款）
4563462,1,小型剃须刀（旋转头款）
1038897,1,面膜（清洁型）
1046845,1,指甲油（持久亮泽款）
3331421,1,化妆刷（粉底刷款）
3087839,1,零食礼包（进口零食款）
4075346,1,方便面（拌面料理款）
3780598,1,茶包（绿茶款）
4421944,1,速溶咖啡（拿铁风味款）
577442,1,发圈（细款）
2578096,1,发夹（碎花款）
696911,1,袜子（五指款）
3978995,1,围巾（披肩款）
3991934,1,手套（骑行款）
1289154,1,瑜伽垫（双面款）
1751320,1,跳绳（计数电子款）
758773,1,儿童拼图（拼图地图款）
2761222,1,小型玩偶（盲盒款）
5134471,1,宠物玩具（逗猫棒款）
4017881,1,猫抓板（瓦楞纸组合款）
4145710,1,宠物喂食器（自动喂食款）
4418019,1,订书机（省力款）
201150,1,剪刀（裁缝款）
874340,1,胶带（图案款）
3367526,1,回形针（大号款）
3018880,1,便利贴（异形款）
3942794,1,桌布（防水防油款）
976128,1,收纳盒（抽屉分隔款）
196243,1,鞋刷（马毛软刷款）
4487257,1,鞋垫（记忆海绵款）
3118407,1,香皂（牛奶款）
1847739,1,洗手液（泡沫型抗菌款）
3373476,1,洗衣袋（大容量款）
3616678,1,干燥剂（食品级硅胶款）
1559253,1,防潮袋（衣柜专用款）
4066565,1,空气清新剂（香氛机款）
1149556,1,蚊香（驱蚊液款）
4519805,1,电蚊拍（强电力款）
2476651,1,晾衣架（升降款）
4797379,1,晒衣夹（铁质款）
529907,1,浴室地垫（防霉款）
3006524,1,杯子（马克杯款）
4332385,1,餐具套装（竹制款）
5060852,1,保温杯（内胆涂层款）
2450935,1,小型盆栽（苔藓植物款）
2867703,1,桌面收纳架（模块化扩展款）
1760378,1,钥匙扣（钥匙圈款）
1965698,1,卡包（透明窗口款）
4987122,1,零钱包（迷你款）
2357594,1,手提袋（购物袋款）
1734820,1,贴纸（镭射款）
3207556,1,书签（丝绸款）
4885893,1,相册（纪念款）
1625300,1,桌游卡牌（角色扮演款）
4555638,1,折叠伞（晴雨两用款）
4574216,1,太阳镜（偏光驾驶款）
4517665,1,发带（运动吸汗款）
5144304,1,耳钉（珍珠款）
213769,1,戒指（开口调整款）
2732141,1,手链（编绳款）
852546,1,挂饰（车内香水款）
757249,1,仿真花（仿真绿植款）
4352653,1,小夜灯（星空投影款）
4750383,1,插座延长线（多孔款）
74392,1,充电器（多口快充款）
951089,1,移动电源（自带线快充款）
199300,1,自拍杆（蓝牙款）
1125802,1,手机支架（车载款）
3881189,1,屏幕清洁套装（喷雾型款）
4019270,1,桌面加湿器（静音超声波款）
331892,1,小型工具箱（家居维修款）
493676,1,创意摆件（陶瓷款）
5093750,1,香薰蜡烛（香氛款）
6596,1,火柴盒（复古铁盒款）
1236638,1,小型垃圾桶（带盖款）
4662023,1,桌面吸尘器（无线充电款）
2980740,1,旅行牙刷套装（儿童款）
5132867,1,折叠水壶（大容量款）
3972128,1,简易画板（可调节角度款）
4670159,1,彩色铅笔（专业级款）
958821,1,橡皮擦（环保款）
4876006,1,学生尺子（三角尺款）
904807,1,透明文件袋（加厚款）
1113655,1,小型镜子（补光款）
678559,1,电子计算器（金融理财款）
4303929,1,化妆棉（压缩片款）
4225430,1,卸妆水（敏感肌款）
29017,1,睫毛夹（弧形升级款）
1978345,1,假睫毛（自然款）
4658670,1,眉笔（防水款）
3264973,1,口红（丝绒款）
4266725,1,腮红（液体款）
2494458,1,粉底液（高遮瑕款）
4768875,1,隔离霜（修饰毛孔款）
1316663,1,定妆喷雾（控油持妆款）
4315183,1,指甲锉（抛光细腻款）
1179862,1,指甲剪套装（高端款）
4489615,1,美甲贴纸（简约款）
1013185,1,护手霜（深层滋润款）
2650255,1,香体喷雾（持久留香款）
1610367,1,运动护腕（加厚款）
403903,1,运动头带（防滑款）
3929393,1,运动毛巾（速干抗菌款）
1112828,1,小型哑铃（可调节重量款）
2848291,1,弹力带（阻力环款）
2634918,1,运动水壶（大容量款）
1602447,1,健身手套（透气耐磨款）
3193942,1,瑜伽砖（环保材质款）
4693580,1,护膝（护髌骨款）
589765,1,跑步腰包（多功能款）
572644,1,健身计步器（手环款）
4084956,1,自动铅笔（0.7mm款）
285822,1,彩色荧光笔（12色套装）
1834393,1,活页本（点阵款）
1736124,1,订书钉（窄幅款）
2119465,1,修正带（加宽款）
1120543,1,水彩颜料套装（艺术家级款）
1150739,1,毛笔（羊毫款）
304205,1,画架（户外写生款）
4659129,1,手账胶带（主题定制款）
2354680,1,DIY手工材料包（刺绣款）
5023117,1,磁性书签（创意款）
246584,1,文件收纳袋（网格式款）
340378,1,笔袋（网格款）
646234,1,创意橡皮（几何款）
343112,1,钢尺（刻度清晰款）
36722,1,桌面整理盘（皮革款）
2692029,1,多功能文具盒（磁吸款）
219991,1,小型白板（双面白板款）
731293,1,白板笔（粗头款）
1676950,1,文具收纳架（壁挂款）
685842,1,学生计算器（编程型）
1238524,1,字帖练习本（软笔书法）
292651,1,英语单词卡片（高频短语）
1553570,1,数学练习册（初中版）
538041,1,科学实验工具套装（化学实验款）
3896013,1,彩色便签条（波浪款）
3585570,1,手工剪刀（绣花款）
1763836,1,纸胶带（星空款）
4874089,1,DIY拼图套装（立体建筑款）
2813803,1,手绘模板（动物款）
894646,1,阅读架（升降款）
2630980,1,折叠书桌灯（可调光款）
5047668,1,运动发带（薄款）
4189660,1,瑜伽袜（露趾款）
4442223,1,健身垫（厚款）
1413753,1,跳舞鞋（芭蕾款）
3305842,1,运动内衣（高支撑款）
697095,1,瑜伽眼罩（遮光款）
1417724,1,健身拉力绳（弹簧款）
321175,1,短跑训练鞋（钉鞋款）
4188413,1,运动护踝（压缩款）
3229566,1,网球拍（初学者款）
4461807,1,乒乓球拍套装（家庭款）
3938673,1,羽毛球拍（入门款）
3709974,1,健身课程体验券（私教课）
2548673,1,运动背包（双肩款）
1405724,1,防滑瑜伽垫（天然橡胶款）
3626786,1,美妆蛋（海绵款）
3586920,1,化妆刷清洗剂（免洗款）
3522370,1,睫毛增长液（滋养修护款）
3394813,1,面部按摩仪（EMS微电流款）
2703912,1,美容面膜刷（硅胶柔软款）
1312158,1,防晒喷雾（高倍数款）
2765330,1,美白精华（烟酰胺款）
1828179,1,唇膜（果冻款）
1334990,1,眼线笔（极细款）
4488210,1,睫毛膏（防水型）
901528,1,高光粉（液体款）
1575700,1,修容棒（粉饼款）
5108490,1,美甲灯（家用款）
352399,1,美甲工具套装（全套款）
1690224,1,香薰精油套装（复方款）
846819,1,染发工具（渐变喷雾款）
3918066,1,发蜡（清爽型）
4604737,1,发泥（强力定型款）
2654246,1,定型喷雾（保湿型）
1838064,1,美容放大镜（高清款）
1646859,1,睫毛滋养液（修复滋养款）
4872327,1,面部清洁仪（离子导入款）
4605179,1,美妆收纳盒（分隔款）
883540,1,化妆镜（补光款）
3060316,1,美甲贴钻（水晶款）
75275,1,美甲亮片（闪粉款）
4905428,1,美甲UV胶（持久款）
2495814,1,手机镜头套装（微距款）
134955,1,手机背夹电池（快充款）
1673834,1,无线充电板（磁吸款）
4452758,1,蓝牙耳机（主动降噪款）
4733883,1,耳机收纳盒（硬壳款）
2466824,1,Type-C转接头（弯头款）
6991,1,Lightning转接头（二合一款）
3551706,1,USB分线器（多接口款）
5032953,1,多功能读卡器（高速传输款）
1582751,1,移动硬盘（2TB款）
320783,1,U盘（256GB款）
5157813,1,笔记本散热支架（静音款）
1186008,1,游戏手柄（震动反馈款）
4313485,1,智能手环（睡眠监测款）
3004361,1,智能插座（APP控制款）
3945026,1,小型投影仪（便携款）
3990760,1,便携式屏幕清洁器（静电吸附款）
3217337,1,电脑摄像头（内置麦克风款）
1382333,1,鼠标垫（RGB灯光款）
1793313,1,键盘防尘罩（硅胶款）
2686648,1,平板保护套（磁吸款）
3649707,1,平板支架（可调节角度款）
3751309,1,手写笔（精准压感款）
2399691,1,游戏耳机（虚拟环绕声款）
2871822,1,游戏鼠标（对称设计款）
904673,1,电竞键盘（青轴款）
4237395,1,无线路由器（WiFi 6款）
5055151,1,网线钳（多功能款）
4286417,1,水晶头（屏蔽款）
3835102,1,HDMI高清线（镀金款）
4918683,1,VGA转HDMI转换器（4K支持款）
1732985,1,充电线收纳盒（分隔款）
2490889,1,无线蓝牙音箱（户外防水款）
3975200,1,迷你麦克风（直播款）
3623484,1,手机三脚架（桌面款）
3753684,1,自拍补光灯（可调节亮度款）
1320183,1,相机清洁套装（气吹款）
4857065,1,SD存储卡（512GB款）
5108899,1,行车记录仪（双镜头款）
3440715,1,智能家居控制器（语音识别款）
1512778,1,智能门铃（夜视高清款）
1073472,1,智能灯泡（场景模式款）
4294512,1,声控音响（低音炮款）
2348188,1,电子闹钟（温湿度显示款）
1240638,1,桌面风扇（夹子款）
4251754,1,手持小风扇（喷雾款）
823629,1,车载手机支架（伸缩款）
839167,1,车载充电器（PD快充款）
965505,1,汽车空气净化器（滤芯款）
5126559,1,智能体重秤（多人模式款）
4243089,1,体脂检测仪（蓝牙同步款）
1587089,1,便携式电源逆变器（纯正弦波款）
3083172,1,太阳能充电宝（折叠款）
4269159,1,电子书阅读器（背光款）
1423815,1,数码相框（动态照片款）
1736513,1,录音笔（高清降噪款）
