user_id,face
5854,互联网从业者
6915,金融从业者
6722,教育从业者
10142,医疗从业者
9715,法律从业者
1074,咨询顾问
727,市场营销人员
7704,人力资源专员
2063,行政人员
6166,设计师
2084,程序员
1661,产品经理
5174,运营专员
2337,会计 / 财务
3506,公关人员
10044,零售店员
9571,餐饮从业者
1287,物流快递员
3641,网约车司机
1777,导游 / 旅游从业者
6470,美容美发师
2873,健身教练
6283,家政服务人员
9596,客服专员
4881,销售顾问
3605,自由设计师
3802,独立摄影师
3167,自媒体创作者
8389,插画师
10838,作家 / 文案
2281,音乐人
2927,短视频博主
4739,电商主播
6773,网红 / 达人
7597,手工匠人
1343,大学生
5206,研究生 / 博士生
480,留学生
10048,教师 / 教授
6345,科研人员
5113,培训师
1737,中小学教师
1714,辅导员
4882,实习生
312,应届毕业生
6259,工程师
4675,技术工人
10649,电工 / 维修师
2503,建筑从业者
6480,机械操作员
2912,质检员
8141,化工从业者
7260,航空航天技术人员
8888,电子工程师
8774,汽车维修师
6279,农民 / 种植户
1050,渔民 / 养殖户
3385,畜牧从业者
115,园艺师
6577,林业工作者
8294,手工艺人
10713,非遗传承人
1376,传统匠人（如木工、陶艺）
2791,餐饮店主
4080,小商户老板
11058,公务员
894,军人 / 警察
10451,消防员
9582,空乘 / 飞行员
595,医护人员（医生 / 护士）
1564,心理咨询师
3100,翻译 / 口译员
10236,会展策划师
6721,婚庆从业者
7087,殡葬行业从业者
5675,全职家长
8762,家庭主妇 / 主夫
10422,二胎 / 多孩家长
1795,准父母（备孕 / 孕期）
3904,退休人员
1238,空巢老人
4424,养宠家庭主人
2706,残障人士护理者
5601,家政管理者
5958,家庭采购决策者
10360,元宇宙设计师
1212,跨境电商从业者
1416,数据标注员
3079,电竞从业者
3618,游戏代练 / 陪玩
9105,虚拟主播
1374,直播运营
10496,社群管理员
10617,新媒体运营
10642,跨境买手
9038,自由职业者
5739,创业者
6522,个体经营者
2815,退休返聘人员
1069,互联网从业者
2117,互联网从业者
8696,互联网从业者
10871,互联网从业者
8489,互联网从业者
9423,互联网从业者
2343,互联网从业者
9484,互联网从业者
6376,互联网从业者
8953,互联网从业者
9892,互联网从业者
7078,互联网从业者
1677,互联网从业者
7068,互联网从业者
2127,互联网从业者
1806,互联网从业者
3403,互联网从业者
1119,互联网从业者
4796,互联网从业者
1131,互联网从业者
1306,互联网从业者
6628,互联网从业者
10680,互联网从业者
6602,互联网从业者
7990,互联网从业者
10628,互联网从业者
4023,互联网从业者
8833,互联网从业者
1935,互联网从业者
2849,互联网从业者
9033,互联网从业者
7231,互联网从业者
2008,互联网从业者
247,互联网从业者
5577,互联网从业者
9732,互联网从业者
2758,互联网从业者
6284,金融从业者
4472,教育从业者
2437,医疗从业者
2766,法律从业者
8053,咨询顾问
10135,市场营销人员
5919,人力资源专员
9913,行政人员
10656,设计师
3577,程序员
9388,产品经理
10330,运营专员
2025,会计 / 财务
10502,公关人员
1518,零售店员
326,餐饮从业者
7403,物流快递员
10156,网约车司机
8158,导游 / 旅游从业者
10299,美容美发师
2538,健身教练
4547,家政服务人员
7967,客服专员
5773,销售顾问
1658,自由设计师
8942,独立摄影师
10096,自媒体创作者
2905,插画师
10514,作家 / 文案
3588,音乐人
10899,短视频博主
7991,电商主播
27,网红 / 达人
3371,手工匠人
1980,大学生
10992,研究生 / 博士生
7570,留学生
10849,教师 / 教授
8991,科研人员
8156,培训师
5262,中小学教师
5863,辅导员
229,实习生
7942,应届毕业生
10895,工程师
5794,技术工人
10819,电工 / 维修师
6985,建筑从业者
5664,机械操作员
1813,质检员
1016,化工从业者
3572,培训师
2113,中小学教师
10154,辅导员
5473,实习生
4923,应届毕业生
4890,工程师
1570,技术工人
1697,电工 / 维修师
6151,建筑从业者
771,机械操作员
7524,质检员
6764,化工从业者
7196,中小学教师
6787,辅导员
10572,实习生
4482,应届毕业生
9744,工程师
4223,技术工人
3482,电工 / 维修师
1606,建筑从业者
1559,机械操作员
4343,质检员
4501,化工从业者
3668,互联网从业者
1491,互联网从业者
2293,互联网从业者
2608,互联网从业者
8364,互联网从业者
1767,互联网从业者
1580,互联网从业者
6886,互联网从业者
2819,互联网从业者
10001,互联网从业者
1461,互联网从业者
2627,互联网从业者
4345,互联网从业者
276,互联网从业者
3911,互联网从业者
3265,互联网从业者
2732,互联网从业者
5639,互联网从业者
2304,互联网从业者
10513,互联网从业者
10234,互联网从业者
1226,互联网从业者
10851,互联网从业者
3407,互联网从业者
596,互联网从业者
6476,互联网从业者
6877,互联网从业者
3549,互联网从业者
2949,互联网从业者
140,互联网从业者
467,互联网从业者
1487,互联网从业者
7470,互联网从业者
4960,互联网从业者
8717,互联网从业者
9945,互联网从业者
2986,互联网从业者
4585,互联网从业者
7826,互联网从业者
4196,互联网从业者
16,互联网从业者
4096,互联网从业者
3857,互联网从业者
1531,互联网从业者
3683,互联网从业者
1389,互联网从业者
4717,互联网从业者
3285,互联网从业者
754,互联网从业者
3173,互联网从业者
7112,互联网从业者
3954,互联网从业者
4412,互联网从业者
5438,互联网从业者
92,互联网从业者
2870,互联网从业者
3867,互联网从业者
7747,互联网从业者
9192,互联网从业者
1566,互联网从业者
5556,互联网从业者
7620,互联网从业者
11061,互联网从业者
2323,互联网从业者
4801,互联网从业者
3487,互联网从业者
509,互联网从业者
1995,互联网从业者
3928,互联网从业者
4274,互联网从业者
6293,互联网从业者
7229,互联网从业者
2593,互联网从业者
4860,互联网从业者
7878,互联网从业者
8544,互联网从业者
10327,互联网从业者
792,互联网从业者
3756,互联网从业者
5296,互联网从业者
3807,互联网从业者
6807,互联网从业者
4479,互联网从业者
4967,互联网从业者
196,互联网从业者
3402,互联网从业者
2388,互联网从业者
7561,互联网从业者
410,互联网从业者
4,互联网从业者
3860,互联网从业者
5890,互联网从业者
3948,互联网从业者
4553,互联网从业者
2662,互联网从业者
2272,互联网从业者
4950,互联网从业者
3721,互联网从业者
4306,互联网从业者
2842,互联网从业者
3091,互联网从业者
1753,互联网从业者
3266,互联网从业者
2923,互联网从业者
6950,互联网从业者
4655,互联网从业者
7614,互联网从业者
6431,互联网从业者
508,互联网从业者
8100,互联网从业者
6323,互联网从业者
1157,互联网从业者
7871,互联网从业者
3018,互联网从业者
3511,互联网从业者
2333,互联网从业者
3433,互联网从业者
4143,互联网从业者
4978,互联网从业者
4149,互联网从业者
9827,互联网从业者
5205,互联网从业者
5300,互联网从业者
3305,互联网从业者
4512,互联网从业者
6003,互联网从业者
8107,互联网从业者
9126,互联网从业者
3180,互联网从业者
4550,互联网从业者
3895,互联网从业者
5041,互联网从业者
7226,互联网从业者
11053,互联网从业者
10945,互联网从业者
5544,互联网从业者
3414,互联网从业者
528,互联网从业者
5551,互联网从业者
3633,互联网从业者
9317,互联网从业者
2868,互联网从业者
4613,互联网从业者
6170,互联网从业者
4067,互联网从业者
7558,互联网从业者
6137,互联网从业者
2282,互联网从业者
6406,互联网从业者
8078,互联网从业者
1620,互联网从业者
959,互联网从业者
9241,互联网从业者
2153,互联网从业者
6514,互联网从业者
1969,互联网从业者
7253,互联网从业者
8461,互联网从业者
8467,互联网从业者
6370,互联网从业者
2067,互联网从业者
4899,互联网从业者
4466,互联网从业者
4755,互联网从业者
6589,互联网从业者
6797,互联网从业者
3406,互联网从业者
1930,互联网从业者
7797,互联网从业者
4833,互联网从业者
7301,互联网从业者
8820,金融从业者
8666,教育从业者
447,医疗从业者
6687,法律从业者
10641,咨询顾问
362,市场营销人员
303,人力资源专员
4640,行政人员
427,设计师
4803,程序员
1265,产品经理
8936,运营专员
7692,会计 / 财务
870,公关人员
1442,零售店员
8581,餐饮从业者
6861,物流快递员
10375,网约车司机
1693,导游 / 旅游从业者
2980,美容美发师
163,健身教练
4035,家政服务人员
4461,客服专员
5055,销售顾问
1408,自由设计师
389,独立摄影师
5051,自媒体创作者
3171,插画师
2250,作家 / 文案
2243,音乐人
4260,短视频博主
3136,电商主播
4352,网红 / 达人
4992,手工匠人
2646,大学生
10909,研究生 / 博士生
4937,留学生
1152,教师 / 教授
3946,科研人员
2453,培训师
3535,中小学教师
4619,辅导员
9751,实习生
5154,应届毕业生
1562,工程师
4806,技术工人
5094,电工 / 维修师
3409,建筑从业者
8785,机械操作员
476,质检员
2976,化工从业者
1450,互联网从业者
7912,互联网从业者
153,互联网从业者
2292,互联网从业者
5328,互联网从业者
852,互联网从业者
8204,互联网从业者
9351,互联网从业者
10834,互联网从业者
230,互联网从业者
2715,互联网从业者
1623,互联网从业者
450,互联网从业者
8075,互联网从业者
11041,互联网从业者
8108,互联网从业者
7564,互联网从业者
8568,互联网从业者
3671,互联网从业者
4958,互联网从业者
18,互联网从业者
3245,互联网从业者
3257,互联网从业者
5409,互联网从业者
2767,互联网从业者
2439,互联网从业者
9494,互联网从业者
10861,互联网从业者
9662,互联网从业者
9435,互联网从业者
4709,互联网从业者
4726,互联网从业者
8841,互联网从业者
2214,互联网从业者
5056,互联网从业者
8836,互联网从业者
6821,互联网从业者
1193,互联网从业者
6596,互联网从业者
643,互联网从业者
6824,互联网从业者
9539,互联网从业者
4948,互联网从业者
2760,互联网从业者
6445,互联网从业者
8896,互联网从业者
10580,互联网从业者
1216,互联网从业者
2255,互联网从业者
5302,互联网从业者
10592,互联网从业者
10754,互联网从业者
5352,互联网从业者
3361,互联网从业者
2543,互联网从业者
6344,互联网从业者
6825,互联网从业者
10916,互联网从业者
10478,互联网从业者
487,互联网从业者
1617,互联网从业者
3821,互联网从业者
7931,互联网从业者
686,互联网从业者
1812,互联网从业者
1950,互联网从业者
5975,互联网从业者
4666,互联网从业者
9993,互联网从业者
7004,互联网从业者
6553,互联网从业者
2073,互联网从业者
1029,互联网从业者
7610,互联网从业者
5589,互联网从业者
6161,互联网从业者
7726,互联网从业者
6770,互联网从业者
4809,互联网从业者
5950,互联网从业者
3969,互联网从业者
592,互联网从业者
9291,互联网从业者
1953,互联网从业者
486,互联网从业者
10253,互联网从业者
4555,互联网从业者
9268,互联网从业者
7249,互联网从业者
9605,互联网从业者
1489,互联网从业者
4114,互联网从业者
5487,互联网从业者
2664,互联网从业者
1430,互联网从业者
7005,互联网从业者
4378,互联网从业者
9446,互联网从业者
6813,互联网从业者
3793,互联网从业者
10563,互联网从业者
4855,互联网从业者
1810,互联网从业者
6321,互联网从业者
7307,互联网从业者
3690,互联网从业者
6637,互联网从业者
10500,互联网从业者
5887,互联网从业者
10730,互联网从业者
2326,互联网从业者
2305,互联网从业者
3420,互联网从业者
6277,互联网从业者
9612,互联网从业者
5916,互联网从业者
4052,互联网从业者
6844,金融从业者
9978,教育从业者
7117,医疗从业者
8635,法律从业者
8569,咨询顾问
2572,市场营销人员
657,人力资源专员
10654,行政人员
8134,设计师
2709,程序员
8440,产品经理
11065,运营专员
8396,会计 / 财务
5881,公关人员
4586,零售店员
391,餐饮从业者
5519,物流快递员
5195,网约车司机
10091,导游 / 旅游从业者
10584,美容美发师
9294,健身教练
4315,家政服务人员
4903,客服专员
10437,销售顾问
8913,自由设计师
7225,独立摄影师
9378,自媒体创作者
4437,插画师
4011,作家 / 文案
7067,音乐人
680,短视频博主
2590,电商主播
9233,网红 / 达人
685,手工匠人
7952,大学生
6242,研究生 / 博士生
6612,留学生
6933,教师 / 教授
7926,科研人员
8045,培训师
549,中小学教师
1614,辅导员
10439,实习生
3846,应届毕业生
2373,工程师
8484,技术工人
2277,电工 / 维修师
1250,建筑从业者
3835,机械操作员
7756,质检员
10560,化工从业者
10725,互联网从业者
9142,互联网从业者
10103,互联网从业者
3066,互联网从业者
5381,互联网从业者
7316,互联网从业者
3957,互联网从业者
10665,互联网从业者
5112,互联网从业者
7644,互联网从业者
9458,互联网从业者
5805,互联网从业者
6910,互联网从业者
7981,互联网从业者
4016,互联网从业者
10562,互联网从业者
1510,互联网从业者
9762,互联网从业者
9057,互联网从业者
650,互联网从业者
6387,互联网从业者
10574,互联网从业者
5020,互联网从业者
3287,互联网从业者
7072,互联网从业者
6473,互联网从业者
1968,互联网从业者
9132,互联网从业者
6927,互联网从业者
8012,互联网从业者
7122,互联网从业者
1946,互联网从业者
3829,互联网从业者
5993,互联网从业者
8561,互联网从业者
6046,互联网从业者
2925,互联网从业者
6835,互联网从业者
6229,互联网从业者
8615,互联网从业者
7348,互联网从业者
8758,互联网从业者
7279,互联网从业者
3808,互联网从业者
6888,互联网从业者
3919,互联网从业者
2946,互联网从业者
6529,互联网从业者
3844,互联网从业者
7085,互联网从业者
7228,互联网从业者
3059,互联网从业者
7966,互联网从业者
6907,互联网从业者
9781,互联网从业者
9128,互联网从业者
5178,互联网从业者
3351,互联网从业者
8055,互联网从业者
7725,互联网从业者
6972,互联网从业者
6081,互联网从业者
7013,互联网从业者
4172,互联网从业者
5307,互联网从业者
8332,互联网从业者
5980,互联网从业者
8202,互联网从业者
1403,互联网从业者
2361,互联网从业者
3077,互联网从业者
2054,互联网从业者
4038,互联网从业者
2619,互联网从业者
1830,互联网从业者
1957,互联网从业者
2238,互联网从业者
1334,互联网从业者
679,互联网从业者
6982,互联网从业者
6106,互联网从业者
5658,互联网从业者
2312,互联网从业者
1779,互联网从业者
5437,互联网从业者
747,互联网从业者
3687,互联网从业者
8289,互联网从业者
5490,互联网从业者
474,互联网从业者
6452,互联网从业者
4609,互联网从业者
1708,互联网从业者
9354,互联网从业者
8637,互联网从业者
3737,互联网从业者
10831,互联网从业者
5898,互联网从业者
6935,互联网从业者
6952,互联网从业者
7783,互联网从业者
5661,互联网从业者
1444,互联网从业者
10568,互联网从业者
425,互联网从业者
7116,互联网从业者
10474,互联网从业者
5775,互联网从业者
10685,互联网从业者
3192,互联网从业者
8027,互联网从业者
4323,互联网从业者
9310,互联网从业者
10412,互联网从业者
6096,互联网从业者
6865,互联网从业者
4877,互联网从业者
9824,互联网从业者
3764,互联网从业者
7488,互联网从业者
8543,互联网从业者
9108,互联网从业者
3320,互联网从业者
10614,互联网从业者
701,互联网从业者
10198,互联网从业者
1298,互联网从业者
8779,互联网从业者
3855,互联网从业者
1015,互联网从业者
7044,互联网从业者
9170,互联网从业者
3292,互联网从业者
4917,互联网从业者
1588,互联网从业者
2473,互联网从业者
4494,互联网从业者
4784,互联网从业者
3117,互联网从业者
1428,互联网从业者
2506,互联网从业者
8373,互联网从业者
6180,互联网从业者
8344,互联网从业者
10959,互联网从业者
917,互联网从业者
501,互联网从业者
2703,互联网从业者
8200,互联网从业者
3984,互联网从业者
6160,互联网从业者
7609,互联网从业者
7477,互联网从业者
2170,互联网从业者
4790,互联网从业者
8520,互联网从业者
10436,互联网从业者
2351,互联网从业者
1177,互联网从业者
8676,互联网从业者
4155,互联网从业者
7813,互联网从业者
7385,互联网从业者
2152,互联网从业者
8040,互联网从业者
8279,互联网从业者
3024,互联网从业者
9974,互联网从业者
7042,互联网从业者
9496,互联网从业者
5530,互联网从业者
4593,互联网从业者
3824,互联网从业者
918,互联网从业者
9499,互联网从业者
5889,互联网从业者
9823,互联网从业者
8319,互联网从业者
4545,互联网从业者
61,互联网从业者
5610,互联网从业者
9622,互联网从业者
7993,互联网从业者
9347,互联网从业者
83,互联网从业者
7857,互联网从业者
2920,互联网从业者
1513,互联网从业者
5848,互联网从业者
9841,互联网从业者
7846,互联网从业者
2249,互联网从业者
10664,互联网从业者
5967,互联网从业者
718,互联网从业者
7478,互联网从业者
5044,互联网从业者
533,互联网从业者
8813,互联网从业者
8117,互联网从业者
5622,互联网从业者
9522,互联网从业者
6504,互联网从业者
3997,互联网从业者
7933,互联网从业者
8114,互联网从业者
9012,互联网从业者
7184,互联网从业者
1188,互联网从业者
8191,互联网从业者
8778,互联网从业者
7273,互联网从业者
5355,互联网从业者
1546,互联网从业者
130,互联网从业者
8241,互联网从业者
6019,互联网从业者
5101,互联网从业者
2172,互联网从业者
8465,互联网从业者
5239,互联网从业者
9188,互联网从业者
9248,金融从业者
9745,教育从业者
8923,医疗从业者
3213,法律从业者
8964,咨询顾问
1104,市场营销人员
2529,人力资源专员
3125,行政人员
7924,设计师
9651,程序员
2959,产品经理
2984,运营专员
10195,会计 / 财务
64,公关人员
7362,零售店员
8806,餐饮从业者
9202,物流快递员
9865,网约车司机
796,导游 / 旅游从业者
9410,美容美发师
9853,健身教练
1485,家政服务人员
9308,客服专员
6507,销售顾问
9561,自由设计师
1309,独立摄影师
6986,自媒体创作者
7596,插画师
9424,作家 / 文案
5087,音乐人
7565,短视频博主
2735,电商主播
29,网红 / 达人
10148,手工匠人
7681,大学生
4146,研究生 / 博士生
9811,留学生
4894,教师 / 教授
5379,科研人员
9737,培训师
3471,中小学教师
4710,辅导员
4244,实习生
10041,应届毕业生
8926,工程师
9968,技术工人
5873,电工 / 维修师
9770,建筑从业者
3123,机械操作员
1185,质检员
4951,化工从业者
8043,航空航天技术人员
8456,电子工程师
9820,汽车维修师
933,农民 / 种植户
7507,渔民 / 养殖户
8186,畜牧从业者
10749,园艺师
823,林业工作者
8903,手工艺人
9910,非遗传承人
3924,传统匠人（如木工、陶艺）
7430,餐饮店主
8882,小商户老板
9975,公务员
6324,军人 / 警察
9265,消防员
4648,空乘 / 飞行员
932,医护人员（医生 / 护士）
2727,心理咨询师
8063,翻译 / 口译员
884,会展策划师
10885,婚庆从业者
5360,殡葬行业从业者
7585,全职家长
4884,家庭主妇 / 主夫
7941,二胎 / 多孩家长
8019,准父母（备孕 / 孕期）
6453,退休人员
10210,空巢老人
660,养宠家庭主人
7663,残障人士护理者
9940,家政管理者
10662,家庭采购决策者
9687,元宇宙设计师
631,跨境电商从业者
8865,数据标注员
4685,电竞从业者
8740,游戏代练 / 陪玩
10077,虚拟主播
8502,直播运营
6798,社群管理员
4590,新媒体运营
452,跨境买手
5131,自由职业者
6187,创业者
6782,个体经营者
8154,退休返聘人员
338,创业者
10746,创业者
1377,创业者
7576,创业者
7182,创业者
5575,创业者
10383,创业者
11059,创业者
10763,创业者
2196,创业者
5865,创业者
9846,创业者
8716,创业者
964,创业者
9020,创业者
2040,创业者
1088,创业者
5943,创业者
3127,创业者
11049,创业者
1059,创业者
3521,创业者
7755,创业者
7674,创业者
1670,创业者
6111,创业者
1637,创业者
7788,创业者
8739,创业者
10219,创业者
2838,创业者
8328,创业者
9329,创业者
2139,创业者
7510,创业者
364,创业者
10586,创业者
10487,创业者
9566,创业者
4525,创业者
5802,创业者
1972,创业者
158,创业者
10191,创业者
8525,创业者
298,创业者
9065,创业者
63,创业者
5596,创业者
10220,创业者
5184,创业者
992,创业者
8378,创业者
3137,创业者
4566,创业者
2755,创业者
3601,创业者
26,创业者
4823,创业者
520,创业者
10140,创业者
4283,创业者
3678,创业者
386,创业者
8588,创业者
4624,创业者
2690,创业者
2461,创业者
5998,创业者
5019,创业者
4959,创业者
2257,创业者
10616,创业者
6944,创业者
9292,创业者
7622,创业者
3903,创业者
1659,创业者
6178,创业者
6535,创业者
5128,创业者
5467,创业者
1785,创业者
7706,创业者
9815,创业者
537,创业者
7450,创业者
5385,创业者
1846,创业者
10307,创业者
9542,创业者
6500,创业者
6948,创业者
2509,创业者
2828,创业者
906,创业者
6458,创业者
1829,创业者
2916,创业者
1568,创业者
8632,创业者
6415,创业者
1979,创业者
1317,创业者
8532,创业者
318,创业者
5554,创业者
2701,创业者
10989,创业者
10802,创业者
2190,创业者
6976,创业者
4111,创业者
9963,创业者
131,创业者
2260,创业者
4204,创业者
490,创业者
10557,创业者
110,创业者
3519,创业者
5423,创业者
5193,创业者
4429,创业者
2861,创业者
8534,创业者
6502,创业者
1873,创业者
2349,创业者
9944,创业者
9456,创业者
1794,创业者
491,创业者
10053,创业者
2428,创业者
9198,创业者
7407,创业者
10035,创业者
3012,创业者
3360,创业者
10675,创业者
10084,创业者
8796,创业者
6708,创业者
1234,创业者
839,创业者
6661,创业者
4864,创业者
244,创业者
2743,创业者
2105,创业者
7502,创业者
2109,创业者
3635,创业者
2924,创业者
1189,创业者
2650,创业者
8660,创业者
5766,创业者
1770,创业者
983,创业者
7453,创业者
770,创业者
5751,创业者
5145,创业者
190,创业者
3717,创业者
7093,创业者
3293,创业者
2734,创业者
4328,创业者
1421,创业者
9041,创业者
1449,创业者
227,创业者
4706,创业者
1246,创业者
562,创业者
6791,创业者
1353,创业者
6135,创业者
4377,创业者
1172,创业者
3410,创业者
4188,创业者
2730,创业者
10552,创业者
10615,创业者
10684,创业者
2347,创业者
10423,创业者
1927,创业者
5990,创业者
2680,创业者
122,创业者
2933,创业者
2005,创业者
8194,创业者
6244,创业者
1609,创业者
5186,创业者
10843,创业者
10129,创业者
1196,创业者
3274,创业者
9249,创业者
1741,创业者
3659,创业者
7727,创业者
8907,创业者
1136,互联网从业者
7270,金融从业者
8277,教育从业者
10810,医疗从业者
10065,法律从业者
4336,咨询顾问
105,市场营销人员
1156,人力资源专员
2055,行政人员
1043,设计师
5499,程序员
5412,产品经理
1366,运营专员
2892,会计 / 财务
1292,公关人员
3261,零售店员
5179,餐饮从业者
2596,物流快递员
7774,网约车司机
4813,导游 / 旅游从业者
6732,美容美发师
9643,健身教练
967,家政服务人员
3850,客服专员
4372,销售顾问
10585,自由设计师
10631,独立摄影师
4819,自媒体创作者
1367,插画师
10682,作家 / 文案
4136,音乐人
3644,短视频博主
9266,电商主播
10697,网红 / 达人
7629,手工匠人
10762,大学生
1685,研究生 / 博士生
1733,留学生
9527,教师 / 教授
10304,科研人员
10705,培训师
10485,中小学教师
10218,辅导员
2274,实习生
923,应届毕业生
9245,工程师
10678,技术工人
4006,电工 / 维修师
9254,建筑从业者
10308,机械操作员
2395,质检员
11024,化工从业者
6305,航空航天技术人员
6173,电子工程师
7623,汽车维修师
7197,农民 / 种植户
629,渔民 / 养殖户
2451,畜牧从业者
3054,园艺师
5690,林业工作者
10136,手工艺人
8406,非遗传承人
290,传统匠人（如木工、陶艺）
5864,餐饮店主
3901,小商户老板
4733,公务员
1221,军人 / 警察
1381,消防员
10636,空乘 / 飞行员
8889,医护人员（医生 / 护士）
8590,心理咨询师
7923,翻译 / 口译员
9699,会展策划师
2915,婚庆从业者
561,殡葬行业从业者
7069,全职家长
737,家庭主妇 / 主夫
6581,二胎 / 多孩家长
2741,准父母（备孕 / 孕期）
6145,退休人员
1095,空巢老人
812,养宠家庭主人
5198,残障人士护理者
10726,家政管理者
7577,家庭采购决策者
10086,元宇宙设计师
9235,跨境电商从业者
10279,数据标注员
4507,电竞从业者
8135,游戏代练 / 陪玩
9973,虚拟主播
7058,直播运营
7662,社群管理员
764,新媒体运营
3931,跨境买手
9080,自由职业者
1341,创业者
1833,个体经营者
5234,退休返聘人员
3900,创业者
9830,创业者
2056,创业者
5106,创业者
6618,创业者
4729,创业者
2044,创业者
597,创业者
2492,创业者
8886,创业者
5930,创业者
9444,创业者
3138,创业者
4644,创业者
2120,创业者
4330,创业者
3684,创业者
3209,创业者
8048,创业者
3098,创业者
3574,创业者
1763,创业者
2635,创业者
7792,创业者
275,创业者
2083,创业者
8113,创业者
7917,创业者
5495,创业者
6863,创业者
5704,创业者
3427,创业者
1601,创业者
2007,创业者
3806,创业者
2969,创业者
8123,创业者
6893,创业者
2251,创业者
8667,创业者
1267,创业者
289,创业者
7737,创业者
10968,创业者
612,创业者
4628,创业者
7,创业者
268,创业者
1970,创业者
9469,创业者
5263,创业者
7943,创业者
5418,创业者
9064,创业者
10112,创业者
2812,创业者
1412,创业者
5650,创业者
77,创业者
10408,创业者
9443,创业者
975,创业者
5028,创业者
1999,创业者
5725,创业者
7894,创业者
5050,创业者
5535,创业者
8050,创业者
1207,创业者
1144,创业者
2342,创业者
3979,创业者
6658,创业者
862,创业者
2003,创业者
3663,创业者
581,创业者
9813,创业者
4925,创业者
1039,创业者
2864,创业者
4013,创业者
3022,创业者
7968,创业者
869,创业者
4163,创业者
5446,创业者
3480,创业者
6834,创业者
6621,创业者
7789,创业者
5719,创业者
5995,创业者
3121,创业者
8182,创业者
4754,创业者
9298,创业者
2972,创业者
3143,创业者
11074,创业者
10856,创业者
6768,创业者
6858,创业者
8559,创业者
6209,创业者
5996,创业者
95,创业者
3974,创业者
8877,创业者
8343,创业者
8334,创业者
5934,创业者
2840,创业者
604,创业者
2818,创业者
11,创业者
5875,创业者
6169,创业者
4627,创业者
5732,创业者
96,创业者
6181,创业者
1541,创业者
10874,创业者
3477,创业者
4922,创业者
9179,创业者
11017,创业者
1413,创业者
1392,创业者
297,创业者
8139,创业者
1190,创业者
8295,创业者
1006,创业者
6609,创业者
3567,创业者
3994,创业者
3453,创业者
9493,创业者
5293,创业者
1967,创业者
8912,创业者
9127,创业者
677,创业者
4178,创业者
7782,创业者
3496,创业者
4615,创业者
6951,创业者
3436,创业者
9804,创业者
5207,创业者
6608,创业者
9874,创业者
10342,创业者
7192,创业者
7876,创业者
8365,创业者
7206,创业者
5860,创业者
4793,创业者
4126,创业者
5638,创业者
1965,创业者
4310,创业者
3613,创业者
250,创业者
4941,创业者
1291,创业者
10425,创业者
7651,创业者
1198,创业者
3447,创业者
3751,创业者
1277,创业者
1781,创业者
8445,创业者
919,创业者
4517,创业者
4998,创业者
2802,创业者
4089,创业者
7242,创业者
988,创业者
1129,创业者
379,创业者
10071,创业者
2401,创业者
3279,创业者
8286,创业者
2297,创业者
3104,创业者
2796,创业者
4559,创业者
3458,创业者
187,创业者
5956,创业者
3816,创业者
542,创业者
6434,互联网从业者
9901,金融从业者
2978,教育从业者
6832,医疗从业者
7154,法律从业者
4216,咨询顾问
4945,市场营销人员
3182,人力资源专员
8263,行政人员
1348,设计师
9214,程序员
3259,产品经理
496,运营专员
3299,会计 / 财务
7708,公关人员
1907,零售店员
5941,餐饮从业者
5335,物流快递员
3243,网约车司机
3391,导游 / 旅游从业者
7591,美容美发师
3691,健身教练
2941,家政服务人员
4002,客服专员
803,销售顾问
716,自由设计师
9130,独立摄影师
3357,自媒体创作者
777,创业者
1883,创业者
3280,创业者
9844,创业者
39,创业者
4470,创业者
1864,创业者
9675,创业者
7030,创业者
3998,创业者
10351,创业者
591,创业者
9007,创业者
4505,创业者
10600,创业者
2578,创业者
6401,创业者
9281,创业者
5542,创业者
5162,创业者
10018,创业者
793,创业者
9488,创业者
4763,创业者
10520,创业者
7615,创业者
7302,创业者
2125,创业者
5064,创业者
4656,创业者
3784,创业者
8909,创业者
3015,创业者
1985,创业者
6998,创业者
10975,创业者
4337,创业者
4353,创业者
5330,创业者
1598,创业者
2775,创业者
8508,创业者
6292,创业者
5831,创业者
9554,创业者
7446,创业者
4592,创业者
3009,创业者
9187,创业者
3800,创业者
4531,创业者
3415,创业者
5161,创业者
4620,创业者
3186,创业者
281,创业者
1297,创业者
5099,创业者
3695,创业者
899,创业者
2182,创业者
5122,创业者
8345,创业者
7238,创业者
4604,创业者
9818,创业者
2241,创业者
9923,创业者
10145,创业者
5310,创业者
5987,创业者
2133,创业者
3116,创业者
5301,创业者
4865,创业者
10962,创业者
4712,创业者
3548,创业者
9666,创业者
589,创业者
6560,创业者
9933,创业者
5285,创业者
6545,创业者
6811,创业者
930,创业者
6846,创业者
6567,创业者
6818,创业者
1360,创业者
6475,创业者
6574,创业者
1888,创业者
6688,创业者
9994,创业者
8325,创业者
6620,创业者
9389,创业者
8771,创业者
5527,创业者
2072,创业者
743,创业者
5605,创业者
2036,创业者
10340,创业者
9358,创业者
4654,创业者
336,创业者
6454,创业者
2459,创业者
7130,创业者
845,创业者
1840,创业者
3366,创业者
8578,创业者
5910,创业者
2530,创业者
8825,创业者
6115,创业者
5963,创业者
615,创业者
7535,创业者
8847,创业者
10104,创业者
810,创业者
5449,创业者
4341,创业者
5029,创业者
5945,创业者
2386,创业者
2745,创业者
3093,创业者
850,创业者
5286,创业者
9618,创业者
1300,创业者
7940,创业者
6749,创业者
8702,创业者
4688,创业者
7246,创业者
3489,创业者
3616,创业者
6939,创业者
3932,创业者
6398,创业者
5917,创业者
3783,创业者
2754,创业者
6852,创业者
6938,创业者
6988,创业者
1822,创业者
8939,创业者
7668,创业者
5904,创业者
7401,创业者
5829,创业者
11048,创业者
2173,创业者
6956,创业者
4085,创业者
3988,创业者
4371,创业者
6413,创业者
3964,创业者
7691,创业者
8705,创业者
1928,创业者
6845,创业者
4758,创业者
6540,创业者
2042,创业者
7018,创业者
5500,创业者
4104,创业者
5988,创业者
7035,创业者
49,创业者
8563,创业者
2676,创业者
2269,创业者
9084,创业者
4650,创业者
6304,创业者
1399,创业者
10918,创业者
1787,创业者
8092,创业者
344,创业者
4906,创业者
7893,创业者
6389,创业者
5419,创业者
343,创业者
2814,创业者
2720,创业者
3965,创业者
7126,创业者
7055,创业者
6921,创业者
3199,创业者
9551,创业者
2611,创业者
3462,创业者
51,创业者
7217,创业者
4351,创业者
5517,创业者
2809,创业者
9042,创业者
1066,创业者
3322,创业者
4212,创业者
6157,创业者
7248,创业者
3025,创业者
7065,创业者
6906,创业者
6063,创业者
6705,创业者
7050,创业者
2165,创业者
8482,创业者
3632,创业者
620,创业者
9234,创业者
6519,创业者
674,创业者
5668,创业者
9283,创业者
7372,创业者
10587,创业者
7311,创业者
2534,创业者
5876,创业者
1258,创业者
8978,互联网从业者
9753,金融从业者
9439,教育从业者
10787,医疗从业者
5513,法律从业者
3836,咨询顾问
2906,市场营销人员
4745,人力资源专员
8861,行政人员
5716,设计师
8251,程序员
403,产品经理
1257,运营专员
7611,会计 / 财务
10588,公关人员
9893,零售店员
9842,餐饮从业者
5736,物流快递员
10031,网约车司机
4638,导游 / 旅游从业者
4240,美容美发师
7414,健身教练
4498,家政服务人员
7358,客服专员
8207,销售顾问
6892,自由设计师
2533,独立摄影师
10278,自媒体创作者
6593,插画师
418,作家 / 文案
6962,音乐人
2215,短视频博主
2639,电商主播
9417,网红 / 达人
7204,手工匠人
6903,大学生
9627,研究生 / 博士生
10174,留学生
1005,教师 / 教授
5759,科研人员
1065,培训师
6511,中小学教师
6184,辅导员
925,实习生
7155,应届毕业生
59,工程师
9296,技术工人
6085,电工 / 维修师
5981,建筑从业者
8486,机械操作员
9668,质检员
2221,化工从业者
2245,航空航天技术人员
5377,电子工程师
10459,汽车维修师
4493,农民 / 种植户
4304,渔民 / 养殖户
5931,畜牧从业者
8800,园艺师
10473,林业工作者
4584,手工艺人
10744,非遗传承人
9036,传统匠人（如木工、陶艺）
10100,餐饮店主
1699,小商户老板
5241,公务员
4845,军人 / 警察
7463,消防员
10069,空乘 / 飞行员
3230,医护人员（医生 / 护士）
4769,心理咨询师
1593,翻译 / 口译员
10281,会展策划师
4154,婚庆从业者
6830,殡葬行业从业者
842,全职家长
7593,家庭主妇 / 主夫
8864,二胎 / 多孩家长
1703,准父母（备孕 / 孕期）
10498,退休人员
9547,空巢老人
3365,养宠家庭主人
8466,残障人士护理者
7546,家政管理者
9950,家庭采购决策者
5974,元宇宙设计师
162,跨境电商从业者
1527,数据标注员
5035,电竞从业者
1543,游戏代练 / 陪玩
7784,虚拟主播
6448,直播运营
10718,社群管理员
1848,新媒体运营
4928,跨境买手
9591,跨境买手
7848,上班族  
7918,加班族  
9359,通勤族  
8505,办公室新人  
4756,管理层（总监/经理）  
5531,行政采购人员  
1752,出差达人  
129,远程办公者  
775,会议频繁者  
7317,久坐人群  
7678,宝妈  
8449,宝爸  
2592,孕妈（孕期）  
2832,备孕人群  
832,二胎家庭  
9342,三胎家庭  
4815,隔代抚养者（爷爷奶奶/外公外婆）  
9729,家庭主妇/主夫  
9193,育儿嫂  
9657,早教机构采购者  
10208,宅家党  
9998,外卖依赖者  
1964,下厨爱好者  
3637,烘焙新手  
7418,健身自律者  
905,养生达人  
8370,熬夜党  
9048,咖啡刚需者  
9569,奶茶爱好者  
6641,零食囤货狂  
2009,追剧党  
1918,游戏宅  
8511,汉服爱好者  
6987,剧本杀玩家  
5902,露营新手  
8575,徒步发烧友  
4250,海淘用户  
8260,直播间观众  
2890,短视频创作者  
1717,社交平台种草者  
2997,毕业生（求职季）  
3726,新婚夫妇  
9574,丁克家庭  
8596,空巢青年  
4210,银发族（退休生活）  
5977,养宠新手  
8651,多宠家庭  
6516,残障人士
5092,游戏宅  
3744,汉服爱好者  
5703,剧本杀玩家  
2287,露营新手  
7101,徒步发烧友  
9513,海淘用户  
5402,直播间观众  
7920,短视频创作者  
3707,社交平台种草者  
5528,毕业生（求职季）  
9059,新婚夫妇  
4499,丁克家庭  
2657,空巢青年  
10955,银发族（退休生活）  
3055,养宠新手  
4192,多宠家庭  
2803,残障人士
7553,追剧党  
4296,游戏宅  
7715,汉服爱好者  
2409,剧本杀玩家  
954,露营新手  
8537,徒步发烧友  
4449,海淘用户  
3528,直播间观众  
10060,短视频创作者  
8504,社交平台种草者  
3550,毕业生（求职季）  
1814,新婚夫妇  
5067,丁克家庭  
2226,空巢青年  
7994,银发族（退休生活）  
741,养宠新手  
9260,多宠家庭  
8970,残障人士
8101,下厨爱好者  
6110,烘焙新手  
3215,健身自律者  
7528,养生达人  
784,熬夜党  
4440,咖啡刚需者  
1091,奶茶爱好者  
2540,零食囤货狂  
7910,追剧党  
9808,游戏宅  
6474,汉服爱好者  
1218,剧本杀玩家  
8690,露营新手  
8699,徒步发烧友  
7571,海淘用户  
4483,直播间观众  
11050,短视频创作者  
10914,社交平台种草者  
3196,毕业生（求职季）  
5254,新婚夫妇  
98,丁克家庭  
7374,空巢青年  
6017,银发族（退休生活）  
372,养宠新手  
1847,多宠家庭  
8706,残障人士
6556,互联网从业者
7657,金融从业者
10037,教育从业者
5507,医疗从业者
8178,法律从业者
2286,咨询顾问
4044,市场营销人员
3260,人力资源专员
10055,行政人员
7436,设计师
8312,程序员
6429,产品经理
995,运营专员
1962,会计 / 财务
8863,公关人员
2553,零售店员
2637,餐饮从业者
1010,物流快递员
5856,网约车司机
6843,导游 / 旅游从业者
10442,美容美发师
2602,健身教练
3522,家政服务人员
4379,客服专员
5011,销售顾问
9081,自由设计师
4805,独立摄影师
9861,自媒体创作者
9304,插画师
8208,作家 / 文案
2176,音乐人
1132,短视频博主
7907,电商主播
9996,网红 / 达人
8209,手工匠人
1615,大学生
356,研究生 / 博士生
7653,留学生
8415,教师 / 教授
8253,科研人员
1709,培训师
4837,中小学教师
8837,辅导员
8381,实习生
6049,应届毕业生
377,工程师
9054,技术工人
2248,电工 / 维修师
7812,建筑从业者
9948,机械操作员
8580,质检员
6002,化工从业者
940,航空航天技术人员
871,电子工程师
1163,汽车维修师
9159,农民 / 种植户
10710,渔民 / 养殖户
2728,畜牧从业者
6570,园艺师
6793,林业工作者
4636,手工艺人
8767,非遗传承人
9106,传统匠人（如木工、陶艺）
2335,餐饮店主
2702,小商户老板
1290,公务员
2983,军人 / 警察
8218,消防员
10227,空乘 / 飞行员
4417,医护人员（医生 / 护士）
2389,心理咨询师
7544,翻译 / 口译员
2799,会展策划师
8802,婚庆从业者
10576,殡葬行业从业者
541,全职家长
4749,家庭主妇 / 主夫
6424,二胎 / 多孩家长
8538,准父母（备孕 / 孕期）
8028,退休人员
10489,空巢老人
929,养宠家庭主人
699,残障人士护理者
7830,家政管理者
8239,家庭采购决策者
5606,元宇宙设计师
9731,跨境电商从业者
8574,数据标注员
7598,电竞从业者
6694,游戏代练 / 陪玩
8244,虚拟主播
689,直播运营
1470,社群管理员
2086,新媒体运营
9798,跨境买手
8612,跨境买手
9391,上班族  
3443,加班族  
6307,通勤族  
1305,办公室新人  
6309,管理层（总监/经理）  
7652,行政采购人员  
8901,出差达人  
9976,远程办公者  
514,会议频繁者  
3169,久坐人群  
8213,宝妈  
9327,宝爸  
4734,孕妈（孕期）  
10468,备孕人群  
7881,二胎家庭  
3106,三胎家庭  
1517,隔代抚养者（爷爷奶奶/外公外婆）  
10237,家庭主妇/主夫  
8930,育儿嫂  
308,早教机构采购者  
6243,宅家党  
4100,外卖依赖者  
9331,下厨爱好者  
5408,烘焙新手  
2895,健身自律者  
6756,养生达人  
10655,熬夜党  
9154,咖啡刚需者  
191,奶茶爱好者  
2865,零食囤货狂  
9783,追剧党  
8305,游戏宅  
9525,汉服爱好者  
9392,剧本杀玩家  
2098,露营新手  
3837,徒步发烧友  
9528,海淘用户  
9297,直播间观众  
4961,短视频创作者  
9151,社交平台种草者  
9477,毕业生（求职季）  
3600,新婚夫妇  
10306,丁克家庭  
10201,空巢青年  
6992,银发族（退休生活）  
10781,养宠新手  
1820,多宠家庭  
4202,残障人士
7309,游戏宅  
4973,汉服爱好者  
9000,剧本杀玩家  
246,露营新手  
1760,徒步发烧友  
3706,海淘用户  
6575,直播间观众  
859,短视频创作者  
8267,社交平台种草者  
1868,毕业生（求职季）  
8536,新婚夫妇  
10391,丁克家庭  
2987,空巢青年  
5342,银发族（退休生活）  
7995,养宠新手  
4556,多宠家庭  
1586,残障人士
437,追剧党  
4634,游戏宅  
10546,汉服爱好者  
6734,剧本杀玩家  
9535,露营新手  
10889,徒步发烧友  
1224,海淘用户  
9501,直播间观众  
9199,短视频创作者  
1505,社交平台种草者  
3240,毕业生（求职季）  
10835,新婚夫妇  
6831,丁克家庭  
6408,空巢青年  
5363,银发族（退休生活）  
3352,养宠新手  
9420,多宠家庭  
8723,残障人士
139,下厨爱好者  
8361,烘焙新手  
3389,健身自律者  
9872,养生达人  
5309,熬夜党  
1944,咖啡刚需者  
902,奶茶爱好者  
10621,零食囤货狂  
2600,追剧党  
10384,游戏宅  
5781,汉服爱好者  
3444,剧本杀玩家  
7550,露营新手  
10338,徒步发烧友  
9343,海淘用户  
3861,直播间观众  
8190,短视频创作者  
4671,社交平台种草者  
8742,毕业生（求职季）  
3061,新婚夫妇  
5115,丁克家庭  
7176,空巢青年  
3796,银发族（退休生活）  
8256,养宠新手  
8491,多宠家庭  
2581,残障人士
9788,互联网从业者
10027,金融从业者
6261,教育从业者
10407,医疗从业者
8424,法律从业者
178,咨询顾问
1169,市场营销人员
1009,人力资源专员
9285,行政人员
2739,设计师
23,程序员
10260,产品经理
10341,运营专员
3794,会计 / 财务
4168,公关人员
1867,零售店员
1002,餐饮从业者
2752,物流快递员
7759,网约车司机
10917,导游 / 旅游从业者
3918,美容美发师
993,健身教练
11060,家政服务人员
10456,客服专员
532,销售顾问
1409,自由设计师
8083,独立摄影师
1141,自媒体创作者
7163,插画师
2929,作家 / 文案
6314,音乐人
9328,短视频博主
8892,电商主播
6147,网红 / 达人
1401,手工匠人
3393,大学生
10169,研究生 / 博士生
9511,留学生
2982,教师 / 教授
10283,科研人员
2070,培训师
7290,中小学教师
1801,辅导员
7466,实习生
1534,应届毕业生
1551,工程师
4687,技术工人
2306,电工 / 维修师
6489,建筑从业者
7113,机械操作员
8620,质检员
9500,化工从业者
3700,航空航天技术人员
10526,电子工程师
7263,汽车维修师
5114,农民 / 种植户
1512,渔民 / 养殖户
3460,畜牧从业者
2136,园艺师
2064,林业工作者
3258,手工艺人
10737,非遗传承人
10970,传统匠人（如木工、陶艺）
8521,餐饮店主
10230,小商户老板
10752,公务员
7536,军人 / 警察
34,消防员
4631,空乘 / 飞行员
10677,医护人员（医生 / 护士）
2360,心理咨询师
10882,翻译 / 口译员
545,会展策划师
2266,婚庆从业者
2104,殡葬行业从业者
4985,全职家长
4446,家庭主妇 / 主夫
8751,二胎 / 多孩家长
7109,准父母（备孕 / 孕期）
7329,退休人员
5375,空巢老人
7860,养宠家庭主人
2420,残障人士护理者
8895,家政管理者
10593,家庭采购决策者
1466,元宇宙设计师
7974,跨境电商从业者
242,数据标注员
10068,电竞从业者
2115,游戏代练 / 陪玩
9183,虚拟主播
7645,直播运营
2713,社群管理员
3723,新媒体运营
10984,跨境买手
8614,跨境买手
2620,上班族  
6913,加班族  
9864,通勤族  
4251,办公室新人  
3276,管理层（总监/经理）  
3327,行政采购人员  
8759,出差达人  
2670,远程办公者  
10590,会议频繁者  
10128,久坐人群  
5105,宝妈  
7459,宝爸  
9700,孕妈（孕期）  
2744,备孕人群  
226,二胎家庭  
10113,三胎家庭  
1515,隔代抚养者（爷爷奶奶/外公外婆）  
5576,家庭主妇/主夫  
8553,育儿嫂  
10490,早教机构采购者  
1725,宅家党  
6464,外卖依赖者  
9962,下厨爱好者  
7965,烘焙新手  
1642,健身自律者  
2585,养生达人  
2724,熬夜党  
2206,咖啡刚需者  
355,奶茶爱好者  
4969,零食囤货狂  
5075,追剧党  
7972,游戏宅  
117,汉服爱好者  
4024,剧本杀玩家  
10759,露营新手  
4704,徒步发烧友  
6156,海淘用户  
6045,直播间观众  
4788,短视频创作者  
10566,社交平台种草者  
4824,毕业生（求职季）  
2609,新婚夫妇  
1540,丁克家庭  
763,空巢青年  
4913,银发族（退休生活）  
8163,养宠新手  
3539,多宠家庭  
4575,残障人士
6040,游戏宅  
222,汉服爱好者  
428,剧本杀玩家  
2194,露营新手  
382009,徒步发烧友  
4012,海淘用户  
11008,直播间观众  
4663,短视频创作者  
1529,社交平台种草者  
451,毕业生（求职季）  
10921,新婚夫妇  
118,丁克家庭  
10782,空巢青年  
184,银发族（退休生活）  
10573,养宠新手  
294,多宠家庭  
1765,残障人士
2571,追剧党  
4607,游戏宅  
1438,汉服爱好者  
5185,剧本杀玩家  
1044,露营新手  
7740,徒步发烧友  
2452,海淘用户  
1721,直播间观众  
1036,短视频创作者  
1352,社交平台种草者  
9155,毕业生（求职季）  
1080,新婚夫妇  
2863,丁克家庭  
6633,空巢青年  
4199,银发族（退休生活）  
1041,养宠新手  
10404,多宠家庭  
4560,残障人士
2377,下厨爱好者  
2577,烘焙新手  
2396,健身自律者  
1997,养生达人  
1739,熬夜党  
10804,咖啡刚需者  
1279,奶茶爱好者  
2050,零食囤货狂  
8269,追剧党  
7038,游戏宅  
189,汉服爱好者  
293,剧本杀玩家  
5662,露营新手  
10395,徒步发烧友  
783,海淘用户  
11044,直播间观众  
2476,短视频创作者  
6120,社交平台种草者  
9218,毕业生（求职季）  
9960,新婚夫妇  
7264,丁克家庭  
7861,空巢青年  
726,银发族（退休生活）  
10350,养宠新手  
8321,多宠家庭  
2886,残障人士
10960,互联网从业者
1093,金融从业者
4090,教育从业者
8902,医疗从业者
3803,法律从业者
2961,咨询顾问
2656,市场营销人员
7008,人力资源专员
8197,行政人员
8756,设计师
1322,程序员
8152,产品经理
1925,运营专员
2663,会计 / 财务
7033,公关人员
5006,零售店员
10545,餐饮从业者
10943,物流快递员
1371,网约车司机
4886,导游 / 旅游从业者
2444,美容美发师
2874,健身教练
7479,家政服务人员
9147,客服专员
1130,销售顾问
3353,自由设计师
6447,独立摄影师
915,自媒体创作者
2846,插画师
10716,作家 / 文案
2131,音乐人
1933,短视频博主
6902,电商主播
2102,网红 / 达人
1745,手工匠人
2858,大学生
5882,研究生 / 博士生
4253,留学生
890,教师 / 教授
7240,科研人员
4924,培训师
8601,中小学教师
11072,辅导员
369,实习生
6665,应届毕业生
4335,工程师
10547,技术工人
1904,电工 / 维修师
4842,建筑从业者
5337,机械操作员
5914,质检员
3485,化工从业者
3132,航空航天技术人员
5089,电子工程师
3628,汽车维修师
5433,农民 / 种植户
10361,渔民 / 养殖户
4528,畜牧从业者
730,园艺师
10771,林业工作者
5031,手工艺人
911,非遗传承人
6704,传统匠人（如木工、陶艺）
6491,餐饮店主
6533,小商户老板
357,公务员
2185,军人 / 警察
3226,消防员
6253,空乘 / 飞行员
3868,医护人员（医生 / 护士）
1252,心理咨询师
4030,翻译 / 口译员
6920,会展策划师
3043,婚庆从业者
3569,殡葬行业从业者
9115,全职家长
5096,家庭主妇 / 主夫
5669,二胎 / 多孩家长
3150,准父母（备孕 / 孕期）
5953,退休人员
524,空巢老人
136,养宠家庭主人
8845,残障人士护理者
654,家政管理者
10599,家庭采购决策者
5148,元宇宙设计师
5462,跨境电商从业者
6290,数据标注员
7111,电竞从业者
1990,游戏代练 / 陪玩
9075,虚拟主播
1406,直播运营
5552,社群管理员
9504,新媒体运营
9683,跨境买手
5158,跨境买手
8179,上班族  
6053,加班族  
3873,通勤族  
3135,办公室新人  
5756,管理层（总监/经理）  
4331,行政采购人员  
4051,出差达人  
291,远程办公者  
7481,会议频繁者  
7937,久坐人群  
4495,宝妈  
7384,宝爸  
5088,孕妈（孕期）  
4880,备孕人群  
4180,二胎家庭  
4029,三胎家庭  
1213,隔代抚养者（爷爷奶奶/外公外婆）  
7388,家庭主妇/主夫  
3272,育儿嫂  
413,早教机构采购者  
4110,宅家党  
7186,外卖依赖者  
9165,下厨爱好者  
3311,烘焙新手  
5338,健身自律者  
11026,养生达人  
849,熬夜党  
800,咖啡刚需者  
3822,奶茶爱好者  
1395,零食囤货狂  
6648,追剧党  
2606,游戏宅  
3155,汉服爱好者  
8661,剧本杀玩家  
8155,露营新手  
1560,徒步发烧友  
9764,海淘用户  
3995,直播间观众  
9452,短视频创作者  
3441,社交平台种草者  
5939,毕业生（求职季）  
7449,新婚夫妇  
2960,丁克家庭  
4504,空巢青年  
10318,银发族（退休生活）  
9195,养宠新手  
4492,多宠家庭  
1145,残障人士
7244,游戏宅  
4902,汉服爱好者  
8670,剧本杀玩家  
9421,露营新手  
4233,徒步发烧友  
5321,海淘用户  
9182,直播间观众  
7670,短视频创作者  
4441,社交平台种草者  
3254,毕业生（求职季）  
2954,新婚夫妇  
9445,丁克家庭  
1115,空巢青年  
433,银发族（退休生活）  
5169,养宠新手  
4771,多宠家庭  
5734,残障人士
200,追剧党  
5712,游戏宅  
3237,汉服爱好者  
5597,剧本杀玩家  
4759,露营新手  
10186,徒步发烧友  
4025,海淘用户  
8817,直播间观众  
10207,短视频创作者  
1229,社交平台种草者  
3149,毕业生（求职季）  
4641,新婚夫妇  
1941,丁克家庭  
5602,空巢青年  
9647,银发族（退休生活）  
2138,养宠新手  
3290,多宠家庭  
9677,残障人士
9030,下厨爱好者  
2759,烘焙新手  
402,健身自律者  
4465,养生达人  
5137,熬夜党  
2471,咖啡刚需者  
5896,奶茶爱好者  
4696,零食囤货狂  
7602,追剧党  
9761,游戏宅  
4732,汉服爱好者  
3355,剧本杀玩家  
9989,露营新手  
10017,徒步发烧友  
3020,海淘用户  
9122,直播间观众  
201,短视频创作者  
9736,社交平台种草者  
3741,毕业生（求职季）  
464,新婚夫妇  
8598,丁克家庭  
9395,空巢青年  
8735,银发族（退休生活）  
4324,养宠新手  
4242,多宠家庭  
7557,残障人士
328,互联网从业者
6402,金融从业者
10964,教育从业者
3949,医疗从业者
2970,法律从业者
317,咨询顾问
4841,市场营销人员
10152,人力资源专员
4511,行政人员
4109,设计师
4003,程序员
9867,产品经理
3799,运营专员
7892,会计 / 财务
10348,公关人员
2421,零售店员
3394,餐饮从业者
232,物流快递员
3941,网约车司机
9898,导游 / 旅游从业者
4355,美容美发师
4601,健身教练
5259,家政服务人员
1270,客服专员
651,销售顾问
3451,自由设计师
3652,独立摄影师
9819,自媒体创作者
8272,插画师
4276,作家 / 文案
760,音乐人
3269,短视频博主
455,电商主播
5351,网红 / 达人
1164,手工匠人
10715,大学生
2872,研究生 / 博士生
4176,留学生
7679,教师 / 教授
2345,科研人员
3859,培训师
4348,中小学教师
10223,辅导员
7816,实习生
4246,应届毕业生
430,工程师
1239,技术工人
3206,电工 / 维修师
416,建筑从业者
7521,机械操作员
3057,质检员
6030,化工从业者
3714,航空航天技术人员
3704,电子工程师
3362,汽车维修师
4668,农民 / 种植户
10828,渔民 / 养殖户
2738,畜牧从业者
8074,园艺师
835,林业工作者
9599,手工艺人
4657,非遗传承人
7688,传统匠人（如木工、陶艺）
2438,餐饮店主
10890,小商户老板
2332,公务员
9906,军人 / 警察
2783,消防员
4954,空乘 / 飞行员
858,医护人员（医生 / 护士）
5066,心理咨询师
4591,翻译 / 口译员
4669,会展策划师
2948,婚庆从业者
8657,殡葬行业从业者
3647,全职家长
9003,家庭主妇 / 主夫
10844,二胎 / 多孩家长
4292,准父母（备孕 / 孕期）
5426,退休人员
10305,空巢老人
2390,养宠家庭主人
2973,残障人士护理者
7443,家政管理者
5366,家庭采购决策者
2901,元宇宙设计师
1692,跨境电商从业者
5189,数据标注员
3164,电竞从业者
4787,游戏代练 / 陪玩
7900,虚拟主播
3220,直播运营
6371,社群管理员
4060,新媒体运营
4367,跨境买手
3854,跨境买手
4201,上班族  
4780,加班族  
8330,通勤族  
3340,办公室新人  
2111,管理层（总监/经理）  
6312,行政采购人员  
6493,出差达人  
6785,远程办公者  
4015,会议频繁者  
6983,久坐人群  
3377,宝妈  
3820,宝爸  
6738,孕妈（孕期）  
2731,备孕人群  
4830,二胎家庭  
3221,三胎家庭  
6836,隔代抚养者（爷爷奶奶/外公外婆）  
10786,家庭主妇/主夫  
2909,育儿嫂  
1548,早教机构采购者  
8300,宅家党  
6747,外卖依赖者  
1687,下厨爱好者  
8712,烘焙新手  
7460,健身自律者  
9167,养生达人  
6276,熬夜党  
5942,咖啡刚需者  
9399,奶茶爱好者  
670,零食囤货狂  
10200,追剧党  
2184,游戏宅  
6965,汉服爱好者  
8567,剧本杀玩家  
6779,露营新手  
8462,徒步发烧友  
5833,海淘用户  
9148,直播间观众  
5644,短视频创作者  
5617,社交平台种草者  
2124,毕业生（求职季）  
639,新婚夫妇  
3373,丁克家庭  
7722,空巢青年  
267,银发族（退休生活）  
7869,养宠新手  
7294,多宠家庭  
6552,残障人士
10212,游戏宅  
9617,汉服爱好者  
6616,剧本杀玩家  
2156,露营新手  
353,徒步发烧友  
6786,海淘用户  
584,直播间观众  
2958,短视频创作者  
7287,社交平台种草者  
7643,毕业生（求职季）  
1070,新婚夫妇  
5315,丁克家庭  
1961,空巢青年  
7815,银发族（退休生活）  
1981,养宠新手  
1681,多宠家庭  
3386,残障人士
7455,追剧党  
8122,游戏宅  
6967,汉服爱好者  
8679,剧本杀玩家  
7354,露营新手  
960,徒步发烧友  
2060,海淘用户  
2517,直播间观众  
4068,短视频创作者  
2392,社交平台种草者  
2411,毕业生（求职季）  
6064,新婚夫妇  
5541,丁克家庭  
5920,空巢青年  
128,银发族（退休生活）  
9506,养宠新手  
567,多宠家庭  
8490,残障人士
4445,下厨爱好者  
9209,烘焙新手  
7921,健身自律者  
10106,养生达人  
5327,熬夜党  
1125,咖啡刚需者  
3590,奶茶爱好者  
7413,零食囤货狂  
6953,追剧党  
7166,游戏宅  
1975,汉服爱好者  
5654,剧本杀玩家  
3343,露营新手  
9727,徒步发烧友  
6709,海淘用户  
6182,直播间观众  
6613,短视频创作者  
5827,社交平台种草者  
3591,毕业生（求职季）  
7958,新婚夫妇  
10880,丁克家庭  
7711,空巢青年  
9201,银发族（退休生活）  
3008,养宠新手  
4816,多宠家庭  
10083,残障人士
6358,互联网从业者
3306,金融从业者
936,教育从业者
10691,医疗从业者
2158,法律从业者
8262,咨询顾问
1126,市场营销人员
8573,人力资源专员
5872,行政人员
1877,设计师
7393,程序员
3703,产品经理
3103,运营专员
5815,会计 / 财务
9047,公关人员
7814,零售店员
2584,餐饮从业者
8595,物流快递员
5372,网约车司机
8308,导游 / 旅游从业者
7092,美容美发师
4340,健身教练
5400,家政服务人员
1607,客服专员
1892,销售顾问
1808,自由设计师
4664,独立摄影师
3281,自媒体创作者
5516,插画师
697,作家 / 文案
3495,音乐人
5693,短视频博主
7328,电商主播
8059,网红 / 达人
1650,手工匠人
6274,大学生
7352,研究生 / 博士生
3759,留学生
1496,教师 / 教授
7916,科研人员
10221,培训师
8562,中小学教师
6675,辅导员
2075,实习生
1552,应届毕业生
10254,工程师
2038,技术工人
535,电工 / 维修师
3493,建筑从业者
759,机械操作员
7650,质检员
8377,化工从业者
5595,航空航天技术人员
9576,电子工程师
7549,汽车维修师
9372,农民 / 种植户
3852,渔民 / 养殖户
817,畜牧从业者
5212,园艺师
10472,林业工作者
2994,手工艺人
9475,非遗传承人
9908,传统匠人（如木工、陶艺）
8329,餐饮店主
10370,小商户老板
2695,公务员
5564,军人 / 警察
7136,消防员
805,空乘 / 飞行员
6149,医护人员（医生 / 护士）
5062,心理咨询师
8911,翻译 / 口译员
8855,会展策划师
9807,婚庆从业者
10508,殡葬行业从业者
4697,全职家长
4076,家庭主妇 / 主夫
553,二胎 / 多孩家长
10857,准父母（备孕 / 孕期）
3602,退休人员
7089,空巢老人
8079,养宠家庭主人
10997,残障人士护理者
10985,家政管理者
6908,家庭采购决策者
4422,元宇宙设计师
295,跨境电商从业者
6008,数据标注员
2850,电竞从业者
7547,游戏代练 / 陪玩
2416,虚拟主播
5291,直播运营
8516,社群管理员
6816,新媒体运营
1872,跨境买手
10127,跨境买手
9854,上班族  
5439,加班族  
6978,通勤族  
5202,办公室新人  
91,管理层（总监/经理）  
788,行政采购人员  
5493,出差达人  
4832,远程办公者  
4820,会议频繁者  
3621,久坐人群  
9333,宝妈  
5711,宝爸  
3947,孕妈（孕期）  
9943,备孕人群  
4727,二胎家庭  
820,三胎家庭  
8875,隔代抚养者（爷爷奶奶/外公外婆）  
7718,家庭主妇/主夫  
9279,育儿嫂  
10430,早教机构采购者  
1887,宅家党  
6999,外卖依赖者  
3064,下厨爱好者  
4349,烘焙新手  
7516,健身自律者  
8914,养生达人  
8049,熬夜党  
1380,咖啡刚需者  
828,奶茶爱好者  
10194,零食囤货狂  
1407,追剧党  
9474,游戏宅  
5182,汉服爱好者  
2022,剧本杀玩家  
6840,露营新手  
9904,徒步发烧友  
9466,海淘用户  
2877,直播间观众  
7731,短视频创作者  
8793,社交平台种草者  
1926,毕业生（求职季）  
10610,新婚夫妇  
11070,丁克家庭  
497,空巢青年  
8401,银发族（退休生活）  
8232,养宠新手  
7659,多宠家庭  
9031,残障人士
8281,游戏宅  
1121,汉服爱好者  
10293,剧本杀玩家  
10833,露营新手  
7648,徒步发烧友  
7732,海淘用户  
1390,直播间观众  
2270,短视频创作者  
10160,社交平台种草者  
8986,毕业生（求职季）  
8380,新婚夫妇  
9763,丁克家庭  
5762,空巢青年  
8390,银发族（退休生活）  
4075,养宠新手  
1726,多宠家庭  
5273,残障人士
3950,追剧党  
335,游戏宅  
35,汉服爱好者  
197,剧本杀玩家  
2675,露营新手  
8348,徒步发烧友  
3270,海淘用户  
9916,直播间观众  
3512,短视频创作者  
580,社交平台种草者  
10982,毕业生（求职季）  
9849,新婚夫妇  
7082,丁克家庭  
9394,空巢青年  
5682,银发族（退休生活）  
8035,养宠新手  
3845,多宠家庭  
10268,残障人士
6970,下厨爱好者  
3105,烘焙新手  
7363,健身自律者  
7497,养生达人  
9632,熬夜党  
6520,咖啡刚需者  
3877,奶茶爱好者  
7717,零食囤货狂  
6179,追剧党  
9691,游戏宅  
9074,汉服爱好者  
3958,剧本杀玩家  
10466,露营新手  
3710,徒步发烧友  
1019,海淘用户  
9011,直播间观众  
6586,短视频创作者  
8032,社交平台种草者  
5721,毕业生（求职季）  
9434,新婚夫妇  
4356,丁克家庭  
3398,空巢青年  
8564,银发族（退休生活）  
4577,养宠新手  
8697,多宠家庭  
655,残障人士
5489,游戏宅  
5760,游戏宅  
5590,游戏宅  
7252,游戏宅  
5822,游戏宅  
1112,游戏宅  
3380,游戏宅  
10185,游戏宅  
977,游戏宅  
6733,游戏宅  
10696,上班族  
9545,上班族  
10811,上班族  
10595,上班族  
11027,上班族  
4179,上班族  
3937,上班族  
7696,上班族  
8391,上班族  
912,上班族  
7913,上班族  
10602,上班族  
2747,上班族  
6860,上班族  
4629,上班族  
8549,上班族  
1248,上班族  
4642,上班族  
9645,上班族  
10872,上班族  
8691,上班族  
2440,上班族  
5470,上班族  
3734,上班族  
7847,上班族  
8984,上班族  
9562,上班族  
667,上班族  
7845,上班族  
7988,上班族  
5935,上班族  
5713,上班族  
453,上班族  
8111,上班族  
2591,上班族  
1803,上班族  
4084,上班族  
1094,上班族  
5266,上班族  
8979,上班族  
9404,上班族  
1469,上班族  
7635,上班族  
9584,上班族  
2835,上班族  
8917,上班族  
3767,上班族  
8878,上班族  
8488,上班族  
3013,上班族  
6238,上班族  
10233,上班族  
8658,上班族  
10824,上班族  
6101,上班族  
10300,上班族  
7765,上班族  
9457,上班族  
7398,上班族  
10866,上班族  
3161,上班族  
3754,上班族  
7927,上班族  
57,上班族  
6513,上班族  
1427,上班族  
9346,上班族  
9725,上班族  
1230,上班族  
10991,上班族  
9353,上班族  
7664,上班族  
8326,上班族  
6735,上班族  
7712,上班族  
2989,上班族  
10014,上班族  
5482,上班族  
6977,上班族  
6207,上班族  
5074,上班族  
6856,上班族  
4744,上班族  
10054,上班族  
2570,上班族  
152,上班族  
10613,上班族  
8087,上班族  
10591,上班族  
635,上班族  
9044,上班族  
9213,上班族  
5832,上班族  
9014,上班族  
7183,上班族  
6527,上班族  
5275,上班族  
9793,上班族  
10258,上班族  
990,上班族  
4565,上班族  
1744,上班族  
4892,上班族  
1790,上班族  
1026,上班族  
8700,上班族  
7969,上班族  
2777,上班族  
10887,上班族  
838,上班族  
4426,上班族  
8708,上班族  
3564,上班族  
6471,上班族  
1698,上班族  
1446,上班族  
9888,上班族  
10116,上班族  
1502,上班族  
10016,上班族  
1405,上班族  
7505,上班族  
7646,上班族  
1078,上班族  
9981,上班族  
2522,上班族  
5823,上班族  
10976,上班族  
3042,上班族  
4551,上班族  
7690,上班族  
1127,上班族  
525,上班族  
3122,上班族  
270,上班族  
9712,上班族  
5079,上班族  
7179,上班族  
3556,上班族  
513,上班族  
10372,上班族  
6201,上班族  
9117,上班族  
5331,上班族  
7583,上班族  
9778,上班族  
10825,上班族  
8636,上班族  
3129,上班族  
8872,上班族  
1432,上班族  
1831,上班族  
2823,上班族  
8579,上班族  
9427,上班族  
1863,上班族  
8495,上班族  
938,上班族  
8405,上班族  
2938,上班族  
10795,上班族  
4150,上班族  
8353,上班族  
6105,上班族  
8720,上班族  
1556,上班族  
412,上班族  
6827,上班族  
4802,上班族  
2346,上班族  
985,上班族  
4229,上班族  
10910,上班族  
4048,上班族  
2524,上班族  
10301,上班族  
5313,上班族  
3762,上班族  
6192,上班族  
3133,上班族  
10775,上班族  
3545,上班族  
939,上班族  
2526,上班族  
10396,上班族  
503,上班族  
2299,上班族  
2174,上班族  
3755,上班族  
10248,上班族  
7036,上班族  
9598,上班族  
7687,上班族  
1652,上班族  
2258,上班族  
310,上班族  
1192,上班族  
6655,上班族  
417,上班族  
3753,上班族  
11022,上班族  
7274,上班族  
6203,上班族  
10657,上班族  
7345,上班族  
2493,上班族  
4129,上班族  
2825,上班族  
1645,上班族  
121,上班族  
10297,上班族  
3034,上班族  
9299,上班族  
5742,上班族  
10458,上班族  
5924,上班族  
853,上班族  
6240,上班族  
10888,上班族  
9831,上班族  
8130,上班族  
8480,上班族  
9575,上班族  
6731,上班族  
6622,上班族  
10009,上班族  
8052,上班族  
10242,上班族  
6683,上班族  
2827,上班族  
10417,上班族  
8808,上班族  
2181,上班族  
2536,上班族  
2955,上班族  
3172,上班族  
10355,上班族  
8259,上班族  
9339,上班族  
7370,上班族  
575,上班族  
7953,上班族  
1943,上班族  
735,上班族  
1404,上班族  
1455,上班族  
4785,上班族  
1919,上班族  
10723,上班族  
1996,上班族  
4037,上班族  
855,上班族  
942,上班族  
704,上班族  
10923,上班族  
1351,上班族  
2350,上班族  
349,上班族  
10666,上班族  
7962,上班族  
4693,上班族  
1902,上班族  
475,上班族  
1067,上班族  
6638,上班族  
10792,上班族  
288,上班族  
5120,上班族  
1828,上班族  
10205,上班族  
3277,上班族  
6335,上班族  
3375,上班族  
2505,上班族  
2736,上班族  
8513,上班族  
6294,上班族  
6027,上班族  
4134,上班族  
1646,上班族  
2030,上班族  
8673,上班族  
9211,上班族  
192,上班族  
8166,上班族  
371,上班族  
7026,上班族  
1076,上班族  
8956,上班族  
2757,上班族  
6232,上班族  
4234,上班族  
773,上班族  
2502,上班族  
1695,上班族  
1947,上班族  
11045,上班族  
9555,上班族  
10292,上班族  
7144,上班族  
9138,上班族  
1783,上班族  
1437,上班族  
4983,上班族  
6663,上班族  
2095,上班族  
1249,上班族  
1689,上班族  
9440,上班族  
5332,上班族  
1202,上班族  
1463,上班族  
10830,上班族  
7626,上班族  
499,上班族  
1923,上班族  
10926,上班族  
4177,上班族  
4469,上班族  
1880,上班族  
1411,上班族  
2953,上班族  
9464,上班族  
2087,上班族  
2508,上班族  
1114,上班族  
11054,上班族  
10911,上班族  
4519,上班族  
3778,上班族  
10325,上班族  
7748,上班族  
8854,上班族  
493,上班族  
815,上班族  
2449,上班族  
6077,上班族  
2595,上班族  
1532,上班族  
10983,上班族  
7417,上班族  
10533,上班族  
272,上班族  
6885,上班族  
2624,上班族  
10681,上班族  
8331,上班族  
5903,上班族  
1047,上班族  
9775,上班族  
10494,上班族  
5913,上班族  
6215,上班族  
2228,上班族  
3866,上班族  
6639,上班族  
5168,上班族  
2952,上班族  
7046,上班族  
2748,上班族  
916,上班族  
1639,上班族  
4066,上班族  
6150,上班族  
7882,上班族  
10320,上班族  
1393,上班族  
931,上班族  
2041,上班族  
5825,上班族  
3967,上班族  
9463,上班族  
6726,上班族  
213,上班族  
879,上班族  
1274,上班族  
2603,上班族  
1385,上班族  
3089,上班族  
1676,上班族  
1035,上班族  
2427,上班族  
10356,上班族  
7335,上班族  
10727,上班族  
7075,上班族  
1575,上班族  
627,上班族  
2623,上班族  
9163,上班族  
8483,上班族  
4509,上班族  
1878,上班族  
1624,上班族  
3716,上班族  
6984,上班族  
5708,上班族  
2712,上班族  
705,上班族  
311,上班族  
4810,上班族  
10353,上班族  
218,上班族  
8150,上班族  
2430,上班族  
5733,上班族  
2465,上班族  
6654,上班族  
1269,上班族  
10565,上班族  
9492,上班族  
1195,上班族  
3610,上班族  
3891,上班族  
4911,上班族  
8014,上班族  
3395,上班族  
10334,上班族  
8039,上班族  
7944,上班族  
8840,上班族  
4614,上班族  
798,上班族  
141,上班族  
10483,上班族  
7934,上班族  
10594,上班族  
1960,上班族  
6278,上班族  
2367,上班族  
5536,上班族  
8887,上班族  
3832,上班族  
8653,上班族  
2991,上班族  
3031,上班族  
3017,上班族  
10886,上班族  
543,上班族  
10183,上班族  
8654,上班族  
5922,上班族  
3833,上班族  
8600,上班族  
7321,上班族  
8472,上班族  
578,上班族  
10556,上班族  
1976,上班族  
4847,上班族  
4589,上班族  
5673,上班族  
6028,上班族  
4794,上班族  
4269,上班族  
3381,上班族  
9686,上班族  
3870,上班族  
1030,上班族  
7982,上班族  
7840,上班族  
4588,上班族  
2556,上班族  
9184,上班族  
6619,上班族  
6336,上班族  
4434,上班族  
7685,上班族  
4616,上班族  
3188,上班族  
2352,上班族  
4425,上班族  
703,上班族  
9052,上班族  
8565,上班族  
5861,上班族  
4078,上班族  
8318,上班族  
2033,上班族  
4396,上班族  
7579,上班族  
1079,上班族  
10813,上班族  
4317,上班族  
4856,上班族  
5086,上班族  
2474,上班族  
1747,上班族  
534,上班族  
9629,上班族  
573,上班族  
3189,上班族  
4521,上班族  
4318,上班族  
3679,上班族  
10891,上班族  
2051,上班族  
4236,上班族  
5367,上班族  
4171,上班族  
7391,上班族  
4073,上班族  
10653,上班族  
2224,上班族  
10434,上班族  
2555,上班族  
4637,上班族  
5483,上班族  
830,上班族  
10967,上班族  
5109,上班族  
8431,上班族  
5484,上班族  
2399,上班族  
3203,上班族  
4598,上班族  
440,上班族  
7201,上班族  
4740,上班族  
5373,上班族  
8170,上班族  
1339,上班族  
473,上班族  
143,上班族  
243,上班族  
7984,上班族  
4010,上班族  
6879,上班族  
3956,上班族  
5059,上班族  
5326,上班族  
4653,上班族  
2805,上班族  
10259,上班族  
5611,上班族  
5603,上班族  
5071,上班族  
1716,上班族  
3246,上班族  
341,上班族  
9168,上班族  
5406,上班族  
9143,上班族  
4124,上班族  
4334,毕业生（求职季）  
10197,毕业生（求职季）  
370,毕业生（求职季）  
1273,毕业生（求职季）  
7607,毕业生（求职季）  
6039,毕业生（求职季）  
2313,毕业生（求职季）  
4605,毕业生（求职季）  
10298,毕业生（求职季）  
9146,毕业生（求职季）  
4680,毕业生（求职季）  
4258,毕业生（求职季）  
4689,毕业生（求职季）  
9263,毕业生（求职季）  
7621,毕业生（求职季）  
9845,毕业生（求职季）  
3120,毕业生（求职季）  
5416,毕业生（求职季）  
1160,毕业生（求职季）  
4861,毕业生（求职季）  
3211,毕业生（求职季）  
9053,毕业生（求职季）  
10202,毕业生（求职季）  
4427,毕业生（求职季）  
1228,毕业生（求职季）  
10004,毕业生（求职季）  
6864,毕业生（求职季）  
4971,毕业生（求职季）  
6740,毕业生（求职季）  
3729,毕业生（求职季）  
7281,毕业生（求职季）  
4105,毕业生（求职季）  
1911,毕业生（求职季）  
7161,毕业生（求职季）  
3929,毕业生（求职季）  
9887,毕业生（求职季）  
6197,毕业生（求职季）  
6425,毕业生（求职季）  
10564,毕业生（求职季）  
5132,毕业生（求职季）  
5358,毕业生（求职季）  
3367,毕业生（求职季）  
6460,毕业生（求职季）  
3523,毕业生（求职季）  
337,毕业生（求职季）  
8293,毕业生（求职季）  
10913,毕业生（求职季）  
7515,毕业生（求职季）  
9734,毕业生（求职季）  
9593,毕业生（求职季）  
3841,毕业生（求职季）  
1264,毕业生（求职季）  
4811,毕业生（求职季）  
5316,毕业生（求职季）  
71,毕业生（求职季）  
3130,毕业生（求职季）  
7709,毕业生（求职季）  
3139,毕业生（求职季）  
9312,毕业生（求职季）  
2192,毕业生（求职季）  
2379,毕业生（求职季）  
2487,毕业生（求职季）  
5160,毕业生（求职季）  
6867,毕业生（求职季）  
4014,毕业生（求职季）  
6247,毕业生（求职季）  
6631,毕业生（求职季）  
9928,毕业生（求职季）  
3541,毕业生（求职季）  
3686,毕业生（求职季）  
8006,毕业生（求职季）  
10951,毕业生（求职季）  
3711,毕业生（求职季）  
4205,毕业生（求职季）  
313,毕业生（求职季）  
1774,毕业生（求职季）  
339,毕业生（求职季）  
5325,毕业生（求职季）  
5957,毕业生（求职季）  
962,毕业生（求职季）  
1861,毕业生（求职季）  
966,毕业生（求职季）  
10052,毕业生（求职季）  
9300,毕业生（求职季）  
1684,毕业生（求职季）  
3452,毕业生（求职季）  
4400,毕业生（求职季）  
3657,毕业生（求职季）  
4191,毕业生（求职季）  
185,毕业生（求职季）  
5539,毕业生（求职季）  
4543,毕业生（求职季）  
1628,毕业生（求职季）  
6380,毕业生（求职季）  
4527,毕业生（求职季）  
9037,毕业生（求职季）  
3514,毕业生（求职季）  
1736,毕业生（求职季）  
2464,毕业生（求职季）  
9607,毕业生（求职季）  
3654,毕业生（求职季）  
5709,毕业生（求职季）  
3321,毕业生（求职季）  
10238,毕业生（求职季）  
10604,毕业生（求职季）  
9765,毕业生（求职季）  
10853,毕业生（求职季）  
4333,毕业生（求职季）  
5255,毕业生（求职季）  
8112,毕业生（求职季）  
4302,毕业生（求职季）  
3963,毕业生（求职季）  
10316,毕业生（求职季）  
10433,毕业生（求职季）  
6165,毕业生（求职季）  
2371,毕业生（求职季）  
7386,毕业生（求职季）  
808,毕业生（求职季）  
3437,毕业生（求职季）  
2523,毕业生（求职季）  
7729,毕业生（求职季）  
8492,毕业生（求职季）  
9286,毕业生（求职季）  
4064,毕业生（求职季）  
9516,毕业生（求职季）  
6696,毕业生（求职季）  
6107,毕业生（求职季）  
1209,毕业生（求职季）  
3205,毕业生（求职季）  
6375,毕业生（求职季）  
3884,毕业生（求职季）  
9685,毕业生（求职季）  
7713,毕业生（求职季）  
9330,毕业生（求职季）  
6478,毕业生（求职季）  
10470,毕业生（求职季）  
9428,毕业生（求职季）  
5333,毕业生（求职季）  
10753,毕业生（求职季）  
7303,毕业生（求职季）  
8285,毕业生（求职季）  
720,毕业生（求职季）  
6059,毕业生（求职季）  
6869,毕业生（求职季）  
3388,毕业生（求职季）  
2944,毕业生（求职季）  
4061,毕业生（求职季）  
921,毕业生（求职季）  
5830,毕业生（求职季）  
5697,毕业生（求职季）  
6128,毕业生（求职季）  
1504,毕业生（求职季）  
7617,毕业生（求职季）  
551,毕业生（求职季）  
6004,毕业生（求职季）  
4984,毕业生（求职季）  
5318,毕业生（求职季）  
4448,毕业生（求职季）  
3108,毕业生（求职季）  
398,毕业生（求职季）  
7146,毕业生（求职季）  
69,毕业生（求职季）  
4582,毕业生（求职季）  
824,毕业生（求职季）  
388,毕业生（求职季）  
4462,毕业生（求职季）  
2021,毕业生（求职季）  
7334,毕业生（求职季）  
3865,毕业生（求职季）  
4730,毕业生（求职季）  
1528,毕业生（求职季）  
6451,毕业生（求职季）  
6804,毕业生（求职季）  
9630,毕业生（求职季）  
6129,毕业生（求职季）  
10133,毕业生（求职季）  
11011,毕业生（求职季）  
8261,毕业生（求职季）  
7519,毕业生（求职季）  
9371,毕业生（求职季）  
2548,毕业生（求职季）  
2856,毕业生（求职季）  
6356,毕业生（求职季）  
7134,毕业生（求职季）  
6496,毕业生（求职季）  
7498,毕业生（求职季）  
8258,毕业生（求职季）  
3060,毕业生（求职季）  
6332,毕业生（求职季）  
7314,毕业生（求职季）  
4169,毕业生（求职季）  
5466,毕业生（求职季）  
3745,毕业生（求职季）  
821,毕业生（求职季）  
3980,毕业生（求职季）  
6373,毕业生（求职季）  
2547,毕业生（求职季）  
9608,毕业生（求职季）  
8407,毕业生（求职季）  
6018,毕业生（求职季）  
41,毕业生（求职季）  
5798,毕业生（求职季）  
2019,毕业生（求职季）  
9071,毕业生（求职季）  
934,毕业生（求职季）  
3505,毕业生（求职季）  
9253,毕业生（求职季）  
7905,毕业生（求职季）  
568,毕业生（求职季）  
4383,毕业生（求职季）  
4943,毕业生（求职季）  
6543,毕业生（求职季）  
6158,毕业生（求职季）  
7537,毕业生（求职季）  
3771,毕业生（求职季）  
2699,毕业生（求职季）  
1542,毕业生（求职季）  
2480,毕业生（求职季）  
5365,毕业生（求职季）  
7483,毕业生（求职季）  
6946,毕业生（求职季）  
7595,毕业生（求职季）  
2722,毕业生（求职季）  
8503,毕业生（求职季）  
3113,毕业生（求职季）  
5572,毕业生（求职季）  
1791,毕业生（求职季）  
8335,毕业生（求职季）  
7950,毕业生（求职季）  
10480,毕业生（求职季）  
9055,毕业生（求职季）  
7094,毕业生（求职季）  
5700,毕业生（求职季）  
6800,毕业生（求职季）  
6911,毕业生（求职季）  
4122,毕业生（求职季）  
9109,毕业生（求职季）  
632,毕业生（求职季）  
5791,毕业生（求职季）  
6299,毕业生（求职季）  
9713,行政人员
7533,行政人员
6127,行政人员
6501,行政人员
8610,行政人员
5238,行政人员
8749,行政人员
6695,行政人员
9938,行政人员
6333,行政人员
3914,行政人员
2862,行政人员
6762,行政人员
4359,行政人员
4939,行政人员
3594,行政人员
6175,行政人员
7319,行政人员
5037,行政人员
7409,行政人员
6757,行政人员
6153,行政人员
5034,行政人员
3902,行政人员
7396,行政人员
687,行政人员
4294,行政人员
3142,行政人员
10418,行政人员
4515,行政人员
10745,行政人员
393,行政人员
5947,行政人员
4350,行政人员
10550,行政人员
8707,行政人员
4436,行政人员
6326,行政人员
2625,行政人员
1471,行政人员
642,行政人员
6806,行政人员
3102,行政人员
610,行政人员
1690,行政人员
5731,行政人员
3250,行政人员
2931,行政人员
4098,行政人员
375,行政人员
6330,行政人员
10155,行政人员
6905,行政人员
8514,行政人员
1176,行政人员
5436,行政人员
5900,行政人员
6318,行政人员
7157,行政人员
7837,行政人员
1054,行政人员
2222,行政人员
2229,行政人员
239,行政人员
7832,行政人员
6686,行政人员
5188,行政人员
3283,行政人员
6488,行政人员
6890,行政人员
6714,行政人员
2746,行政人员
5670,行政人员
3294,行政人员
4435,行政人员
9393,行政人员
1319,行政人员
7744,行政人员
5568,行政人员
7566,行政人员
6677,行政人员
605,行政人员
1788,行政人员
5176,行政人员
1750,行政人员
8791,行政人员
7258,行政人员
333,行政人员
4678,行政人员
5415,行政人员
9886,行政人员
4548,行政人员
6530,行政人员
5788,行政人员
8681,行政人员
463,行政人员
6674,行政人员
7469,行政人员
3856,行政人员
8819,行政人员
7424,行政人员
6996,行政人员
6388,行政人员
6651,行政人员
6400,行政人员
4526,行政人员
2011,行政人员
10005,行政人员
4140,行政人员
6717,行政人员
10635,行政人员
85,行政人员
3146,行政人员
6089,行政人员
1638,行政人员
9802,行政人员
5224,行政人员
10908,行政人员
7291,行政人员
4546,行政人员
873,行政人员
454,行政人员
6667,行政人员
5244,行政人员
2935,行政人员
1945,行政人员
5111,行政人员
4081,行政人员
1201,行政人员
10264,行政人员
5546,行政人员
9144,行政人员
8737,行政人员
1460,行政人员
1175,行政人员
1686,行政人员
2366,行政人员
8468,行政人员
9984,行政人员
8772,行政人员
3614,行政人员
9049,行政人员
4893,行政人员
7543,行政人员
10765,行政人员
6427,行政人员
9860,行政人员
653,行政人员
7875,行政人员
9256,行政人员
9992,行政人员
3418,行政人员
4319,行政人员
9432,行政人员
11023,行政人员
10814,行政人员
5240,行政人员
9520,行政人员
7639,行政人员
7411,行政人员
4101,行政人员
9508,行政人员
2798,行政人员
891,行政人员
875,行政人员
4875,行政人员
6287,行政人员
1672,行政人员
6275,行政人员
5506,行政人员
10266,行政人员
1710,行政人员
8140,行政人员
5616,行政人员
10178,行政人员
507,行政人员
1574,行政人员
9015,行政人员
7600,行政人员
9100,行政人员
5039,行政人员
9623,行政人员
790,行政人员
7836,行政人员
7683,行政人员
7573,行政人员
8395,行政人员
8023,行政人员
10093,行政人员
9305,行政人员
5046,行政人员
2979,行政人员
2225,行政人员
7482,行政人员
6263,行政人员
10225,行政人员
8287,行政人员
106,行政人员
5052,行政人员
9541,行政人员
8362,行政人员
7080,行政人员
4764,行政人员
10291,行政人员
5954,行政人员
8013,行政人员
8142,行政人员
7581,行政人员
234,行政人员
8572,行政人员
7948,行政人员
8799,行政人员
9377,行政人员
6251,行政人员
8176,行政人员
8018,行政人员
4766,行政人员
9934,行政人员
3847,行政人员
5581,行政人员
4500,行政人员
8153,行政人员
8606,行政人员
7293,行政人员
1061,行政人员
4147,行政人员
9862,行政人员
7081,行政人员
9719,行政人员
8212,行政人员
8993,行政人员
11056,行政人员
9473,行政人员
1260,行政人员
8102,行政人员
261,行政人员
8741,行政人员
3084,行政人员
8871,行政人员
963,行政人员
1350,行政人员
8842,行政人员
10326,行政人员
6055,行政人员
10448,行政人员
7367,行政人员
9034,行政人员
2945,行政人员
5043,行政人员
7210,行政人员
7723,行政人员
10231,行政人员
3917,行政人员
9205,行政人员
9145,行政人员
9085,行政人员
5204,行政人员
2636,行政人员
7904,行政人员
1034,行政人员
2564,行政人员
8915,行政人员
4651,自由职业者
4232,自由职业者
9621,自由职业者
8949,自由职业者
5685,自由职业者
7947,自由职业者
10328,自由职业者
2847,自由职业者
3193,自由职业者
8816,自由职业者
10530,自由职业者
8757,自由职业者
2171,自由职业者
711,自由职业者
1148,自由职业者
10720,自由职业者
9648,自由职业者
9690,自由职业者
5573,自由职业者
8181,自由职业者
2454,自由职业者
9565,自由职业者
10555,自由职业者
7061,自由职业者
8255,自由职业者
9638,自由职业者
7040,自由职业者
6898,自由职业者
6647,自由职业者
868,自由职业者
7511,自由职业者
9553,自由职业者
3634,自由职业者
9959,自由职业者
7222,自由职业者
8916,自由职业者
6526,自由职业者
10274,自由职业者
7811,自由职业者
3301,自由职业者
1761,自由职业者
956,自由职业者
6113,自由职业者
10920,自由职业者
4370,自由职业者
621,自由职业者
6961,自由职业者
8852,自由职业者
11004,自由职业者
10286,自由职业者
7250,自由职业者
108,自由职业者
5699,自由职业者
10134,自由职业者
4384,自由职业者
9903,自由职业者
442,自由职业者
8983,自由职业者
8451,自由职业者
5149,自由职业者
8151,自由职业者
5714,自由职业者
111,自由职业者
8728,自由职业者
9735,自由职业者
907,自由职业者
1571,自由职业者
4981,自由职业者
1138,自由职业者
1838,自由职业者
4557,自由职业者
3655,自由职业者
8509,自由职业者
2763,自由职业者
1456,自由职业者
8464,自由职业者
1938,自由职业者
7661,自由职业者
8058,自由职业者
5834,自由职业者
2520,自由职业者
9644,自由职业者
10177,自由职业者
1310,自由职业者
3502,自由职业者
4807,自由职业者
9094,自由职业者
278,自由职业者
2482,自由职业者
10222,自由职业者
9797,自由职业者
913,自由职业者
8893,自由职业者
2654,自由职业者
10756,自由职业者
1473,自由职业者
4918,自由职业者
6031,自由职业者
8910,自由职业者
8647,自由职业者
3470,自由职业者
6114,自由职业者
1329,自由职业者
10707,自由职业者
3912,自由职业者
7618,自由职业者
3578,自由职业者
826,自由职业者
10947,自由职业者
10067,自由职业者
8664,自由职业者
10672,自由职业者
8649,自由职业者
8342,自由职业者
1282,自由职业者
5757,自由职业者
7503,自由职业者
5152,自由职业者
1085,自由职业者
3606,自由职业者
7743,自由职业者
1086,自由职业者
9726,自由职业者
4757,自由职业者
7491,自由职业者
9243,自由职业者
7932,自由职业者
2733,自由职业者
6549,自由职业者
4072,自由职业者
4617,自由职业者
6377,自由职业者
164,自由职业者
2528,自由职业者
8291,自由职业者
3492,自由职业者
9718,自由职业者
7028,自由职业者
3185,自由职业者
10683,自由职业者
1775,自由职业者
1612,自由职业者
4228,自由职业者
3905,自由职业者
3584,自由职业者
6457,自由职业者
9306,自由职业者
10432,自由职业者
1293,自由职业者
13,自由职业者
3267,自由职业者
3595,自由职业者
3228,自由职业者
4263,自由职业者
3341,自由职业者
6432,自由职业者
3953,自由职业者
10066,自由职业者
4518,自由职业者
9505,自由职业者
8611,自由职业者
1285,自由职业者
8307,自由职业者
7123,自由职业者
1582,自由职业者
6384,自由职业者
3810,自由职业者
5893,自由职业者
2146,自由职业者
3531,自由职业者
9360,自由职业者
867,自由职业者
8938,自由职业者
2797,自由职业者
5104,自由职业者
6230,自由职业者
7572,自由职业者
3698,自由职业者
6095,自由职业者
10402,自由职业者
6054,自由职业者
10779,自由职业者
367,自由职业者
3080,自由职业者
9714,自由职业者
4486,自由职业者
5801,自由职业者
3735,自由职业者
11001,自由职业者
2836,自由职业者
2788,自由职业者
2869,自由职业者
374,自由职业者
1660,自由职业者
2142,自由职业者
1288,自由职业者
2956,自由职业者
10956,自由职业者
6883,自由职业者
9544,自由职业者
1388,自由职业者
6037,自由职业者
10495,自由职业者
2499,自由职业者
10021,自由职业者
10272,自由职业者
296,自由职业者
10668,自由职业者
2468,自由职业者
1146,自由职业者
2934,自由职业者
8288,自由职业者
2951,自由职业者
4428,自由职业者
5537,自由职业者
2781,自由职业者
2460,自由职业者
2259,自由职业者
2336,自由职业者
1951,自由职业者
9552,自由职业者
10790,自由职业者
8719,自由职业者
6350,自由职业者
10772,自由职业者
7445,自由职业者
2089,自由职业者
623,自由职业者
9140,自由职业者
10263,自由职业者
2626,自由职业者
1955,自由职业者
10163,自由职业者
10971,自由职业者
1671,自由职业者
6538,自由职业者
6418,自由职业者
1720,自由职业者
165,自由职业者
4138,自由职业者
1819,自由职业者
6023,自由职业者
1356,自由职业者
4280,自由职业者
6752,自由职业者
721,自由职业者
6578,自由职业者
6007,自由职业者
10987,自由职业者
2118,自由职业者
8327,自由职业者
19,自由职业者
7957,自由职业者
969,自由职业者
2880,自由职业者
2962,自由职业者
9967,自由职业者
3612,自由职业者
1153,自由职业者
10554,自由职业者
10676,自由职业者
2141,自由职业者
9319,自由职业者
2784,自由职业者
888,自由职业者
9533,自由职业者
1673,自由职业者
7366,自由职业者
2037,自由职业者
3599,自由职业者
2053,自由职业者
8143,自由职业者
10079,自由职业者
2268,自由职业者
6104,自由职业者
9609,自由职业者
9722,自由职业者
1194,自由职业者
2813,自由职业者
1800,自由职业者
965,自由职业者
1691,自由职业者
4791,自由职业者
8252,自由职业者
6659,自由职业者
2807,自由职业者
8995,自由职业者
1850,自由职业者
9150,自由职业者
368,自由职业者
3617,自由职业者
1082,自由职业者
9200,自由职业者
1807,自由职业者
10702,自由职业者
161,自由职业者
10170,自由职业者
7297,自由职业者
7873,自由职业者
468,自由职业者
4931,自由职业者
10969,自由职业者
3968,自由职业者
9750,自由职业者
2917,自由职业者
11016,自由职业者
6034,自由职业者
10618,自由职业者
2659,自由职业者
2704,自由职业者
223,自由职业者
2902,自由职业者
1447,自由职业者
2932,自由职业者
3255,自由职业者
1075,自由职业者
10732,自由职业者
10045,自由职业者
373,自由职业者
1538,自由职业者
150,自由职业者
2643,自由职业者
753,自由职业者
3676,自由职业者
7440,自由职业者
6047,自由职业者
2649,自由职业者
1603,自由职业者
6013,自由职业者
7665,自由职业者
6595,自由职业者
1782,自由职业者
10977,自由职业者
2792,自由职业者
3234,自由职业者
8245,自由职业者
10517,自由职业者
834,自由职业者
4275,自由职业者
8992,自由职业者
10669,自由职业者
7719,自由职业者
5769,自由职业者
54,自由职业者
260,自由职业者
309,自由职业者
8485,自由职业者
8211,自由职业者
8870,自由职业者
10829,自由职业者
4174,自由职业者
8583,自由职业者
301,自由职业者
5533,自由职业者
10363,自由职业者
7084,自由职业者
5139,自由职业者
2212,自由职业者
1488,自由职业者
614,自由职业者
8693,自由职业者
10008,自由职业者
6548,自由职业者
4097,自由职业者
652,自由职业者
6331,自由职业者
3696,自由职业者
6340,自由职业者
1600,自由职业者
6083,自由职业者
10571,自由职业者
6462,自由职业者
2614,自由职业者
7318,自由职业者
2655,自由职业者
1445,自由职业者
3563,自由职业者
5476,自由职业者
1272,自由职业者
2325,自由职业者
2348,自由职业者
10049,自由职业者
2496,自由职业者
10510,自由职业者
7634,自由职业者
3291,自由职业者
284,自由职业者
11028,自由职业者
5558,自由职业者
2213,自由职业者
4399,自由职业者
494,自由职业者
9010,自由职业者
2939,自由职业者
7214,自由职业者
10941,自由职业者
6916,自由职业者
6993,自由职业者
1483,自由职业者
1621,自由职业者
10176,自由职业者
947,自由职业者
2527,自由职业者
2068,自由职业者
6630,自由职业者
10042,自由职业者
8941,自由职业者
2129,自由职业者
10929,自由职业者
2339,自由职业者
10497,自由职业者
3766,自由职业者
2936,自由职业者
6588,自由职业者
8945,自由职业者
9451,自由职业者
6643,自由职业者
1122,自由职业者
10511,自由职业者
8769,自由职业者
10806,自由职业者
4454,自由职业者
10632,自由职业者
9942,自由职业者
6455,自由职业者
3658,自由职业者
6819,自由职业者
1524,自由职业者
8753,自由职业者
1984,自由职业者
5211,自由职业者
540,自由职业者
6576,自由职业者
944,自由职业者
8948,自由职业者
7716,自由职业者
10193,自由职业者
633,自由职业者
10512,自由职业者
1934,自由职业者
4703,自由职业者
3390,自由职业者
1937,自由职业者
4326,自由职业者
2922,自由职业者
8072,自由职业者
8619,自由职业者
10695,自由职业者
5214,自由职业者
2950,自由职业者
5817,自由职业者
9752,自由职业者
9885,自由职业者
1332,自由职业者
5382,自由职业者
6604,自由职业者
3114,自由职业者
5677,自由职业者
1240,自由职业者
1796,自由职业者
5119,自由职业者
4997,自由职业者
7767,自由职业者
9318,自由职业者
360,自由职业者
1014,自由职业者
2975,自由职业者
4339,自由职业者
7063,自由职业者
5250,自由职业者
10743,自由职业者
9227,自由职业者
10733,自由职业者
5469,自由职业者
6990,自由职业者
4718,自由职业者
700,自由职业者
10719,自由职业者
1162,自由职业者
5842,自由职业者
4342,自由职业者
9589,自由职业者
7462,自由职业者
9733,自由职业者
3162,自由职业者
5649,自由职业者
3536,自由职业者
6871,自由职业者
3991,自由职业者
9029,自由职业者
5768,自由职业者
4828,自由职业者
4569,自由职业者
4502,自由职业者
8935,自由职业者
10750,自由职业者
3467,自由职业者
6072,自由职业者
489,自由职业者
7795,自由职业者
10965,自由职业者
6359,自由职业者
2904,自由职业者
4705,自由职业者
2848,自由职业者
3058,自由职业者
8418,自由职业者
7675,自由职业者
4148,自由职业者
3439,自由职业者
1514,自由职业者
9614,自由职业者
5486,自由职业者
6092,自由职业者
10354,自由职业者
7757,自由职业者
3318,自由职业者
1429,自由职业者
681,自由职业者
8382,自由职业者
6958,自由职业者
3940,自由职业者
6250,自由职业者
7938,自由职业者
926,自由职业者
10544,自由职业者
5091,自由职业者
2031,自由职业者
10650,自由职业者
8524,自由职业者
5284,自由职业者
10431,自由职业者
7353,自由职业者
8196,自由职业者
8086,自由职业者
519,自由职业者
5635,自由职业者
4443,自由职业者
9433,自由职业者
8924,自由职业者
305,自由职业者
4082,自由职业者
9069,自由职业者
3118,自由职业者
6015,自由职业者
11030,自由职业者
3899,自由职业者
5308,自由职业者
3239,自由职业者
1793,自由职业者
8432,自由职业者
4416,自由职业者
5653,自由职业者
10336,自由职业者
3975,自由职业者
3812,自由职业者
4485,自由职业者
1479,自由职业者
10703,自由职业者
7034,自由职业者
10162,自由职业者
10151,自由职业者
4017,自由职业者
10015,自由职业者
10868,自由职业者
10115,自由职业者
8349,自由职业者
7219,自由职业者
943,自由职业者
6615,自由职业者
3434,自由职业者
6700,自由职业者
5885,自由职业者
6264,自由职业者
8752,自由职业者
3003,自由职业者
3631,自由职业者
3222,自由职业者
3906,自由职业者
2996,自由职业者
6291,自由职业者
6769,自由职业者
2942,自由职业者
3422,自由职业者
6492,自由职业者
2673,自由职业者
6382,自由职业者
4972,自由职业者
8198,自由职业者
5117,自由职业者
9495,自由职业者
3693,自由职业者
392,自由职业者
3942,自由职业者
8987,自由职业者
2296,自由职业者
7870,自由职业者
9174,自由职业者
2565,自由职业者
6848,自由职业者
3210,自由职业者
7754,自由职业者
4099,自由职业者
3831,自由职业者
5450,自由职业者
1705,自由职业者
5455,自由职业者
5362,自由职业者
4170,自由职业者
132,自由职业者
3006,自由职业者
10415,自由职业者
2769,自由职业者
409,自由职业者
208,自由职业者
1891,自由职业者
2443,自由职业者
5847,自由职业者
5171,自由职业者
3231,自由职业者
9060,自由职业者
7168,自由职业者
4595,自由职业者
4414,自由职业者
10119,自由职业者
3092,自由职业者
3499,自由职业者
33,自由职业者
3000,自由职业者
978,自由职业者
9871,自由职业者
8498,自由职业者
10928,自由职业者
4193,自由职业者
8437,自由职业者
6162,自由职业者
6363,自由职业者
10189,自由职业者
4256,自由职业者
3920,自由职业者
2500,自由职业者
4610,自由职业者
4966,自由职业者
4364,自由职业者
3566,自由职业者
7107,自由职业者
4851,自由职业者
3316,自由职业者
7786,自由职业者
5245,自由职业者
6868,自由职业者
1217,自由职业者
9789,自由职业者
6814,自由职业者
10518,自由职业者
544,自由职业者
1929,自由职业者
188,自由职业者
3758,自由职业者
6273,自由职业者
1482,自由职业者
4165,自由职业者
4990,自由职业者
8947,自由职业者
9515,自由职业者
8528,自由职业者
176,自由职业者
7851,自由职业者
569,自由职业者
4181,自由职业者
8116,自由职业者
2839,自由职业者
10038,自由职业者
6168,自由职业者
8645,自由职业者
9332,自由职业者
8026,自由职业者
3935,自由职业者
1669,自由职业者
15,自由职业者
4658,自由职业者
7829,自由职业者
3253,自由职业者
878,自由职业者
9479,自由职业者
3739,自由职业者
7500,自由职业者
3233,自由职业者
4848,自由职业者
3153,自由职业者
1219,自由职业者
405,自由职业者
9560,自由职业者
3051,自由职业者
7074,自由职业者
384,自由职业者
5886,自由职业者
7147,自由职业者
9876,自由职业者
10860,自由职业者
5936,自由职业者
2188,自由职业者
9482,自由职业者
5196,自由职业者
4707,自由职业者
1439,自由职业者
5511,自由职业者
4387,自由职业者
6899,自由职业者
9613,自由职业者
9518,自由职业者
4975,自由职业者
8420,自由职业者
6882,自由职业者
6564,自由职业者
10543,自由职业者
8644,自由职业者
10345,自由职业者
365,自由职业者
3232,自由职业者
2069,自由职业者
1256,自由职业者
3582,自由职业者
8423,自由职业者
909,自由职业者
6801,自由职业者
3508,自由职业者
8246,自由职业者
4829,自由职业者
3534,自由职业者
46,自由职业者
8805,自由职业者
7071,自由职业者
6062,自由职业者
2209,自由职业者
81,自由职业者
7770,自由职业者
1537,自由职业者
5085,自由职业者
7672,自由职业者
6223,自由职业者
10269,自由职业者
6812,自由职业者
5570,自由职业者
3488,自由职业者
7945,自由职业者
9825,自由职业者
3163,自由职业者
7360,自由职业者
5911,自由职业者
1025,自由职业者
5571,自由职业者
7658,自由职业者
2179,自由职业者
8665,自由职业者
6234,自由职业者
28,自由职业者
10377,自由职业者
4777,自由职业者
2116,自由职业者
2562,自由职业者
7330,自由职业者
3592,自由职业者
8368,自由职业者
7859,自由职业者
7486,自由职业者
6060,自由职业者
10414,自由职业者
1107,自由职业者
6820,自由职业者
193,自由职业者
9836,自由职业者
6751,自由职业者
2854,自由职业者
9922,自由职业者
10637,自由职业者
3551,自由职业者
9703,自由职业者
9688,自由职业者
10460,自由职业者
6945,自由职业者
315,自由职业者
5272,自由职业者
2201,自由职业者
740,自由职业者
9587,自由职业者
1191,自由职业者
3692,自由职业者
9990,自由职业者
7818,自由职业者
1894,自由职业者
2354,自由职业者
8185,自由职业者
7889,自由职业者
7257,自由职业者
3694,自由职业者
2404,自由职业者
6670,自由职业者
1881,自由职业者
8392,自由职业者
4295,自由职业者
4033,自由职业者
6582,自由职业者
1052,自由职业者
7025,自由职业者
9273,自由职业者
6438,自由职业者
6378,自由职业者
5851,自由职业者
8363,自由职业者
5671,自由职业者
10385,自由职业者
9760,自由职业者
2615,自由职业者
10712,自由职业者
6407,自由职业者
6122,自由职业者
2971,自由职业者
6221,自由职业者
6188,自由职业者
7405,自由职业者
7073,自由职业者
7255,自由职业者
8356,自由职业者
6930,自由职业者
7554,自由职业者
1841,自由职业者
8689,自由职业者
5277,自由职业者
1648,自由职业者
1549,自由职业者
2483,自由职业者
566,自由职业者
2820,自由职业者
5803,自由职业者
5587,自由职业者
7545,自由职业者
7895,自由职业者
9277,自由职业者
1426,自由职业者
6094,自由职业者
8616,自由职业者
611,自由职业者
4929,自由职业者
3268,自由职业者
8162,自由职业者
5001,自由职业者
10739,自由职业者
1123,自由职业者
7632,自由职业者
3326,自由职业者
3154,自由职业者
6469,自由职业者
9027,自由职业者
9323,自由职业者
7490,自由职业者
10374,自由职业者
5548,自由职业者
6776,自由职业者
3843,自由职业者
8929,自由职业者
6636,自由职业者
4516,自由职业者
8352,自由职业者
6219,自由职业者
1283,自由职业者
8138,自由职业者
7169,自由职业者
4626,自由职业者
8643,自由职业者
6634,自由职业者
8275,自由职业者
10203,自由职业者
4167,自由职业者
8940,自由职业者
6257,自由职业者
3909,自由职业者
1111,自由职业者
9337,自由职业者
9447,自由职业者
1280,自由职业者
3069,自由职业者
7951,自由职业者
9833,自由职业者
6912,自由职业者
8360,自由职业者
8283,自由职业者
9837,自由职业者
3757,自由职业者
248,自由职业者
10633,自由职业者
7045,自由职业者
5604,自由职业者
6116,自由职业者
7389,自由职业者
5906,自由职业者
9481,自由职业者
5435,自由职业者
7582,自由职业者
6544,自由职业者
7077,自由职业者
2851,自由职业者
7762,自由职业者
9278,自由职业者
10164,自由职业者
6334,自由职业者
8003,自由职业者
7142,自由职业者
6580,自由职业者
3023,自由职业者
4094,自由职业者
1397,自由职业者
5806,自由职业者
10159,自由职业者
7012,自由职业者
2246,自由职业者
4439,自由职业者
5515,自由职业者
2470,自由职业者
4254,自由职业者
9230,自由职业者
5695,自由职业者
860,自由职业者
1419,自由职业者
7223,自由职业者
10791,自由职业者
717,自由职业者
7922,自由职业者
7433,自由职业者
4230,自由职业者
8722,自由职业者
5933,自由职业者
9767,自由职业者
8869,自由职业者
5961,自由职业者
7051,自由职业者
5121,自由职业者
10721,自由职业者
9741,自由职业者
6973,自由职业者
9991,自由职业者
1414,自由职业者
3072,自由职业者
10722,自由职业者
8628,自由职业者
4552,自由职业者
7350,自由职业者
8873,自由职业者
10773,自由职业者
1605,自由职业者
625,自由职业者
7778,自由职业者
8412,自由职业者
1464,自由职业者
399,自由职业者
1151,自由职业者
8879,自由职业者
8057,自由职业者
2123,自由职业者
5142,自由职业者
9977,自由职业者
6610,自由职业者
9600,自由职业者
9917,自由职业者
9357,自由职业者
2029,自由职业者
7758,自由职业者
9920,自由职业者
7641,自由职业者
9083,自由职业者
7766,自由职业者
7525,自由职业者
8810,自由职业者
8439,自由职业者
9401,自由职业者
2551,自由职业者
922,自由职业者
9980,自由职业者
841,自由职业者
6189,自由职业者
7728,自由职业者
3050,自由职业者
358,自由职业者
9067,自由职业者
9579,自由职业者
7603,自由职业者
5260,自由职业者
2914,自由职业者
7103,自由职业者
4677,自由职业者
5084,自由职业者
5698,自由职业者
3770,自由职业者
8417,自由职业者
104,自由职业者
1771,自由职业者
9620,自由职业者
8473,自由职业者
8494,自由职业者
7827,自由职业者
4767,自由职业者
5345,自由职业者
8448,自由职业者
6213,自由职业者
7233,自由职业者
8243,自由职业者
4659,自由职业者
8710,自由职业者
5357,自由职业者
9224,自由职业者
6692,自由职业者
8168,自由职业者
4800,自由职业者
495,自由职业者
8216,自由职业者
1804,自由职业者
8711,自由职业者
8450,自由职业者
9070,自由职业者
5422,自由职业者
8968,自由职业者
9091,自由职业者
4157,自由职业者
6144,自由职业者
257,自由职业者
6308,自由职业者
9261,自由职业者
1056,自由职业者
3701,自由职业者
219,自由职业者
8302,自由职业者
6706,自由职业者
8184,自由职业者
10477,自由职业者
7006,自由职业者
4297,自由职业者
5946,自由职业者
8388,自由职业者
6881,自由职业者
6183,自由职业者
9536,自由职业者
2301,自由职业者
9640,自由职业者
5045,自由职业者
3575,自由职业者
8011,自由职业者
2235,自由职业者
9045,自由职业者
9866,自由职业者
10224,自由职业者
4600,自由职业者
8933,自由职业者
5689,自由职业者
8927,自由职业者
2985,自由职业者
7915,自由职业者
7387,自由职业者
1375,自由职业者
6508,自由职业者
471,自由职业者
9716,自由职业者
9749,自由职业者
10620,自由职业者
3037,自由职业者
10082,自由职业者
2481,自由职业者
6409,自由职业者
411,自由职业者
8036,自由职业者
3046,自由职业者
7476,自由职业者
949,自由职业者
1271,自由职业者
2604,自由职业者
4979,自由职业者
1579,自由职业者
10643,自由职业者
9821,自由职业者
8781,自由职业者
2328,自由职业者
8607,自由职业者
9698,自由职业者
9242,自由职业者
6112,自由职业者
2058,自由职业者
9001,自由职业者
4661,自由职业者
6126,自由职业者
1199,自由职业者
515,自由职业者
7695,自由职业者
9965,自由职业者
9730,自由职业者
9309,自由职业者
6057,自由职业者
6904,自由职业者
9952,自由职业者
8585,自由职业者
8250,自由职业者
8732,自由职业者
1523,自由职业者
7868,自由职业者
4194,自由职业者
9341,自由职业者
1581,自由职业者
574,自由职业者
8173,自由职业者
10820,自由职业者
9262,自由职业者
9051,自由职业者
5787,自由职业者
6199,自由职业者
10143,自由职业者
7751,自由职业者
8133,自由职业者
7474,自由职业者
44,自由职业者
8515,自由职业者
5837,自由职业者
9927,自由职业者
5660,自由职业者
1320,自由职业者
8398,自由职业者
6319,自由职业者
8734,自由职业者
7750,自由职业者
5163,自由职业者
55,自由职业者
6362,自由职业者
10800,自由职业者
11003,自由职业者
7448,自由职业者
8296,自由职业者
10623,自由职业者
8692,自由职业者
693,自由职业者
3787,自由职业者
2684,自由职业者
9743,自由职业者
6512,自由职业者
8510,自由职业者
7590,自由职业者
10973,自由职业者
2561,自由职业者
8127,自由职业者
14,自由职业者
10961,自由职业者
9247,自由职业者
2575,自由职业者
903,自由职业者
10149,自由职业者
9175,自由职业者
804,自由职业者
6866,自由职业者
2101,自由职业者
7218,自由职业者
156,自由职业者
4774,自由职业者
4808,自由职业者
2490,自由职业者
8369,自由职业者
2458,自由职业者
6303,自由职业者
3890,自由职业者
6297,自由职业者
8303,自由职业者
10463,自由职业者
2300,自由职业者
10598,自由职业者
8646,自由职业者
2408,自由职业者
5183,自由职业者
1008,自由职业者
3530,自由职业者
5808,自由职业者
1809,自由职业者
8552,自由职业者
8547,自由职业者
8848,自由职业者
5853,自由职业者
9758,自由职业者
11014,自由职业者
1912,自由职业者
9022,自由职业者
6947,自由职业者
10461,自由职业者
3001,自由职业者
1167,自由职业者
5232,自由职业者
3021,自由职业者
2563,自由职业者
987,自由职业者
9123,自由职业者
7003,自由职业者
2794,自由职业者
2857,自由职业者
4562,自由职业者
1835,自由职业者
7096,自由职业者
10061,自由职业者
10770,自由职业者
8594,自由职业者
3934,自由职业者
8822,自由职业者
443,自由职业者
5223,自由职业者
10525,自由职业者
3081,自由职业者
2106,自由职业者
4508,自由职业者
6271,自由职业者
7532,自由职业者
5384,自由职业者
5592,自由职业者
2810,自由职业者
1018,自由职业者
5518,自由职业者
9771,自由职业者
217,自由职业者
5378,自由职业者
5770,自由职业者
6822,自由职业者
6980,自由职业者
3513,自由职业者
6404,自由职业者
3405,自由职业者
8714,自由职业者
6805,自由职业者
6190,自由职业者
7016,自由职业者
3056,自由职业者
4564,自由职业者
1458,自由职业者
801,自由职业者
9817,自由职业者
5097,自由职业者
8082,自由职业者
6693,自由职业者
8341,自由职业者
8770,自由职业者
7526,自由职业者
10373,自由职业者
1595,自由职业者
3062,自由职业者
1068,自由职业者
5083,自由职业者
4970,自由职业者
7844,自由职业者
9626,自由职业者
2066,自由职业者
10262,自由职业者
7867,自由职业者
2484,自由职业者
1215,自由职业者
6185,自由职业者
1478,自由职业者
10165,自由职业者
8067,自由职业者
8576,自由职业者
1134,自由职业者
492,自由职业者
6745,自由职业者
10796,自由职业者
1263,自由职业者
488,自由职业者
10699,自由职业者
4022,自由职业者
1913,自由职业者
6873,自由职业者
10988,自由职业者
3649,自由职业者
6851,自由职业者
277,自由职业者
9652,自由职业者
2217,自由职业者
7559,自由职业者
5404,自由职业者
2717,自由职业者
2239,自由职业者
11006,自由职业者
10777,自由职业者
2824,自由职业者
1971,自由职业者
4676,自由职业者
1550,自由职业者
4781,自由职业者
4034,自由职业者
1289,自由职业者
10903,自由职业者
1748,自由职业者
10630,自由职业者
6494,自由职业者
7378,自由职业者
8765,自由职业者
10394,自由职业者
7346,自由职业者
10905,自由职业者
6943,自由职业者
10290,自由职业者
10581,自由职业者
4290,自由职业者
6707,自由职业者
4618,自由职业者
8951,自由职业者
251,自由职业者
2166,自由职业者
9834,自由职业者
123,自由职业者
3885,自由职业者
1387,自由职业者
10126,自由职业者
9454,自由职业者
8167,自由职业者
1159,自由职业者
420,自由职业者
3303,自由职业者
9723,自由职业者
1503,自由职业者
43,自由职业者
2498,自由职业者
4995,自由职业者
2186,自由职业者
2790,自由职业者
4936,自由职业者
10996,自由职业者
4541,自由职业者
1874,自由职业者
5683,自由职业者
6711,自由职业者
971,自由职业者
4401,自由职业者
4866,自由职业者
6405,自由职业者
4184,自由职业者
10365,自由职业者
10698,自由职业者
3032,自由职业者
7485,自由职业者
6607,自由职业者
10978,自由职业者
8597,自由职业者
4849,自由职业者
8230,自由职业者
1378,自由职业者
7707,自由职业者
3976,自由职业者
2688,自由职业者
1336,自由职业者
2913,自由职业者
9002,自由职业者
148,自由职业者
10839,自由职业者
3782,自由职业者
1242,自由职业者
10925,自由职业者
2629,自由职业者
3344,自由职业者
5235,自由职业者
10206,自由职业者
4857,自由职业者
1958,自由职业者
8306,自由职业者
2363,自由职业者
134,自由职业者
2816,自由职业者
7132,自由职业者
7495,自由职业者
1081,自由职业者
7801,自由职业者
1649,自由职业者
20,自由职业者
10694,自由职业者
848,自由职业者
3724,自由职业者
3630,自由职业者
7897,自由职业者
2254,自由职业者
2014,自由职业者
10469,自由职业者
7686,自由职业者
6682,自由职业者
5503,自由职业者
1536,自由职业者
10944,自由职业者
6164,自由职业者
3624,自由职业者
2002,自由职业者
2634,自由职业者
6954,自由职业者
1679,自由职业者
4268,自由职业者
195,自由职业者
10118,自由职业者
8557,自由职业者
6672,自由职业者
9006,自由职业者
180,自由职业者
9826,自由职业者
1394,自由职业者
302,自由职业者
9119,自由职业者
2943,自由职业者
4238,自由职业者
438,自由职业者
9320,自由职业者
345,自由职业者
6725,自由职业者
8633,自由职业者
844,自由职业者
5220,自由职业者
2644,自由职业者
2515,自由职业者
713,自由职业者
7280,自由职业者
1486,自由职业者
7361,自由职业者
10311,自由职业者
4039,自由职业者
1012,自由职业者
9102,自由职业者
1443,自由职业者
2450,自由职业者
10907,自由职业者
5155,自由职业者
9702,自由职业者
8387,自由职业者
1422,自由职业者
5445,自由职业者
8493,自由职业者
1762,自由职业者
9803,自由职业者
6381,自由职业者
7138,游戏宅  
8400,游戏宅  
6222,游戏宅  
2992,游戏宅  
2057,游戏宅  
7444,游戏宅  
5102,游戏宅  
7047,游戏宅  
10036,游戏宅  
3986,游戏宅  
10878,游戏宅  
10708,游戏宅  
1622,游戏宅  
4594,游戏宅  
4381,游戏宅  
5686,游戏宅  
1611,游戏宅  
5608,游戏宅  
8227,游戏宅  
636,游戏宅  
5192,游戏宅  
3864,游戏宅  
9776,游戏宅  
1561,游戏宅  
2417,游戏宅  
138,游戏宅  
10651,游戏宅  
719,游戏宅  
1358,游戏宅  
10003,游戏宅  
6664,游戏宅  
1454,游戏宅  
2340,游戏宅  
2761,游戏宅  
5456,游戏宅  
9896,游戏宅  
8727,游戏宅  
10120,游戏宅  
10645,游戏宅  
3165,游戏宅  
10673,游戏宅  
10900,游戏宅  
8169,游戏宅  
4599,游戏宅  
436,游戏宅  
9843,游戏宅  
2322,游戏宅  
6541,游戏宅  
6258,游戏宅  
2236,游戏宅  
10030,游戏宅  
937166,游戏宅  
1759,游戏宅  
4467,游戏宅  
10840,游戏宅  
7548,游戏宅  
346,游戏宅  
10150,游戏宅  
4211,游戏宅  
3140,游戏宅  
9902,游戏宅  
7567,游戏宅  
5520,游戏宅  
1417,游戏宅  
6681,游戏宅  
4227,游戏宅  
4778,游戏宅  
8220,游戏宅  
1410,游戏宅  
10704,游戏宅  
10309,游戏宅  
9502,游戏宅  
3176,游戏宅  
984,游戏宅  
5824,游戏宅  
10216,游戏宅  
8235,游戏宅  
5298,游戏宅  
7178,游戏宅  
2497,游戏宅  
2394,游戏宅  
1734,游戏宅  
5397,游戏宅  
47,游戏宅  
4940,游戏宅  
5070,游戏宅  
5692,游戏宅  
10319,游戏宅  
10023,游戏宅  
70,游戏宅  
4231,游戏宅  
9755,游戏宅  
8775,游戏宅  
4142,游戏宅  
8662,游戏宅  
1077,游戏宅  
3674,游戏宅  
1307,游戏宅  
4217,游戏宅  
116,游戏宅  
9478,游戏宅  
511,游戏宅  
648,游戏宅  
11055,游戏宅  
6838,游戏宅  
1859,游戏宅  
5928,游戏宅  
8527,游戏宅  
11057,游戏宅  
10484,游戏宅  
5032,游戏宅  
6355,游戏宅  
8608,游戏宅  
5655,游戏宅  
6369,游戏宅  
10080,游戏宅  
2318,游戏宅  
10313,游戏宅  
4838,游戏宅  
3384,游戏宅  
4690,游戏宅  
3204,游戏宅  
10167,游戏宅  
1344,游戏宅  
5098,游戏宅  
4691,游戏宅  
3308,游戏宅  
4844,游戏宅  
1844,游戏宅  
2940,游戏宅  
1051,游戏宅  
10137,游戏宅  
3187,游戏宅  
8393,游戏宅  
9364,游戏宅  
6463,游戏宅  
5203,游戏宅  
536,游戏宅  
5835,游戏宅  
8602,游戏宅  
1749,游戏宅  
10147,游戏宅  
9164,游戏宅  
4673,游戏宅  
8268,游戏宅  
2200,游戏宅  
3469,游戏宅  
3097,游戏宅  
4065,游戏宅  
10569,游戏宅  
572,游戏宅  
3074,游戏宅  
10438,游戏宅  
3533,游戏宅  
5583,游戏宅  
8560,游戏宅  
9017,游戏宅  
4724,游戏宅  
6,游戏宅  
7612,游戏宅  
5392,游戏宅  
9382,游戏宅  
6109,游戏宅  
7518,游戏宅  
3038,游戏宅  
8257,游戏宅  
2168,游戏宅  
9625,游戏宅  
10244,游戏宅  
394,游戏宅  
4988,游戏宅  
972,游戏宅  
2789,游戏宅  
1667,游戏宅  
5093,游戏宅  
1657,游戏宅  
5073,游戏宅  
4222,游戏宅  
274,游戏宅  
3538,游戏宅  
9711,游戏宅  
4883,游戏宅  
10427,游戏宅  
5354,游戏宅  
4905,游戏宅  
6572,游戏宅  
5790,游戏宅  
32,游戏宅  
5200,游戏宅  
5065,游戏宅  
9739,游戏宅  
5227,游戏宅  
4158,游戏宅  
2356,游戏宅  
3217,游戏宅  
4873,游戏宅  
6495,游戏宅  
1383,游戏宅  
415,游戏宅  
9449,游戏宅  
1644,游戏宅  
10110,游戏宅  
3961,游戏宅  
9879,游戏宅  
1457,游戏宅  
4303,游戏宅  
10884,游戏宅  
10760,游戏宅  
4839,游戏宅  
6934,游戏宅  
1591,游戏宅  
3945,游戏宅  
10522,游戏宅  
5257,游戏宅  
3718,游戏宅  
7854,游戏宅  
9197,游戏宅  
214,游戏宅  
10748,游戏宅  
2314,游戏宅  
9349,游戏宅  
8934,游戏宅  
1435,游戏宅  
3249,游戏宅  
7841,游戏宅  
5417,游戏宅  
6365,游戏宅  
9058,游戏宅  
7158,游戏宅  
484,游戏宅  
1520,游戏宅  
3111,游戏宅  
7939,游戏宅  
329,游戏宅  
4284,游戏宅  
9519,游戏宅  
7671,游戏宅  
8558,游戏宅  
10089,游戏宅  
951,游戏宅  
4266,游戏宅  
5008,游戏宅  
6000,游戏宅  
10161,游戏宅  
4195,游戏宅  
9955,游戏宅  
4574,游戏宅  
7099,游戏宅  
4702,游戏宅  
9136,游戏宅  
7753,游戏宅  
8046,游戏宅  
7973,游戏宅  
322,游戏宅  
1668,游戏宅  
5048,游戏宅  
7702,游戏宅  
228,游戏宅  
8974,游戏宅  
4452,游戏宅  
1525,游戏宅  
10081,游戏宅  
552,游戏宅  
3863,游戏宅  
9219,游戏宅  
3615,游戏宅  
479,游戏宅  
4871,游戏宅  
1554,游戏宅  
10138,游戏宅  
3748,游戏宅  
4534,游戏宅  
3183,游戏宅  
4916,游戏宅  
1073,游戏宅  
11046,游戏宅  
5485,游戏宅  
10153,游戏宅  
778,游戏宅  
732,游戏宅  
4415,游戏宅  
1493,游戏宅  
6790,游戏宅  
5053,游戏宅  
5118,游戏宅  
2035,游戏宅  
9546,游戏宅  
7105,游戏宅  
4772,游戏宅  
1988,游戏宅  
7048,游戏宅  
6155,游戏宅  
3317,游戏宅  
2981,游戏宅  
3461,游戏宅  
10245,游戏宅  
5952,游戏宅  
7970,游戏宅  
245,游戏宅  
1849,游戏宅  
7399,游戏宅  
10397,游戏宅  
9624,游戏宅  
4576,游戏宅  
4062,游戏宅  
8980,游戏宅  
4406,游戏宅  
3883,游戏宅  
202,游戏宅  
4027,游戏宅  
7095,游戏宅  
5339,游戏宅  
1768,游戏宅  
3052,游戏宅  
2183,游戏宅  
7305,游戏宅  
5620,游戏宅  
9019,游戏宅  
5778,游戏宅  
9313,游戏宅  
9724,游戏宅  
3179,游戏宅  
1594,游戏宅  
6792,游戏宅  
10994,游戏宅  
3494,游戏宅  
3363,游戏宅  
645,游戏宅  
9641,游戏宅  
8088,游戏宅  
9486,游戏宅  
3440,游戏宅  
7877,游戏宅  
2569,游戏宅  
2911,游戏宅  
4135,游戏宅  
6775,游戏宅  
6891,游戏宅  
4524,游戏宅  
6542,游戏宅  
5488,游戏宅  
5549,游戏宅  
7271,游戏宅  
6482,游戏宅  
10280,游戏宅  
5276,游戏宅  
9780,游戏宅  
4742,游戏宅  
6159,游戏宅  
4862,游戏宅  
6316,游戏宅  
811,游戏宅  
3194,游戏宅  
5641,游戏宅  
7438,游戏宅  
3553,游戏宅  
10897,游戏宅  
2678,游戏宅  
8556,游戏宅  
6646,游戏宅  
9705,游戏宅  
1557,游戏宅  
5494,游戏宅  
7457,游戏宅  
8157,游戏宅  
10409,游戏宅  
4009,游戏宅  
6477,游戏宅  
2223,游戏宅  
5199,游戏宅  
11043,游戏宅  
3515,游戏宅  
6041,游戏宅  
6379,游戏宅  
6794,游戏宅  
5966,游戏宅  
7800,游戏宅  
10783,游戏宅  
2750,游戏宅  
6968,游戏宅  
4366,游戏宅  
3732,游戏宅  
74,游戏宅  
7961,游戏宅  
2586,游戏宅  
6783,游戏宅  
6784,游戏宅  
9487,游戏宅  
8425,游戏宅  
5069,游戏宅  
4095,游戏宅  
5741,游戏宅  
3527,游戏宅  
366,游戏宅  
11005,游戏宅  
1089,游戏宅  
8359,游戏宅  
603,游戏宅  
5540,游戏宅  
8221,游戏宅  
4421,游戏宅  
1402,游戏宅  
6715,游戏宅  
6349,游戏宅  
1321,游戏宅  
6922,游戏宅  
7355,游戏宅  
5258,游戏宅  
2667,游戏宅  
7215,游戏宅  
4723,游戏宅  
3241,游戏宅  
6131,游戏宅  
6124,游戏宅  
666,游戏宅  
3425,游戏宅  
9637,游戏宅  
5715,游戏宅  
1584,游戏宅  
694,游戏宅  
4056,游戏宅  
9303,游戏宅  
8709,游戏宅  
6598,游戏宅  
7115,游戏宅  
1729,游戏宅  
8624,游戏宅  
6600,游戏宅  
4368,游戏宅  
207,游戏宅  
1576,游戏宅  
5271,游戏宅  
9655,游戏宅  
8338,游戏宅  
1359,游戏宅  
7031,游戏宅  
287,游戏宅  
40,游戏宅  
3562,游戏宅  
53,游戏宅  
1102,游戏宅  
10506,游戏宅  
4986,游戏宅  
5718,游戏宅  
6080,游戏宅  
546,游戏宅  
4993,游戏宅  
7098,游戏宅  
6842,游戏宅  
5707,游戏宅  
8506,游戏宅  
7041,游戏宅  
1328,游戏宅  
669,游戏宅  
9066,游戏宅  
10936,游戏宅  
3252,游戏宅  
2867,游戏宅  
5696,游戏宅  
6152,游戏宅  
4117,游戏宅  
7295,游戏宅  
10842,游戏宅  
5870,游戏宅  
10865,游戏宅  
671,游戏宅  
7129,游戏宅  
5359,游戏宅  
774,游戏宅  
7021,游戏宅  
8831,游戏宅  
2219,游戏宅  
10952,游戏宅  
5807,游戏宅  
5566,游戏宅  
9380,游戏宅  
6456,游戏宅  
10344,游戏宅  
1755,游戏宅  
1533,游戏宅  
4103,游戏宅  
6390,游戏宅  
8374,游戏宅  
342,游戏宅  
10446,游戏宅  
9315,游戏宅  
7371,游戏宅  
498,游戏宅  
5164,游戏宅  
5502,游戏宅  
1357,游戏宅  
594,游戏宅  
4036,游戏宅  
4523,游戏宅  
7023,游戏宅  
1007,游戏宅  
10012,游戏宅  
2714,游戏宅  
4456,游戏宅  
1509,游戏宅  
3312,游戏宅  
1024,游戏宅  
10942,游戏宅  
6328,游戏宅  
641,游戏宅  
7761,游戏宅  
7379,游戏宅  
7406,游戏宅  
2512,游戏宅  
7529,游戏宅  
683,游戏宅  
6148,游戏宅  
6486,游戏宅  
4245,游戏宅  
3086,游戏宅  
9005,游戏宅  
4132,游戏宅  
6191,游戏宅  
8881,游戏宅  
1490,游戏宅  
4858,游戏宅  
6833,游戏宅  
8497,游戏宅  
2231,游戏宅  
8147,游戏宅  
7896,游戏宅  
8005,游戏宅  
5282,游戏宅  
8073,游戏宅  
9578,游戏宅  
4130,游戏宅  
1530,游戏宅  
3336,游戏宅  
6208,游戏宅  
2406,游戏宅  
7949,游戏宅  
7624,游戏宅  
3773,游戏宅  
4901,游戏宅  
6172,游戏宅  
5532,游戏宅  
696,游戏宅  
10778,游戏宅  
6771,游戏宅  
6200,游戏宅  
127,游戏宅  
7076,游戏宅  
9229,游戏宅  
3555,游戏宅  
3740,游戏宅  
3047,游戏宅  
2843,游戏宅  
5799,游戏宅  
2648,游戏宅  
6640,游戏宅  
3761,游戏宅  
6760,游戏宅  
7899,游戏宅  
1643,游戏宅  
8704,游戏宅  
3798,游戏宅  
3090,游戏宅  
75,游戏宅  
2423,游戏宅  
7705,游戏宅  
7914,游戏宅  
9223,游戏宅  
8188,游戏宅  
7825,游戏宅  
6058,游戏宅  
807,游戏宅  
8950,游戏宅  
8171,游戏宅  
4735,游戏宅  
7872,游戏宅  
5452,游戏宅  
7983,游戏宅  
1865,游戏宅  
8471,游戏宅  
45,游戏宅  
9023,游戏宅  
8118,游戏宅  
6936,游戏宅  
7642,游戏宅  
8832,游戏宅  
10902,游戏宅  
9016,游戏宅  
5311,游戏宅  
935,游戏宅  
9905,游戏宅  
9251,游戏宅  
1459,游戏宅  
9958,游戏宅  
80,游戏宅  
5472,游戏宅  
3359,游戏宅  
7202,游戏宅  
9572,游戏宅  
5747,游戏宅  
1626,游戏宅  
7261,游戏宅  
5504,游戏宅  
9367,游戏宅  
7999,游戏宅  
8323,游戏宅  
7162,游戏宅  
6038,游戏宅  
8545,游戏宅  
68,游戏宅  
8634,游戏宅  
4915,游戏宅  
1590,游戏宅  
1011,游戏宅  
2081,游戏宅  
9774,游戏宅  
5341,游戏宅  
2544,游戏宅  
10390,游戏宅  
1448,游戏宅  
7604,游戏宅  
1284,游戏宅  
752,游戏宅  
10247,游戏宅  
9590,游戏宅  
8844,游戏宅  
8007,游戏宅  
8686,游戏宅  
3908,游戏宅  
9411,游戏宅  
3131,游戏宅  
10312,游戏宅  
9368,游戏宅  
5545,游戏宅  
7534,游戏宅  
8818,游戏宅  
4376,游戏宅  
1477,游戏宅  
8447,游戏宅  
6810,游戏宅  
4447,游戏宅  
722,游戏宅  
2045,游戏宅  
1183,游戏宅  
5849,游戏宅  
11020,游戏宅  
9840,游戏宅  
1596,游戏宅  
8224,游戏宅  
7633,游戏宅  
7390,游戏宅  
8827,游戏宅  
11035,游戏宅  
555,游戏宅  
3319,游戏宅  
2855,游戏宅  
2247,游戏宅  
9222,游戏宅  
7156,游戏宅  
8782,游戏宅  
259,游戏宅  
8029,游戏宅  
3473,游戏宅  
5421,游戏宅  
587,游戏宅  
2486,游戏宅  
4558,游戏宅  
746,游戏宅  
2642,游戏宅  
5147,游戏宅  
1683,游戏宅  
5784,游戏宅  
8265,游戏宅  
4107,游戏宅  
8435,游戏宅  
11000,游戏宅  
10277,游戏宅  
504,游戏宅  
10256,游戏宅  
2921,游戏宅  
5779,游戏宅  
733,游戏宅  
4914,游戏宅  
3780,游戏宅  
1942,游戏宅  
5274,游戏宅  
348,游戏宅  
6301,游戏宅  
429,游戏宅  
10990,游戏宅  
5793,游戏宅  
2285,游戏宅  
8858,游戏宅  
9402,游戏宅  
9018,游戏宅  
6884,游戏宅  
390,游戏宅  
4835,游戏宅  
8031,游戏宅  
4728,游戏宅  
6701,游戏宅  
5684,游戏宅  
538,游戏宅  
2077,游戏宅  
1654,游戏宅  
1992,游戏宅  
10125,游戏宅  
3769,游戏宅  
6393,游戏宅  
9512,游戏宅  
1730,游戏宅  
10799,游戏宅  
3722,游戏宅  
9891,游戏宅  
3715,游戏宅  
8106,游戏宅  
8038,游戏宅  
4888,游戏宅  
10535,游戏宅  
5521,游戏宅  
5765,游戏宅  
9397,游戏宅  
9008,游戏宅  
8478,游戏宅  
146,游戏宅  
5349,游戏宅  
8815,游戏宅  
4198,游戏宅  
9915,游戏宅  
3076,游戏宅  
846,游戏宅  
9930,游戏宅  
1680,游戏宅  
9946,游戏宅  
9812,游戏宅  
4225,游戏宅  
9592,游戏宅  
10026,游戏宅  
9470,游戏宅  
9786,游戏宅  
3284,游戏宅  
7935,游戏宅  
3939,游戏宅  
2204,游戏宅  
1815,游戏宅  
8132,游戏宅  
3229,游戏宅  
10864,游戏宅  
5796,游戏宅  
8618,游戏宅  
3665,游戏宅  
2122,游戏宅  
7874,游戏宅  
3673,游戏宅  
8103,游戏宅  
9850,游戏宅  
2415,游戏宅  
10471,游戏宅  
608,游戏宅  
2554,游戏宅  
9236,游戏宅  
2028,游戏宅  
5143,游戏宅  
7209,游戏宅  
7574,游戏宅  
893,游戏宅  
6994,游戏宅  
8899,游戏宅  
6772,游戏宅  
11066,游戏宅  
8638,游戏宅  
10130,游戏宅  
8830,游戏宅  
8098,游戏宅  
664,游戏宅  
4836,游戏宅  
8605,游戏宅  
531,游戏宅  
6361,游戏宅  
2668,游戏宅  
7560,游戏宅  
8233,游戏宅  
7802,游戏宅  
10706,游戏宅  
449,游戏宅  
2718,游戏宅  
1602,游戏宅  
9639,游戏宅  
5448,游戏宅  
1544,游戏宅  
7338,游戏宅  
7009,游戏宅  
8776,游戏宅  
5386,游戏宅  
466,游戏宅  
4208,游戏宅  
10949,游戏宅  
3011,游戏宅  
2531,游戏宅  
9882,游戏宅  
889,游戏宅  
619,游戏宅  
637,游戏宅  
2426,游戏宅  
8020,游戏宅  
7059,游戏宅  
4738,游戏宅  
9704,游戏宅  
10764,游戏宅  
9754,游戏宅  
3558,游戏宅  
8076,游戏宅  
8838,游戏宅  
8969,游戏宅  
9135,游戏宅  
6697,游戏宅  
622,游戏宅  
7599,游戏宅  
7315,游戏宅  
7275,游戏宅  
1851,游戏宅  
872,游戏宅  
280,游戏宅  
3035,游戏宅  
8546,游戏宅  
3416,游戏宅  
3640,游戏宅  
177,游戏宅  
9191,游戏宅  
847,游戏宅  
8290,游戏宅  
9659,游戏宅  
6960,游戏宅  
8136,游戏宅  
9438,游戏宅  
9999,游戏宅  
1340,游戏宅  
2370,游戏宅  
2560,游戏宅  
1128,游戏宅  
6837,游戏宅  
3838,游戏宅  
9238,游戏宅  
9237,游戏宅  
3882,游戏宅  
10171,游戏宅  
126,游戏宅  
3862,游戏宅  
4804,游戏宅  
3645,游戏宅  
6521,游戏宅  
5838,游戏宅  
7341,游戏宅  
1231,游戏宅  
4288,游戏宅  
1108,游戏宅  
10553,游戏宅  
461,游戏宅  
3738,游戏宅  
5222,游戏宅  
4649,游戏宅  
6411,游戏宅  
10381,游戏宅  
5812,游戏宅  
707,游戏宅  
5108,游戏宅  
9570,游戏宅  
2034,游戏宅  
3309,游戏宅  
8743,游戏宅  
5376,游戏宅  
204,游戏宅  
3772,游戏宅  
2638,游戏宅  
2112,游戏宅  
7647,游戏宅  
6050,游戏宅  
7014,游戏宅  
5522,游戏宅  
8428,游戏宅  
10028,游戏宅  
10582,游戏宅  
9580,游戏宅  
7928,游戏宅  
9400,游戏宅  
1369,游戏宅  
529,游戏宅  
9581,游戏宅  
996,游戏宅  
658,游戏宅  
10179,游戏宅  
10915,游戏宅  
10337,游戏宅  
7578,游戏宅  
10039,游戏宅  
4050,游戏宅  
9046,游戏宅  
6808,游戏宅  
2090,游戏宅  
5901,游戏宅  
3112,游戏宅  
1133,游戏宅  
6446,游戏宅  
5782,游戏宅  
215,游戏宅  
6090,游戏宅  
9610,游戏宅  
8829,游戏宅  
4544,游戏宅  
6795,游戏宅  
1616,游戏宅  
5720,游戏宅  
2001,游戏宅  
10232,游戏宅  
9406,游戏宅  
9680,游戏宅  
1879,游戏宅  
1117,游戏宅  
6940,游戏宅  
4942,游戏宅  
6123,游戏宅  
1780,游戏宅  
3560,游戏宅  
1255,游戏宅  
3580,游戏宅  
8337,游戏宅  
4161,游戏宅  
10199,游戏宅  
3078,游戏宅  
8894,游戏宅  
10310,游戏宅  
4380,游戏宅  
6403,游戏宅  
593,游戏宅  
3382,游戏宅  
10413,游戏宅  
2507,游戏宅  
7251,游戏宅  
7343,游戏宅  
3636,游戏宅  
3805,游戏宅  
3656,游戏宅  
9530,游戏宅  
6599,游戏宅  
10296,游戏宅  
4625,游戏宅  
10692,游戏宅  
2407,游戏宅  
3160,游戏宅  
10529,游戏宅  
3702,游戏宅  
1233,游戏宅  
6154,游戏宅  
3747,游戏宅  
6568,游戏宅  
6929,游戏宅  
300,游戏宅  
25,游戏宅  
1786,游戏宅  
10658,游戏宅  
7442,游戏宅  
3869,游戏宅  
1055,游戏宅  
10389,游戏宅  
8754,游戏宅  
11071,游戏宅  
2372,游戏宅  
359,游戏宅  
2425,游戏宅  
10295,游戏宅  
3216,游戏宅  
2110,游戏宅  
3304,游戏宅  
10735,游戏宅  
874,游戏宅  
1506,游戏宅  
4457,游戏宅  
4926,游戏宅  
6720,游戏宅  
8274,游戏宅  
10246,游戏宅  
4186,游戏宅  
5841,游戏宅  
3431,游戏宅  
1702,游戏宅  
1220,游戏宅  
4826,游戏宅  
9120,游戏宅  
5811,游戏宅  
8783,游戏宅  
10315,游戏宅  
3328,游戏宅  
4224,游戏宅  
1103,游戏宅  
941,游戏宅  
2693,游戏宅  
1827,游戏宅  
866796,游戏宅  
6876,游戏宅  
9089,游戏宅  
4568,游戏宅  
2382,游戏宅  
10504,游戏宅  
9925,游戏宅  
9884,游戏宅  
1977,游戏宅  
10111,游戏宅  
2567,游戏宅  
1869,游戏宅  
4019,游戏宅  
9766,游戏宅  
6710,游戏宅  
1572,游戏宅  
10265,游戏宅  
8354,游戏宅  
7007,游戏宅  
2016,游戏宅  
1170,游戏宅  
7284,游戏宅  
8794,游戏宅  
9769,游戏宅  
1373,游戏宅  
1312,游戏宅  
10527,游戏宅  
1243,游戏宅  
767,游戏宅  
10597,游戏宅  
7137,游戏宅  
10751,游戏宅  
4344,游戏宅  
880,游戏宅  
4563,游戏宅  
647,游戏宅  
10117,游戏宅  
5231,游戏宅  
2573,游戏宅  
6644,游戏宅  
6266,游戏宅  
1268,游戏宅  
1754,游戏宅  
1304,游戏宅  
8811,游戏宅  
2821,游戏宅  
6957,游戏宅  
10659,游戏宅  
8519,游戏宅  
2708,游戏宅  
1143,游戏宅  
9103,游戏宅  
1236,游戏宅  
8994,游戏宅  
9157,游戏宅  
3350,游戏宅  
1475,游戏宅  
6383,游戏宅  
6437,游戏宅  
865,游戏宅  
7347,游戏宅  
2725,游戏宅  
9954,游戏宅  
11036,游戏宅  
10503,游戏宅  
10780,游戏宅  
1286,游戏宅  
5971,游戏宅  
613,游戏宅  
1608,游戏宅  
6969,游戏宅  
1567,游戏宅  
8866,游戏宅  
8687,游戏宅  
10731,游戏宅  
3804,游戏宅  
3571,游戏宅  
2387,游戏宅  
10523,游戏宅  
7164,游戏宅  
10622,游戏宅  
7133,游戏宅  
9050,游戏宅  
2289,游戏宅  
3218,游戏宅  
1097,游戏宅  
590,游戏宅  
10626,游戏宅  
1281,游戏宅  
3981,游戏宅  
10213,游戏宅  
1253,游戏宅  
7039,游戏宅  
2601,游戏宅  
3776,游戏宅  
210,游戏宅  
1431,游戏宅  
3446,游戏宅  
9206,游戏宅  
10755,游戏宅  
4175,游戏宅  
1299,游戏宅  
3070,游戏宅  
5464,游戏宅  
9517,游戏宅  
2237,游戏宅  
9039,游戏宅  
8960,游戏宅  
4209,游戏宅  
10491,游戏宅  
1921,游戏宅  
2088,游戏宅  
9379,游戏宅  
11002,游戏宅  
5800,游戏宅  
9250,游戏宅  
9264,游戏宅  
1053,游戏宅  
283,游戏宅  
9883,游戏宅  
2716,游戏宅  
1472,游戏宅  
8846,游戏宅  
3358,游戏宅  
6909,游戏宅  
10742,游戏宅  
6198,游戏宅  
2881,游戏宅  
1871,游戏宅  
3007,游戏宅  
378,游戏宅  
2511,游戏宅  
7365,游戏宅  
3208,游戏宅  
5340,游戏宅  
400,游戏宅  
10475,游戏宅  
3813,游戏宅  
9290,游戏宅  
7637,游戏宅  
3573,游戏宅  
9890,游戏宅  
9134,游戏宅  
10335,游戏宅  
9311,游戏宅  
10919,游戏宅  
5289,游戏宅  
5621,游戏宅  
9255,游戏宅  
8985,游戏宅  
10368,游戏宅  
2780,游戏宅  
1365,游戏宅  
10797,游戏宅  
7119,游戏宅  
419,游戏宅  
7473,游戏宅  
864,游戏宅  
8386,游戏宅  
9125,游戏宅  
10453,游戏宅  
4021,游戏宅  
4070,游戏宅  
3529,游戏宅  
5425,游戏宅  
4750,游戏宅  
4944,游戏宅  
4156,游戏宅  
7901,游戏宅  
4460,游戏宅  
1948,游戏宅  
1261,游戏宅  
3774,游戏宅  
6210,游戏宅  
182,游戏宅  
7395,游戏宅  
7382,游戏宅  
3952,游戏宅  
3126,游戏宅  
8814,游戏宅  
1197,游戏宅  
7925,游戏宅  
7584,游戏宅  
2686,游戏宅  
3134,游戏宅  
3449,游戏宅  
4538,游戏宅  
2244,游戏宅  
7127,游戏宅  
5230,游戏宅  
9972,游戏宅  
4086,游戏宅  
668,游戏宅  
7285,游戏宅  
3840,游戏宅  
350,游戏宅  
8017,游戏宅  
4643,游戏宅  
7504,游戏宅  
1099,游戏宅  
9557,游戏宅  
4535,游戏宅  
460,游戏宅  
4714,游戏宅  
5141,游戏宅  
4487,游戏宅  
9748,游戏宅  
4736,游戏宅  
5078,游戏宅  
4775,游戏宅  
5514,游戏宅  
6995,游戏宅  
8789,游戏宅  
10379,游戏宅  
5976,游戏宅  
5453,游戏宅  
9483,游戏宅  
2478,游戏宅  
1168,游戏宅  
3525,游戏宅  
785,游戏宅  
327,游戏宅  
4930,游戏宅  
5346,游戏宅  
1178,游戏宅  
3399,游戏宅  
7676,游戏宅  
5305,游戏宅  
8278,游戏宅  
3423,游戏宅  
9814,游戏宅  
5389,游戏宅  
1585,游戏宅  
833,游戏宅  
624,游戏宅  
6765,游戏宅  
3603,游戏宅  
5828,游戏宅  
5124,游戏宅  
4667,游戏宅  
7720,游戏宅  
4779,游戏宅  
7437,游戏宅  
3547,游戏宅  
634,游戏宅  
5368,游戏宅  
3743,游戏宅  
3065,游戏宅  
7308,游戏宅  
1751,游戏宅  
6565,游戏宅  
5049,游戏宅  
781,游戏宅  
5024,游戏宅  
9131,游戏宅  
6579,游戏宅  
3202,游戏宅  
3819,游戏宅  
8427,游戏宅  
5656,游戏宅  
7278,游戏宅  
6329,游戏宅  
5243,游戏宅  
7015,游戏宅  
4459,游戏宅  
3921,游戏宅  
6132,游戏宅  
8867,游戏宅  
5969,游戏宅  
5270,游戏宅  
4768,游戏宅  
8315,游戏宅  
8876,游戏宅  
7752,游戏宅  
3300,游戏宅  
6217,游戏宅  
5501,游戏宅  
4854,游戏宅  
7820,游戏宅  
10481,游戏宅  
11033,游戏宅  
523,游戏宅  
10709,游戏宅  
2616,游戏宅  
6841,游戏宅  
2653,游戏宅  
3809,游戏宅  
2447,游戏宅  
321,游戏宅  
6099,游戏宅  
462,游戏宅  
1179,游戏宅  
4113,游戏宅  
5491,游戏宅  
8474,游戏宅  
2402,游戏宅  
3629,游戏宅  
1876,游戏宅  
7888,游戏宅  
5508,游戏宅  
235,游戏宅  
9093,游戏宅  
3400,游戏宅  
7906,游戏宅  
4127,游戏宅  
3029,游戏宅  
4746,游戏宅  
8672,游戏宅  
4431,游戏宅  
10855,游戏宅  
2900,游戏宅  
8455,游戏宅  
8784,游戏宅  
7351,游戏宅  
6991,游戏宅  
5082,游戏宅  
9385,游戏宅  
4635,游戏宅  
3962,游戏宅  
8551,游戏宅  
4889,游戏宅  
3392,游戏宅  
6093,游戏宅  
5454,游戏宅  
1832,游戏宅  
3428,游戏宅  
10364,游戏宅  
10040,游戏宅  
7032,游戏宅  
6585,游戏宅  
2431,游戏宅  
7262,游戏宅  
10933,游戏宅  
6524,游戏宅  
6559,游戏宅  
1492,游戏宅  
9114,游戏宅  
6075,游戏宅  
5023,游戏宅  
1635,游戏宅  
2227,游戏宅  
1855,游戏宅  
7785,游戏宅  
5038,游戏宅  
7838,游戏宅  
6186,游戏宅  
4946,游戏宅  
6660,游戏宅  
769,游戏宅  
10803,游戏宅  
2589,游戏宅  
11013,游戏宅  
4301,游戏宅  
8604,游戏宅  
5210,游戏宅  
3643,游戏宅  
216,游戏宅  
9523,游戏宅  
4879,游戏宅  
1245,游戏宅  
8880,游戏宅  
2027,游戏宅  
2193,游戏宅  
6728,游戏宅  
3768,游戏宅  
512,游戏宅  
5395,游戏宅  
4496,游戏宅  
7822,游戏宅  
4032,游戏宅  
446,游戏宅  
3593,游戏宅  
4455,游戏宅  
5107,游戏宅  
4481,游戏宅  
2995,游戏宅  
3454,游戏宅  
9437,游戏宅  
5523,游戏宅  
3670,游戏宅  
9790,游戏宅  
1696,游戏宅  
5201,游戏宅  
9921,游戏宅  
5281,游戏宅  
9835,游戏宅  
334,上班族  
3749,上班族  
2875,上班族  
10822,上班族  
2302,上班族  
9601,上班族  
1826,上班族  
10180,上班族  
2967,上班族  
5795,上班族  
3971,上班族  
8,上班族  
10070,上班族  
5891,上班族  
6245,上班族  
9207,上班族  
4513,上班族  
9414,上班族  
8977,上班族  
3421,上班族  
6778,上班族  
7057,上班族  
7908,上班族  
6626,上班族  
4386,上班族  
7467,上班族  
3689,上班族  
422,上班族  
3910,上班族  
8803,上班族  
6227,上班族  
304,上班族  
3680,上班族  
10714,上班族  
7064,上班族  
556,上班族  
9212,上班族  
2074,上班族  
2114,上班族  
1500,上班族  
9056,上班族  
3298,上班族  
7298,上班族  
9276,上班族  
1004,上班族  
7235,上班族  
2159,上班族  
10196,上班族  
5562,上班族  
7188,上班族  
3370,上班族  
7292,上班族  
7377,上班族  
1109,上班族  
10122,上班族  
6143,上班族  
5510,上班族  
1778,上班族  
2845,上班族  
1719,上班族  
6889,上班族  
10303,上班族  
957,上班族  
8961,上班族  
2298,上班族  
3892,上班族  
8586,上班族  
5370,上班族  
1254,上班族  
1853,上班族  
9577,上班族  
5420,上班族  
5228,上班族  
2108,上班族  
2968,上班族  
7002,上班族  
6442,上班族  
10450,上班族  
5702,上班族  
2884,上班族  
1480,上班族  
9810,上班族  
2264,上班族  
5578,上班族  
5729,上班族  
4354,上班族  
4397,上班族  
4580,上班族  
11073,上班族  
7492,上班族  
6919,上班族  
10946,上班族  
8229,上班族  
3144,上班族  
4622,上班族  
797,上班族  
1247,上班族  
10367,上班族  
7605,上班族  
6828,上班族  
5598,上班族  
5738,上班族  
814,上班族  
4834,上班族  
6322,上班族  
1993,上班族  
7423,上班族  
5646,上班族  
6020,上班族  
829,上班族  
4476,上班族  
6248,上班族  
4760,上班族  
10793,上班族  
7552,上班族  
1565,上班族  
380,上班族  
7167,上班族  
6444,上班族  
649,上班族  
1396,上班族  
7404,上班族  
8394,上班族  
6942,上班族  
2910,上班族  
6923,上班族  
9271,上班族  
7104,上班族  
3746,上班族  
6426,上班族  
7187,上班族  
8522,上班族  
7150,上班族  
8201,上班族  
9684,上班族  
2177,上班族  
2006,上班族  
7508,上班族  
160,上班族  
9076,上班族  
10382,上班族  
4606,上班族  
7212,上班族  
3152,上班族  
8659,上班族  
715,上班族  
10209,上班族  
585,上班族  
8429,上班族  
6563,上班族  
10284,上班族  
577,上班族  
5586,上班族  
1266,上班族  
1418,上班族  
1604,上班族  
6878,上班族  
1027,上班族  
5002,上班族  
7090,上班族  
502,上班族  
4316,上班族  
609,上班族  
2154,上班族  
3273,上班族  
3184,上班族  
7175,上班族  
5816,上班族  
8768,上班族  
6237,上班族  
3622,上班族  
6300,上班族  
3048,上班族  
7522,上班族  
9689,上班族  
6130,上班族  
9387,上班族  
3302,上班族  
10358,上班族  
10670,上班族  
8276,上班族  
9004,上班族  
6555,上班族  
2658,上班族  
8454,上班族  
2633,上班族  
7141,上班族  
10873,上班族  
9785,上班族  
7224,上班族  
84,上班族  
5010,上班族  
6606,上班族  
5982,上班族  
7880,上班族  
72,上班族  
10541,上班族  
10728,上班族  
4458,上班族  
4716,上班族  
4872,上班族  
4026,上班族  
5723,上班族  
6780,上班族  
4125,上班族  
7276,上班族  
6372,上班族  
8990,上班族  
10870,上班族  
6656,上班族  
5538,上班族  
6076,上班族  
8145,上班族  
5665,上班族  
4818,上班族  
1171,上班族  
9419,上班族  
6280,上班族  
11039,上班族  
7282,上班族  
7108,上班族  
9412,上班族  
6949,上班族  
7062,上班族  
5745,上班族  
8517,上班族  
4789,上班族  
5317,上班族  
10879,上班族  
1235,上班族  
6078,上班族  
8685,上班族  
3483,上班族  
1834,上班族  
325,上班族  
8409,上班族  
7256,上班族  
9603,上班族  
9217,上班族  
4991,上班族  
6098,上班族  
1647,上班族  
172,上班族  
8311,上班族  
4530,上班族  
8357,上班族  
10314,上班族  
6632,上班族  
7333,上班族  
6603,上班族  
2140,上班族  
7349,上班族  
8479,上班族  
6590,上班族  
7772,上班族  
7304,上班族  
4947,上班族  
6623,上班族  
751,上班族  
7480,上班族  
2617,上班族  
8009,上班族  
7630,上班族  
4121,上班族  
4587,上班族  
472,上班族  
7714,上班族  
3510,上班族  
2707,上班族  
6536,上班族  
2896,上班族  
1743,上班族  
9035,上班族  
2834,上班族  
3559,上班族  
9098,上班族  
286,上班族  
9710,上班族  
10817,上班族  
7960,上班族  
10789,上班族  
10359,上班族  
6928,上班族  
3178,上班族  
3378,上班族  
3296,上班族  
6353,上班族  
2580,上班族  
4711,上班族  
8678,上班族  
8918,上班族  
9450,上班族  
3026,上班族  
7807,上班族  
4956,上班族  
6014,上班族  
7640,上班族  
6196,上班族  
7592,上班族  
9859,上班族  
5783,上班族  
10051,上班族  
8129,上班族  
5666,上班族  
6506,上班族  
7654,上班族  
1311,上班族  
6684,上班族  
1901,上班族  
8422,上班族  
10930,上班族  
3387,上班族  
3887,上班族  
10141,上班族  
8733,上班族  
616,上班族  
9430,上班族  
3627,上班族  
6591,上班族  
1893,上班族  
7798,上班族  
10596,上班族  
4152,上班族  
1764,上班族  
3823,上班族  
2380,上班族  
1694,上班族  
9498,上班族  
816,上班族  
5390,上班族  
7649,上班族  
10995,上班族  
9485,上班族  
7980,上班族  
2583,上班族  
10883,上班族  
8593,上班族  
8904,上班族  
7879,上班族  
3815,上班族  
756,上班族  
11078,上班族  
750,上班族  
8414,上班族  
9966,上班族  
8621,上班族  
6022,上班族  
8529,上班族  
598,上班族  
1994,上班族  
4473,上班族  
6758,上班族  
5814,上班族  
8146,上班族  
9295,上班族  
8228,上班族  
1555,上班族  
8862,上班族  
8030,上班族  
6268,上班族  
5888,上班族  
6167,上班族  
950,上班族  
9721,上班族  
5269,上班族  
1208,上班族  
5512,上班族  
7781,上班族  
6102,上班族  
9096,上班族  
2012,上班族  
9809,上班族  
1558,上班族  
5631,上班族  
7539,上班族  
6134,上班族  
5013,上班族  
6645,上班族  
38,上班族  
2787,上班族  
406,上班族  
9208,上班族  
9429,上班族  
5047,上班族  
3579,上班族  
6311,上班族  
459,上班族  
5144,上班族  
10076,上班族  
8859,上班族  
2898,上班族  
6211,上班族  
2801,上班族  
813,上班族  
6914,上班族  
8584,上班族  
5844,上班族  
4108,上班族  
1631,上班族  
7884,上班族  
8301,上班族  
6743,上班族  
1384,上班族  
8094,上班族  
5451,上班族  
7699,上班族  
3275,上班族  
9665,上班族  
5471,上班族  
9355,上班族  
8126,上班族  
9099,上班族  
7234,上班族  
8385,上班族  
3455,上班族  
6629,上班族  
8500,上班族  
62,上班族  
5858,上班族  
7509,上班族  
5126,上班族  
10644,上班族  
3227,上班族  
8599,上班族  
9961,上班族  
8226,上班族  
10979,上班族  
8463,上班族  
8310,上班族  
656,上班族  
2674,上班族  
1742,上班族  
7710,上班族  
2155,上班族  
7963,上班族  
10255,上班族  
9009,上班族  
8095,上班族  
8210,上班族  
7575,上班族  
8351,上班族  
6103,上班族  
9929,上班族  
3752,上班族  
1573,上班族  
7364,上班族  
8358,上班族  
6320,上班族  
9369,上班族  
6963,上班族  
7580,上班族  
6594,上班族  
7425,上班族  
10570,上班族  
7432,上班族  
9118,上班族  
4119,上班族  
8554,上班族  
8640,上班族  
1772,上班族  
5978,上班族  
9697,上班族  
5774,上班族  
9321,上班族  
3170,上班族  
3709,上班族  
9911,上班族  
786,上班族  
8426,上班族  
840,上班族  
82,上班族  
7324,上班族  
7694,上班族  
9897,上班族  
8582,上班族  
9113,上班族  
6583,上班族  
10387,上班族  
10105,上班族  
8070,上班族  
2135,上班族  
9937,上班族  
4934,上班族  
6341,上班族  
6285,上班族  
695,上班族  
8971,上班族  
8065,上班族  
8629,上班族  
2937,上班族  
5630,上班族  
252,上班族  
8650,上班族  
9282,上班族  
5167,上班族  
3532,上班族  
8906,上班族  
9863,上班族  
9204,上班族  
10717,上班族  
818,上班族  
9082,上班族  
10488,上班族  
8096,上班族  
5181,上班族  
2645,上班族  
2640,上班族  
4868,上班族  
2622,上班族  
10020,上班族  
2742,上班族  
9063,上班族  
10386,上班族  
285,上班族  
11067,上班族  
4313,上班族  
7102,上班族  
169,上班族  
861,上班族  
7887,上班族  
5116,上班族  
2893,上班族  
7472,上班族  
3456,上班族  
3727,上班族  
282,上班族  
1100,上班族  
5843,上班族  
9216,上班族  
1539,上班族  
5867,上班族  
5242,上班族  
9153,上班族  
6753,上班族  
307,上班族  
8248,上班族  
4215,上班族  
9510,上班族  
6270,上班族  
2197,上班族  
10931,上班族  
4885,上班族  
5567,上班族  
4074,上班族  
5892,上班族  
6267,上班族  
2532,上班族  
5951,上班族  
5845,上班族  
5761,上班族  
8642,上班族  
9338,上班族  
8959,上班族  
10006,上班族  
8217,上班族  
8675,上班族  
10188,上班族  
2039,上班族  
1046,上班族  
3313,上班族  
10542,上班族  
4549,上班族  
2779,上班族  
4391,上班族  
1735,上班族  
2216,上班族  
4463,上班族  
2265,上班族  
4131,上班族  
7468,上班族  
6712,上班族  
6483,上班族  
470,上班族  
9301,上班族  
3053,上班族  
1494,上班族  
2605,上班族  
10821,上班族  
10057,上班族  
6255,上班族  
6823,上班族  
1278,上班族  
6730,上班族  
10398,上班族  
9422,上班族  
11025,上班族  
9403,上班族  
9947,上班族  
3181,上班族  
1766,上班族  
10332,上班族  
8183,上班族  
8459,上班族  
3289,上班族  
831,上班族  
8333,上班族  
1805,上班族  
6195,上班族  
2597,上班族  
2844,上班族  
1682,上班族  
5965,上班族  
6484,上班族  
155,上班族  
4963,上班族  
1998,上班族  
4520,上班族  
179,上班族  
8946,上班族  
3096,上班族  
6396,上班族  
1335,上班族  
9801,上班族  
5371,上班族  
6342,上班族  
3851,上班族  
11047,上班族  
10859,上班族  
11079,上班族  
1225,上班族  
7764,上班族  
2376,上班族  
10577,上班族  
2167,上班族  
6428,上班族  
2518,上班族  
1664,上班族  
7221,上班族  
5948,上班族  
5547,上班族  
10420,上班族  
1731,上班族  
10449,上班族  
8309,上班族  
9634,上班族  
8402,上班族  
6450,上班族  
1098,上班族  
2400,上班族  
1715,上班族  
4088,上班族  
7237,上班族  
7793,上班族  
7735,上班族  
7790,上班族  
5915,上班族  
4369,上班族  
1713,上班族  
2358,上班族  
7975,上班族  
10424,上班族  
2344,上班族  
8613,上班族  
306,上班族  
10757,上班族  
2698,上班族  
8159,上班族  
1364,上班族  
6901,上班族  
5320,上班族  
8773,上班族  
570,上班族  
2696,上班族  
2412,上班族  
7451,上班族  
9654,上班族  
10352,上班族  
9895,上班族  
11012,上班族  
7239,上班族  
10667,上班族  
10267,上班族  
8507,上班族  
10452,上班族  
8944,上班族  
6295,上班族  
10101,上班族  
8631,上班族  
5413,上班族  
1120,上班族  
6461,上班族  
10465,上班族  
1474,上班族  
2785,上班族  
4621,上班族  
7749,上班族  
9816,上班族  
2613,上班族  
5407,上班族  
4897,上班族  
10184,上班族  
3346,上班族  
6265,上班族  
10603,上班族  
8231,上班族  
8501,上班族  
1139,上班族  
2442,上班族  
9782,上班族  
1204,上班族  
1738,上班族  
2391,上班族  
10674,上班族  
9418,上班族  
6650,上班族  
3720,上班族  
1599,上班族  
9448,上班族  
7866,上班族  
5312,上班族  
1974,上班族  
1415,上班族  
10388,上班族  
583,上班族  
5042,上班族  
10876,上班族  
3156,上班族  
5968,上班族  
385,上班族  
5252,上班族  
10215,上班族  
9239,上班族  
4128,上班族  
8550,上班族  
1275,上班族  
9870,上班族  
6212,上班族  
10090,上班族  
9805,上班族  
7416,上班族  
8064,上班族  
1324,上班族  
11076,上班族  
6505,上班族  
2018,上班族  
2852,上班族  
6202,上班族  
5194,上班族  
2672,上班族  
10832,上班族  
1451,上班族  
1222,上班族  
2661,上班族  
1825,上班族  
3677,上班族  
1641,上班族  
8988,上班族  
10347,上班族  
7447,上班族  
6392,上班族  
10896,上班族  
1294,上班族  
8460,上班族  
10892,上班族  
8148,上班族  
659,上班族  
2100,上班族  
6423,上班族  
1370,上班族  
8237,上班族  
2094,上班族  
2374,上班族  
3459,上班族  
11069,上班族  
7376,上班族  
2151,上班族  
10700,上班族  
6789,上班族  
4612,上班族  
255,上班族  
7828,上班族  
1158,上班族  
1882,上班族  
3650,上班族  
2588,上班族  
6433,上班族  
2163,上班族  
2207,上班族  
8125,上班族  
273,上班族  
9087,上班族  
2175,上班族  
10,上班族  
1511,上班族  
5607,上班族  
9631,上班族  
6673,上班族  
4291,上班族  
10629,上班族  
9156,上班族  
2253,上班族  
791,上班族  
2422,上班族  
7586,上班族  
7091,上班族  
2552,上班族  
3936,上班族  
4420,上班族  
9073,上班族  
1799,上班族  
2091,上班族  
351,上班族  
4840,上班族  
7588,上班族  
5248,上班族  
7733,上班族  
7898,上班族  
1978,上班族  
3223,上班族  
1161,上班族  
3507,上班族  
4962,上班族  
7541,上班族  
5826,上班族  
2516,上班族  
5280,上班族  
3642,上班族  
4952,上班族  
10747,上班族  
147,上班族  
3426,上班族  
5054,上班族  
10182,上班族  
9995,上班族  
3827,上班族  
3620,上班族  
5146,上班族  
7171,上班族  
10454,上班族  
678,上班族  
3307,上班族  
1033,上班族  
4514,上班族  
4018,上班族  
3557,上班族  
6971,上班族  
617,上班族  
5017,上班族  
2837,上班族  
7140,上班族  
4305,上班族  
5217,上班族  
10261,上班族  
9459,上班族  
10693,上班族  
4776,上班族  
1223,上班族  
8695,上班族  
6467,上班族  
1337,上班族  
4112,上班族  
5319,上班族  
434,上班族  
7628,上班族  
10559,上班族  
2419,上班族  
133,上班族  
7773,上班族  
4863,上班族  
5569,上班族  
3324,上班族  
5336,上班族  
9259,上班族  
5022,上班族  
4079,上班族  
8371,上班族  
1101,上班族  
4145,上班族  
1665,上班族  
4249,上班族  
4581,上班族  
10823,上班族  
2294,上班族  
3811,上班族  
7834,上班族  
5591,上班族  
1674,上班族  
10073,上班族  
423,上班族  
999,上班族  
258,上班族  
9181,上班族  
9693,上班族  
8056,上班族  
1939,上班族  
8297,上班族  
8548,上班族  
1184,上班族  
6739,上班族  
4046,上班族  
5299,上班族  
5136,上班族  
3565,上班族  
441,上班族  
7152,上班族  
557,上班族  
3476,上班族  
8403,上班族  
4453,上班族  
2148,上班族  
6206,上班族  
4747,上班族  
6605,上班族  
5380,上班族  
6252,上班族  
7555,上班族  
979,上班族  
2999,上班族  
4786,上班族  
10251,上班族  
8025,上班族  
9529,上班族  
4542,上班族  
10875,上班族  
8908,上班族  
2026,上班族  
3763,上班族  
1227,上班族  
4719,上班族  
924,上班族  
2403,上班族  
5356,上班族  
114,上班族  
8215,上班族  
477,上班族  
2510,上班族  
3345,上班族  
9160,上班族  
2080,上班族  
7697,上班族  
4057,上班族  
10539,上班族  
6009,上班族  
9169,上班族  
3795,上班族  
980,上班族  
736,上班族  
9633,上班族  
5937,上班族  
10805,上班族  
6551,上班族  
1495,上班族  
8809,上班族  
10816,上班族  
1963,上班族  
3834,大学生
3036,大学生
5138,大学生
5743,大学生
10056,大学生
4982,大学生
5058,大学生
7342,大学生
4226,大学生
3626,大学生
2043,大学生
4874,大学生
5880,大学生
426,大学生
9416,大学生
5208,大学生
5190,大学生
4753,大学生
3817,大学生
5984,大学生
3685,大学生
3,大学生
3095,大学生
10346,大学生
1452,大学生
10445,大学生
5323,大学生
5172,大学生
4200,大学生
3198,大学生
9852,大学生
10400,大学生
7289,大学生
9335,大学生
8725,大学生
3337,大学生
5009,大学生
9564,大学生
1569,大学生
5353,大学生
8438,大学生
3177,大学生
2630,大学生
4554,大学生
6140,大学生
174,大学生
8839,大学生
766,大学生
8982,大学生
10428,大学生
205,大学生
5123,大学生
4782,大学生
3872,大学生
500,大学生
10229,大学生
5543,大学生
4900,大学生
6133,大学生
863,大学生
10534,大学生
10166,大学生
5290,大学生
1259,大学生
5432,大学生
3999,大学生
4751,大学生
10376,大学生
3445,大学生
8828,大学生
10131,大学生
8442,大学生
5170,大学生
4464,大学生
9472,大学生
994,大学生
5393,大学生
9467,大学生
10536,大学生
10898,大学生
4411,大学生
4506,大学生
5748,大学生
6367,大学生
3609,大学生
5233,大学生
9381,大学生
7677,大学生
5492,大学生
2542,大学生
3951,大学生
4503,大学生
2568,大学生
5979,大学生
5634,大学生
4058,大学生
731,大学生
4219,大学生
5481,大学生
9284,大学生
6001,大学生
665,大学生
5746,大学生
3983,大学生
4182,大学生
4720,大学生
2977,大学生
748,大学生
6894,大学生
113,大学生
448,大学生
4477,大学生
3310,大学生
7428,大学生
5878,大学生
10738,大学生
4686,大学生
6272,大学生
9232,大学生
6119,大学生
7203,大学生
8962,大学生
5090,大学生
1986,大学生
8093,大学生
9924,大学生
2682,大学生
782,大学生
3814,大学生
6281,大学生
6924,大学生
5624,大学生
10157,大学生
10362,大学生
7357,大学生
10801,大学生
10032,大学生
8850,大学生
2143,大学生
485,大学生
2990,大学生
2288,大学生
3396,大学生
2795,大学生
2776,大学生
8367,大学生
5636,大学生
6558,大学生
937,大学生
3465,大学生
9857,大学生
7461,大学生
8957,大学生
5399,大学生
646,大学生
5840,大学生
10998,大学生
2694,大学生
742,大学生
6029,大学生
8851,大学生
1251,大学生
5735,大学生
799,大学生
5926,大学生
2456,大学生
4846,大学生
299,大学生
9455,大学生
9370,大学生
11038,大学生
3669,大学生
712,大学生
1424,大学生
58,大学生
8421,大学生
948,大学生
10357,大学生
8206,大学生
8849,大学生
3040,大学生
10050,大学生
6417,大学生
6569,大学生
2853,大学生
7850,大学生
10393,大学生
120,大学生
9228,大学生
2778,大学生
1630,大学生
563,大学生
5749,大学生
8375,大学生
7512,大学生
6895,大学生
4662,大学生
6465,大学生
7340,大学生
10551,大学生
7211,大学生
663,大学生
10767,大学生
4043,大学生
6597,大学生
2434,大学生
1042,大学生
8271,大学生
7029,大学生
928,大学生
212,大学生
1839,大学生
676,大学生
6566,大学生
3893,大学生
7971,大学生
2871,大学生
1237,大学生
1932,大学生
2319,大学生
6051,大学生
1989,大学生
4252,大学生
10729,大学生
4388,大学生
854,大学生
4042,大学生
3338,大学生
3524,大学生
8131,大学生
3927,大学生
5921,大学生
6205,大学生
6528,大学生
4825,大学生
2878,大学生
908,大学生
6397,大学生
8366,大学生
1507,大学生
1773,大学生
3828,大学生
2024,大学生
9461,大学生
5133,大学生
10937,大学生
3725,大学生
7010,大学生
4358,大学生
7277,大学生
2579,大学生
2908,大学生
2308,大学生
4300,大学生
6317,大学生
6412,大学生
836,大学生
2065,大学生
1656,大学生
3826,大学生
1727,大学生
6079,大学生
6669,大学生
10785,大学生
7173,大学生
3978,大学生
2099,大学生
8298,大学生
2195,大学生
510,大学生
2232,大学生
3848,大学生
2276,大学生
9162,大学生
6625,大学生
6286,大学生
5869,大学生
1501,大学生
8077,大学生
4189,大学生
4632,大学生
10999,大学生
6875,大学生
4141,大学生
10740,大学生
1205,大学生
3438,大学生
2078,大学生
6850,大学生
10276,大学生
7194,大学生
6146,大学生
4679,大学生
5852,大学生
7205,大学生
5722,大学生
5859,大学生
1181,大学生
5994,大学生
10324,大学生
10934,大学生
3619,大学生
11042,大学生
6035,大学生
8639,大学生
10392,大学生
9497,大学生
3067,大学生
7420,大学生
6256,大学生
7427,大学生
7693,大学生
5579,大学生
7213,大学生
8652,大学生
9873,大学生
5728,大学生
8900,大学生
320,大学生
6033,大学生
5526,大学生
3926,大学生
6689,大学生
5918,大学生
9800,大学生
6220,大学生
7193,大学生
199,大学生
2267,大学生
3330,大学生
5428,大学生
7835,大学生
7296,大学生
5820,大学生
5999,大学生
6547,大学生
5645,大学生
9568,大学生
1784,大学生
2711,大学生
1021,大学生
6849,大学生
9226,大学生
6239,大学生
6668,大学生
8884,大学生
6870,大学生
8240,大学生
1508,大学生
2479,大学生
2566,大学生
4490,大学生
10123,大学生
1776,大学生
1625,大学生
734,大学生
5350,大学生
9375,大学生
112,大学生
2537,大学生
6011,大学生
8280,大学生
5884,大学生
10774,大学生
630,大学生
7452,大学生
3214,大学生
3397,大学生
5529,大学生
2504,大学生
6282,大学生
8316,大学生
7741,大学生
5710,大学生
7344,大学生
9095,大学生
6070,大学生
8972,大学生
2455,大学生
9526,大学生
9935,大学生
3019,大学生
4567,大学生
1433,大学生
10972,大学生
3712,大学生
4907,大学生
10333,大学生
1037,大学生
10638,大学生
8812,大学生
10168,大学生
7724,大学生
8932,大学生
8648,大学生
5883,大学生
11010,大学生
6799,大学生
7806,大学生
8694,大学生
7689,大学生
5218,大学生
1386,大学生
9405,大学生
3238,大学生
5387,大学生
1651,大学生
4713,大学生
7523,大学生
10663,大学生
4571,大学生
8718,大学生
6900,大学生
7531,大学生
9390,大学生
2683,大学生
8976,大学生
7551,大学生
1792,大学生
78,大学生
4363,大学生
2964,大学生
5159,大学生
8622,大学生
99,大学生
9104,大学生
9107,大学生
6539,大学生
982,大学生
9172,大学生
8355,大学生
3002,大学生
8682,大学生
9708,大学生
9964,大学生
4375,大学生
8526,大学生
7849,大学生
4491,大学生
8860,大学生
7530,大学生
5857,大学生
5877,大学生
6315,大学生
6351,大学生
5792,大学生
3898,大学生
5322,大学生
1798,大学生
3667,大学生
7666,大学生
7037,大学生
9086,大学生
3148,大学生
3938,大学生
8149,大学生
8999,大学生
10228,大学生
1908,大学生
9340,大学生
9272,大学生
8128,大学生
2866,大学生
7589,大学生
10906,大学生
5497,大学生
9334,大学生
7230,大学生
4162,大学生
2316,大学生
2364,大学生
7858,大学生
7100,大学生
7208,大学生
4287,大学生
6302,大学生
4311,大学生
9791,大学生
6499,大学生
7540,大学生
9939,大学生
3404,大学生
9619,大学生
5474,大学生
6032,大学生
102,大学生
8109,大学生
7998,大学生
3342,大学生
6662,大学生
3708,大学生
1890,大学生
11062,大学生
1462,大学生
7339,大学生
6523,大学生
7207,大学生
9302,大学生
4927,大学生
8457,大学生
3623,大学生
7517,大学生
8340,大学生
8487,大学生
8284,大学生
2539,大学生
10462,大学生
7170,大学生
8270,大学生
1821,大学生
7776,大学生
723,大学生
714,大学生
8747,大学生
9269,大学生
8680,大学生
9180,大学生
945,大学生
9692,大学生
7883,大学生
887,大学生
2047,大学生
6767,大学生
787,大学生
8724,大学生
8399,大学生
2046,大学生
9025,大学生
10625,大学生
3030,大学生
8721,大学生
1058,大学生
8834,大学生
9152,大学生
175,大学生
976,大学生
4852,大学生
10794,大学生
9642,大学生
1910,大学生
5130,大学生
97,大学生
2234,大学生
1924,大学生
1087,大学生
973,大学生
4218,大学生
9221,大学生
7139,大学生
8097,大学生
779,大学生
76,大学生
1837,大学生
4286,大学生
7083,大学生
9425,大学生
10847,大学生
10181,大学生
6754,大学生
8729,大学生
10932,大学生
7269,大学生
7247,大学生
9646,大学生
6562,大学生
1900,大学生
10211,大学生
1355,大学生
4432,大学生
444,大学生
599,大学生
9889,大学生
5755,大学生
883,大学生
8247,大学生
9777,大学生
6652,大学生
8952,大学生
10190,大学生
2641,大学生
3087,大学生
7086,大学生
4237,大学生
4537,大学生
946,大学生
7243,大学生
3589,大学生
10444,大学生
8187,大学生
7506,大学生
8041,大学生
5628,大学生
7862,大学生
9171,大学生
3907,大学生
9806,大学生
7799,大学生
3972,大学生
806,大学生
4647,大学生
2737,大学生
1467,大学生
9374,大学生
6364,大学生
10679,大学生
3374,大学生
3383,大学生
2424,大学生
3101,大学生
7890,大学生
1854,大学生
2926,大学生
5347,大学生
1105,大学生
10935,大学生
10072,大学生
7431,大学生
4898,大学生
435,大学生
10993,大学生
10399,大学生
3141,大学生
3168,大学生
3596,大学生
3790,大学生
9408,大学生
10507,大学生
3699,大学生
6233,大学生
2773,大学生
4715,大学生
9431,大学生
10074,大学生
314,大学生
11015,大学生
7496,大学生
3858,大学生
576,大学生
3463,大学生
1662,大学生
691,大学生
6395,大学生
3853,大学生
3789,大学生
11009,大学生
10758,大学生
5440,大学生
1618,大学生
2362,大学生
1023,大学生
6260,大学生
6235,大学生
1425,大学生
3973,大学生
9137,大学生
9348,大学生
8175,大学生
9116,大学生
9097,大学生
7493,大学生
7631,大学生
10912,大学生
3175,大学生
8973,大学生
9550,大学生
5667,大学生
4792,大学生
5411,大学生
8081,大学生
9203,大学生
3664,大学生
2169,大学生
9681,大学生
4197,大学生
9970,大学生
1028,大学生
2647,大学生
6254,大学生
2521,大学生
206,大学生
10769,大学生
9173,大学生
7397,大学生
4799,大学生
5,大学生
3474,大学生
7655,大学生
10062,大学生
8446,大学生
10013,大学生
6422,大学生
5726,大学生
4382,大学生
4273,大学生
6074,大学生
4773,大学生
10567,大学生
1092,大学生
10063,大学生
2883,大学生
4151,大学生
10250,大学生
2811,大学生
209,大学生
1325,大学生
2993,大学生
2574,大学生
8677,大学生
2134,大学生
7373,大学生
5868,大学生
981,大学生
1519,大学生
7738,大学生
10226,大学生
224,大学生
1083,大学生
8002,大学生
10841,大学生
9383,大学生
2375,大学生
6941,大学生
5909,大学生
6118,大学生
2145,大学生
8748,大学生
10078,大学生
1049,大学生
6859,大学生
6016,大学生
11029,大学生
8801,大学生
2178,大学生
2071,大学生
7336,大学生
42,大学生
1113,大学生
9611,大学生
8763,大学生
739,大学生
225,大学生
1666,大学生
6436,大学生
2128,大学生
9196,大学生
10285,大学生
2830,大学生
2710,大学生
1707,大学生
7356,大学生
10671,大学生
1898,大学生
6163,大学生
4695,大学生
4102,大学生
2414,大学生
269,大学生
3094,大学生
1884,大学生
4293,大学生
10881,大学生
4895,大学生
9289,大学生
10240,大学生
5414,大学生
10378,大学生
2092,大学生
10608,大学生
4596,大学生
10064,大学生
10980,大学生
2303,大学生
10192,大学生
900,大学生
1862,大学生
3568,大学生
6718,大学生
7817,大学生
2291,大学生
5072,大学生
4394,大学生
9537,大学生
2772,大学生
10132,大学生
7489,大学生
2233,大学生
3876,大学生
2262,大学生
9077,大学生
4843,大学生
5557,大学生
2446,大学生
10639,大学生
5236,大学生
1824,大学生
6306,大学生
10687,大学生
6571,大学生
2161,大学生
6044,大学生
231,大学生
755,大学生
8539,大学生
6216,大学生
6339,大学生
5701,大学生
4261,大学生
9979,大学生
6872,大学生
1345,大学生
8110,大学生
1857,大学生
9829,大学生
1124,大学生
1895,大学生
4623,大学生
2786,大学生
6443,大学生
8320,大学生
5292,大学生
2897,大学生
3681,大学生
2256,大学生
10858,大学生
1836,大学生
4920,大学生
7562,大学生
7312,大学生
10901,大学生
7408,大学生
6142,大学生
11051,大学生
11052,大学生
3063,大学生
1949,大学生
266,大学生
2385,大学生
10114,大学生
10282,大学生
2261,大学生
10288,大学生
2144,大学生
5813,大学生
6592,大学生
2082,大学生
2753,大学生
10024,大学生
1817,大学生
9384,大学生
2889,大学生
10411,大学生
4573,大学生
5033,大学生
4308,大学生
2817,大学生
516,大学生
1308,大学生
2279,大学生
10094,大学生
5940,大学生
2307,大学生
2826,大学生
1180,大学生
5427,大学生
2582,大学生
4891,大学生
8713,大学生
1897,大学生
1330,大学生
10241,大学生
8530,大学生
1182,大学生
1722,大学生
6117,大学生
9787,大学生
6653,大学生
7124,大学生
1361,大学生
1816,大学生
2435,大学生
6449,大学生
3088,大学生
2541,大学生
2491,大学生
5938,大学生
10524,大学生
5804,大学生
8996,大学生
17,大学生
522,大学生
10515,大学生
2594,大学生
2273,大学生
1349,大学生
6918,大学生
9795,大学生
5879,大学生
2398,大学生
1914,大学生
5674,大学生
4173,大学生
10499,大学生
2652,大学生
10589,大学生
2383,大学生
6439,大学生
1346,大学生
1563,大学生
2671,大学生
137,大学生
2353,大学生
1244,大学生
1214,大学生
4608,大学生
10768,大学生
2894,大学生
6065,大学生
5383,大学生
3282,大学生
4055,大学生
9365,大学生
10922,大学生
5565,大学生
2882,大学生
9616,大学生
5267,大学生
4262,大学生
5209,大学生
2692,大学生
3733,大学生
5225,大学生
10339,大学生
4611,大学生
8541,大学生
8177,大学生
3779,大学生
7322,大学生
4123,大学生
5003,大学生
662,大学生
4475,大学生
2278,大学生
2685,大学生
6671,大学生
10173,大学生
4346,大学生
8336,大学生
340,大学生
9556,大学生
588,大学生
517,大学生
521,大学生
3660,大学生
6642,大学生
3516,大学生
4814,大学生
4812,大学生
50,大学生
1746,大学生
7232,大学生
6959,大学生
1917,大学生
5256,大学生
1577,大学生
173,大学生
5226,大学生
7412,大学生
3653,大学生
7613,大学生
10601,大学生
6534,大学生
4028,大学生
8587,大学生
1096,大学生
1769,大学生
6386,大学生
10275,大学生
7088,大学生
3147,大学生
3333,大学生
5633,大学生
10204,大学生
3448,大学生
4190,大学生
2467,大学生
5036,大学生
8273,大学生
8703,大学生
6068,大学生
6394,大学生
6337,大学生
2822,大学生
8242,大学生
7456,大学生
30,大学生
9161,大学生
3247,大学生
9092,大学生
4762,大学生
10019,大学生
3339,大学生
2162,大学生
79,大学生
5110,大学生
3016,大学生
6327,大学生
9524,大学生
7853,大学生
8313,大学生
2963,大学生
1916,大学生
8989,大学生
1866,大学生
8236,大学生
4402,大学生
6490,大学生
2189,大学生
5103,大学生
4694,大学生
8037,大学生
7189,大学生
3526,大学生
4241,大学生
4737,大学生
7056,大学生
5364,大学生
4932,大学生
5014,大学生
4309,大学生
3115,大学生
2576,大学生
7060,大学生
6932,大学生
11032,大学生
5374,大学生
5000,大学生
3484,大学生
2751,大学生
10867,大学生
8937,大学生
170,大学生
3472,大学生
4743,大学生
3331,大学生
4976,大学生
8350,大学生
8436,大学生
4999,大学生
8282,大学生
4646,大学生
8453,大学生
5588,大学生
8920,大学生
7017,大学生
9912,大学生
9288,大学生
186,大学生
4989,大学生
1398,大学生
9531,大学生
9594,大学生
3028,大学生
7682,大学生
3765,大学生
953,大学生
4160,大学生
7911,大学生
3607,大学生
3894,大学生
6421,大学生
2974,大学生
2859,大学生
8021,大学生
6584,大学生
8068,大学生
10331,大学生
2,大学生
8119,大学生
10380,大学生
376,大学生
5135,大学生
1634,大学生
6587,大学生
3879,大学生
7394,大学生
5750,大学生
4282,大学生
9667,大学生
5057,大学生
3818,大学生
6698,大学生
9490,大学生
3697,大学生
1922,大学生
3554,大学生
1973,大学生
9090,大学生
527,大学生
8085,大学生
48,大学生
3992,大学生
4665,大学生
221,大学生
3878,大学生
6194,大学生
5681,大学生
4965,大学生
10688,大学生
4207,大学生
10235,大学生
708,大学生
5343,大学生
5166,大学生
1497,大学生
347,大学生
4243,大学生
4092,大学生
2341,大学生
11031,大学生
5237,大学生
3922,大学生
3597,大学生
626,大学生
518,大学生
10963,大学生
1915,大学生
4529,大学生
571,大学生
6676,大学生
3348,大学生
6624,大学生
3880,大学生
2218,大学生
5060,大学生
6012,大学生
6141,大学生
9287,大学生
4433,大学生
9676,大学生
5929,大学生
1038,大学生
6737,大学生
149,大学生
6550,大学生
2888,大学生
157,大学生
4091,大学生
10058,大学生
10187,大学生
4047,大学生
4069,大学生
8164,大学生
8222,大学生
997,大学生
1578,大学生
3329,大学生
9941,大学生
2013,大学生
6066,大学生
5478,大学生
7331,大学生
9822,大学生
9558,大学生
4020,大学生
424,大学生
4392,大学生
692,大学生
4278,大学生
579,大学生
3417,大学生
4045,大学生
7863,大学生
7131,大学生
10894,大学生
9189,大学生
1347,大学生
8016,大学生
9983,大学生
8669,大学生
10482,大学生
7368,大学生
564,大学生
4977,大学生
4357,大学生
3491,大学生
7734,大学生
4004,大学生
8469,大学生
4683,大学生
6193,大学生
237,大学生
6296,大学生
5431,大学生
3166,大学生
401,大学生
6896,大学生
5444,大学生
725,大学生
5077,大学生
8010,大学生
5623,大学生
4137,大学生
5632,大学生
2514,大学生
3801,大学生
8051,大学生
1723,大学生
8061,大学生
7902,大学生
10002,大学生
7667,大学生
6218,大学生
8736,大学生
4444,大学生
8780,大学生
5283,大学生
6485,大学生
3576,大学生
3005,大学生
4869,大学生
9658,大学生
8121,大学生
2164,大学生
7684,大学生
2107,大学生
5744,大学生
4681,大学生
5498,大学生
9988,大学生
4938,大学生
5925,大学生
559,大学生
7919,大学生
9275,大学生
3913,大学生
4264,大学生
3546,大学生
4423,大学生
5986,大学生
10619,大学生
6815,大学生
6649,大学生
6755,大学生
151,大学生
2052,大学生
10107,大学生
2485,大学生
682,大学生
5694,大学生
4106,大学生
601,大学生
5153,大学生
2059,大学生
456,大学生
5836,大学生
9471,大学生
6763,大学生
6224,大学生
482,大学生
5619,大学生
6679,大学生
9274,大学生
6727,大学生
3587,大学生
10538,大学生
5894,大学生
1174,大学生
8066,大学生
4583,大学生
2463,大学生
10467,大学生
7426,大学生
352,大学生
4870,大学生
4682,大学生
6136,大学生
3325,大学生
4474,大学生
9356,大学生
6347,大学生
2103,大学生
4001,大学生
8165,大学生
10583,大学生
5609,大学生
7000,大学生
1382,大学生
8807,大学生
9352,大学生
6171,大学生
606,大学生
5771,大学生
2441,大学生
6082,大学生
6685,大学生
4267,大学生
8566,大学生
661,大学生
1327,大学生
10711,大学生
6573,大学生
6374,大学生
9636,大学生
582,大学生
5786,大学生
7236,大学生
2879,大学生
7272,大学生
6964,大学生
6510,大学生
7703,大学生
1363,大学生
7987,大学生
421,大学生
10479,大学生
7160,大学生
7066,大学生
7020,大学生
5593,大学生
1688,大学生
9799,大学生
5764,大学生
6368,大学生
465,大学生
9773,大学生
6761,大学生
5561,大学生
7190,大学生
107,大学生
4407,大学生
2324,大学生
4957,大学生
7181,大学生
3730,大学生
6419,大学生
4322,大学生
2764,大学生
550,大学生
1991,大学生
6088,大学生
5991,大学生
3915,大学生
194,大学生
183,大学生
5015,大学生
2549,大学生
6537,大学生
7930,大学生
10025,大学生
7864,大学生
6246,大学生
5648,大学生
6817,大学生
6097,大学生
7839,大学生
602,大学生
3349,大学生
914,大学生
3432,大学生
7337,大学生
2085,大学生
9951,大学生
387,大学生
6746,大学生
10421,大学生
4859,大学生
1920,大学生
4398,大学生
9615,大学生
7986,大学生
10940,大学生
3781,大学生
4153,大学生
10531,大学生
4522,大学生
910,大学生
8655,大学生
3372,大学生
7200,大学生
1811,大学生
10447,大学生
2631,大学生
7097,大学生
8761,大学生
10095,大学生
24,大学生
9314,大学生
5229,大学生
10366,大学生
6854,大学生
10784,大学生
5627,大学生
9462,大学生
4133,大学生
9344,大学生
6557,大学生
4910,大学生
10724,大学生
5758,大学生
7326,大学生
10214,大学生
241,大学生
1547,大学生
6430,大学生
7306,大学生
7669,大学生
3651,大学生
3225,大学生
3888,大学生
9386,大学生
7380,大学生
6468,大学生
7527,大学生
4040,大学生
6975,大学生
7819,大学生
5458,大学生
780,大学生
6657,大学生
857,大学生
9742,大学生
5657,大学生
6554,大学生
9757,大学生
7125,大学生
4118,大学生
6766,大学生
8090,大学生
10815,大学生
9563,大学生
9415,大学生
1379,大学生
6073,大学生
10862,大学生
2666,大学生
7049,大学生
6611,大学生
9583,大学生
6298,大学生
10521,大学生
9336,大学生
958,大学生
7439,大学生
5613,大学生
8372,大学生
3543,大学生
7779,大学生
9409,大学生
5584,大学生
3498,大学生
5553,大学生
9258,大学生
2121,大学生
8698,大学生
10734,大学生
9509,大学生
6121,大学生
2049,大学生
2919,大学生
8856,大学生
1147,大学生
673,大学生
4570,大学生
9361,大学生
7177,大学生
9503,大学生
10854,大学生
7110,大学生
9931,大学生
10085,大学生
7955,大学生
991,大学生
1653,大学生
10736,大学生
73,大学生
6614,大学生
4298,大学生
7198,大学生
5687,大学生
9362,大学生
3842,大学生
895,大学生
1142,大学生
6925,大学生
6635,大学生
1704,大学生
728,大学生
8535,大学生
10317,大学生
4484,大学生
4087,大学生
9932,大学生
7106,大学生
10172,大学生
10904,大学生
7435,大学生
5659,大学生
9875,大学生
1331,大学生
3190,大学生
6997,大学生
9549,大学生
6855,大学生
4213,大学生
5855,大学生
5151,大学生
9746,大学生
1453,大学生
8905,大学生
10798,大学生
94,大学生
6955,大学生
9602,大学生
1758,大学生
7936,大学生
7594,大学生
7787,大学生
8470,大学生
7885,大学生
7627,大学生
10033,大学生
3925,大学生
7310,大学生
6719,大学生
1663,大学生
8346,大学生
9595,大学生
5821,大学生
8512,大学生
4312,大学生
4783,大学生
5874,大学生
8874,大学生
9649,大学生
8416,大学生
9585,大学生
9326,大学生
10097,大学生
7325,大学生
9606,大学生
4684,大学生
7775,大学生
3408,大学生
4822,大学生
31,大学生
8383,大学生
5369,大学生
4144,大学生
11034,大学生
565,创业者
9747,创业者
478,创业者
6399,创业者
10974,创业者
6366,创业者
2756,创业者
1032,创业者
10701,创业者
8786,创业者
6087,创业者
7636,创业者
10501,创业者
6472,创业者
8641,创业者
9325,创业者
9949,创业者
8921,创业者
4497,创业者
1627,创业者
4968,创业者
4468,创业者
9532,创业者
8797,创业者
8764,创业者
6497,创业者
382,创业者
5068,创业者
7680,创业者
9848,创业者
9061,创业者
6979,创业者
3457,创业者
9141,创业者
7746,创业者
3886,创业者
5676,创业者
6601,创业者
9215,创业者
4255,创业者
9559,创业者
8824,创业者
2494,创业者
3990,创业者
8623,创业者
5442,创业者
8223,创业者
3959,创业者
794,创业者
2150,创业者
3688,创业者
6479,创业者
6690,创业者
5304,创业者
7777,创业者
3750,创业者
8189,创业者
8626,创业者
10690,创业者
5424,创业者
1150,创业者
7730,创业者
7660,创业者
9028,创业者
9133,创业者
9628,创业者
8324,创业者
9476,创业者
7454,创业者
9322,创业者
4289,创业者
458,创业者
8609,创业者
9986,创业者
3672,创业者
9756,创业者
1048,创业者
4332,创业者
2199,创业者
9252,创业者
9270,创业者
4921,创业者
1678,创业者
2632,创业者
10087,创业者
8115,创业者
3608,创业者
3244,创业者
8668,创业者
1597,创业者
5410,创业者
9345,创业者
5475,创业者
8397,创业者
9376,创业者
10323,创业者
882,创业者
10419,创业者
6056,创业者
4374,创业者
9881,创业者
7796,创业者
8766,创业者
9178,创业者
8726,创业者
3248,创业者
7976,创业者
3442,创业者
10612,创业者
5897,创业者
9956,创业者
7402,创业者
3638,创业者
9350,创业者
89,创业者
837,创业者
7464,创业者
9868,创业者
3570,创业者
10652,创业者
7763,创业者
6498,创业者
618,创业者
4393,创业者
8434,创业者
6385,创业者
5949,创业者
9918,创业者
5265,创业者
7805,创业者
2831,创业者
5040,创业者
8555,创业者
7494,创业者
7299,创业者
10540,创业者
8042,创业者
7165,创业者
9696,创业者
9324,创业者
6391,创业者
8001,创业者
2310,创业者
8413,创业者
5125,创业者
8384,创业者
6741,创业者
7909,创业者
8885,创业者
6249,创业者
1700,创业者
3158,创业者
7300,创业者
8238,创业者
10369,创业者
8738,创业者
1140,创业者
1983,创业者
8523,创业者
9121,创业者
10648,创业者
2432,创业者
3334,创业者
9855,创业者
4403,创业者
5197,创业者
7852,创业者
1885,创业者
1636,创业者
5249,创业者
10146,创业者
4166,创业者
9650,创业者
2607,创业者
4220,创业者
1434,创业者
323,创业者
3719,创业者
3639,创业者
10010,创业者
4327,创业者
4007,创业者
4077,创业者
1740,创业者
3288,创业者
7019,创业者
3970,创业者
10741,创业者
3224,创业者
7768,创业者
8060,创业者
9838,创业者
5191,创业者
3297,创业者
5642,创业者
6416,创业者
9468,创业者
5737,创业者
8821,创业者
8731,创业者
7608,创业者
8760,创业者
9436,创业者
6231,创业者
6617,创业者
885,创业者
8897,创业者
4798,创业者
7220,创业者
271,创业者
2660,创业者
5213,创业者
4083,创业者
5563,创业者
5643,创业者
3955,创业者
4996,创业者
7997,创业者
1906,创业者
2048,创业者
2782,创业者
4115,创业者
2240,创业者
8663,创业者
4578,创业者
10476,创业者
8630,创业者
2841,创业者
7513,农民 / 种植户
1326,农民 / 种植户
3413,农民 / 种植户
6010,农民 / 种植户
6503,农民 / 种植户
1241,农民 / 种植户
1931,农民 / 种植户
4478,农民 / 种植户
2355,农民 / 种植户
6487,农民 / 种植户
10435,农民 / 种植户
9907,农民 / 种植户
5680,农民 / 种植户
7410,农民 / 种植户
9796,农民 / 种植户
10075,农民 / 种植户
2651,农民 / 种植户
7616,农民 / 种植户
3200,农民 / 种植户
11019,农民 / 种植户
2062,农民 / 种植户
21,农民 / 种植户
2930,农民 / 种植户
10776,农民 / 种植户
1302,农民 / 种植户
319,农民 / 种植户
6084,农民 / 种植户
8965,农民 / 种植户
5905,农民 / 种植户
2119,农民 / 种植户
3083,农民 / 种植户
5348,农民 / 种植户
7199,农民 / 种植户
6857,农民 / 种植户
8080,农民 / 种植户
5626,农民 / 种植户
2681,农民 / 种植户
10271,农民 / 种植户
3262,农民 / 种植户
9240,农民 / 种植户
5839,农民 / 种植户
2525,农民 / 种植户
1072,农民 / 种植户
6177,农民 / 种植户
10257,农民 / 种植户
3982,农民 / 种植户
1896,农民 / 种植户
5129,农民 / 种植户
3736,农民 / 种植户
7520,农民 / 种植户
1468,农民 / 种植户
2203,农民 / 种植户
10092,农民 / 种植户
1711,农民 / 种植户
10486,农民 / 种植户
10660,农民 / 种植户
5789,农民 / 种植户
5908,农民 / 种植户
2726,农民 / 种植户
1149,农民 / 种植户
3728,农民 / 种植户
10686,农民 / 种植户
2559,农民 / 种植户
10611,农民 / 种植户
4000,农民 / 种植户
10139,农民 / 种植户
10809,农民 / 种植户
4239,农民 / 种植户
2076,农民 / 种植户
4409,农民 / 种植户
6174,农民 / 种植户
3849,农民 / 种植户
7563,农民 / 种植户
10302,农民 / 种植户
772,农民 / 种植户
1110,农民 / 种植户
6214,农民 / 种植户
4602,农民 / 种植户
6435,农民 / 种植户
6937,农民 / 种植户
236,农民 / 种植户
363,农民 / 种植户
8443,农民 / 种植户
11075,农民 / 种植户
10343,农民 / 种植户
10371,农民 / 种植户
2833,农民 / 种植户
1303,农民 / 种植户
101,农民 / 种植户
927,农民 / 种植户
8745,农民 / 种植户
6847,农民 / 种植户
381,农民 / 种植户
8404,农民 / 种植户
8925,农民 / 种植户
3490,农民 / 种植户
2891,农民 / 种植户
7842,农民 / 种植户
4410,农民 / 种植户
2669,农民 / 种植户
1210,农民 / 种植户
2079,农民 / 种植户
4395,农民 / 种植户
8444,农民 / 种植户
1354,农民 / 种植户
5866,农民 / 种植户
10121,农民 / 种植户
5187,农民 / 种植户
2469,农民 / 种植户
2283,农民 / 种植户
1040,农民 / 种植户
331,农民 / 种植户
10938,农民 / 种植户
2691,农民 / 种植户
10848,农民 / 种植户
3004,农民 / 种植户
9480,农民 / 种植户
9653,农民 / 种植户
8219,农民 / 种植户
238,农民 / 种植户
851,农民 / 种植户
2208,农民 / 种植户
4980,农民 / 种植户
10836,农民 / 种植户
5615,农民 / 种植户
10108,农民 / 种植户
10043,农民 / 种植户
7736,农民 / 种植户
6759,农民 / 种植户
10270,农民 / 种植户
6974,农民 / 种植户
5459,农民 / 种植户
1154,农民 / 种植户
3379,农民 / 种植户
7458,农民 / 种植户
5717,农民 / 种植户
1982,农民 / 种植户
4054,农民 / 种植户
2612,农民 / 种植户
2015,农民 / 种植户
3517,农民 / 种植户
7760,农民 / 种植户
1610,农民 / 种植户
10406,农民 / 种植户
7429,农民 / 种植户
10958,农民 / 种植户
4360,农民 / 种植户
10863,农民 / 种植户
119,农民 / 种植户
10158,农民 / 种植户
1400,农民 / 种植户
6666,农民 / 种植户
4765,农民 / 种植户
7721,农民 / 种植户
3412,农民 / 种植户
4008,农民 / 种植户
3099,农民 / 种植户
1262,农民 / 种植户
8656,农民 / 种植户
4896,农民 / 种植户
3464,农民 / 种植户
124,农民 / 种植户
10827,农民 / 种植户
9124,农民 / 种植户
4451,农民 / 种植户
2020,农民 / 种植户
7143,农民 / 种植户
8410,农民 / 种植户
4329,农民 / 种植户
3109,农民 / 种植户
1535,农民 / 种植户
881,农民 / 种植户
554,农民 / 种植户
90,农民 / 种植户
9231,农民 / 种植户
10034,农民 / 种植户
10954,农民 / 种植户
843,农民 / 种植户
7027,农民 / 种植户
3675,农民 / 种植户
9586,农民 / 种植户
1187,农民 / 种植户
5559,农民 / 种植户
9969,农民 / 种植户
974,农民 / 种植户
2770,农民 / 种植户
1118,农民 / 种植户
5391,农民 / 种植户
10464,农民 / 种植户
10059,农民 / 种植户
159,农民 / 种植户
9194,农民 / 种植户
1063,农民 / 种植户
3960,农民 / 种植户
4850,农民 / 种植户
5923,农民 / 种植户
1886,农民 / 种植户
2448,农民 / 种植户
6691,农民 / 种植户
2475,农民 / 种植户
1619,农民 / 种植户
2061,农民 / 种植户
1203,农民 / 种植户
10561,农民 / 种植户
1522,农民 / 种植户
1903,农民 / 种植户
8826,农民 / 种植户
762,农民 / 种植户
8254,农民 / 种植户
1789,农民 / 种植户
1295,农民 / 种植户
2191,农民 / 种植户
9567,农民 / 种植户
6750,农民 / 种植户
1440,农民 / 种植户
5268,农民 / 种植户
10950,农民 / 种植户
5394,农民 / 种植户
2679,农民 / 种植户
10537,农民 / 种植户
5287,农民 / 种植户
2381,农民 / 种植户
2501,农民 / 种植户
2004,农民 / 种植户
1166,农民 / 种植户
1797,农民 / 种植户
9491,农民 / 种植户
2729,农民 / 种植户
710,农民 / 种植户
1481,农民 / 种植户
7128,农民 / 种植户
9701,农民 / 种植户
3027,农民 / 种植户
3682,农民 / 种植户
2876,农民 / 种植户
10818,农民 / 种植户
10321,农民 / 种植户
5477,农民 / 种植户
265,农民 / 种植户
4708,农民 / 种植户
7375,农民 / 种植户
3174,农民 / 种植户
7538,农民 / 种植户
10519,农民 / 种植户
5772,农民 / 种植户
1860,农民 / 种植户
6531,农民 / 种植户
10243,农民 / 种植户
4053,农民 / 种植户
6853,农民 / 种植户
1090,农民 / 种植户
4159,农民 / 种植户
5797,农民 / 种植户
4572,农民 / 种植户
9158,农民 / 种植户
2230,农民 / 种植户
7120,农民 / 种植户
586,农民 / 种植户
3119,农民 / 种植户
8954,农民 / 种植户
2918,农民 / 种植户
2804,农民 / 种植户
7422,农民 / 种植户
103,农民 / 种植户
3944,农民 / 种植户
3731,农民 / 种植户
4536,农民 / 种植户
2829,农民 / 种植户
8304,农民 / 种植户
10852,农民 / 种植户
3544,农民 / 种植户
481,农民 / 种植户
1856,农民 / 种植户
8627,农民 / 种植户
10509,农民 / 种植户
432,农民 / 种植户
9398,农民 / 种植户
5973,农民 / 种植户
7810,农民 / 种植户
4912,农民 / 种植户
1802,农民 / 种植户
4259,农民 / 种植户
3540,农民 / 种植户
9880,农民 / 种植户
8997,农民 / 种植户
5314,农民 / 种植户
8790,农民 / 种植户
8299,农民 / 种植户
5460,农民 / 种植户
4041,农民 / 种植户
5157,农民 / 种植户
4660,农民 / 种植户
3082,农民 / 种植户
395,农民 / 种植户
5264,农民 / 种植户
5004,农民 / 种植户
256,农民 / 种植户
4876,农民 / 种植户
5810,农民 / 种植户
9673,农民 / 种植户
5080,农民 / 种植户
1314,农民 / 种植户
5679,农民 / 种植户
10609,农民 / 种植户
3263,农民 / 种植户
9149,农民 / 种植户
7865,农民 / 种植户
154,农民 / 种植户
8919,农民 / 种植户
7619,农民 / 种植户
4533,农民 / 种植户
3881,农民 / 种植户
2800,农民 / 种植户
2137,农民 / 种植户
3347,农民 / 种植户
4059,农民 / 种植户
6481,农民 / 种植户
1057,农民 / 种植户
8105,农民 / 种植户
3830,农民 / 种植户
4994,农民 / 种植户
876,农民 / 种植户
1655,农民 / 种植户
10088,农民 / 种植户
249,农民 / 种植户
10924,农民 / 种植户
1724,农民 / 种植户
4731,农民 / 种植户
10217,农民 / 种植户
4722,农民 / 种植户
5580,农民 / 种植户
5447,农民 / 种植户
5678,农民 / 种植户
4725,农民 / 种植户
5076,农民 / 种植户
5463,农民 / 种植户
827,农民 / 种植户
5907,农民 / 种植户
8264,农民 / 种植户
3335,农民 / 种植户
9900,农民 / 种植户
4281,农民 / 种植户
5688,农民 / 种植户
66,农民 / 种植户
1484,农民 / 种植户
8542,农民 / 种植户
4821,农民 / 种植户
1632,农民 / 种植户
5388,农民 / 种植户
4471,农民 / 种植户
1323,农民 / 种植户
5525,农民 / 种植户
5457,农民 / 种植户
4049,农民 / 种植户
3871,农民 / 种植户
8199,农民 / 种植户
6067,农民 / 种植户
7245,农民 / 种植户
3010,农民 / 种植户
1756,农民 / 种植户
8798,农民 / 种植户
4827,农民 / 种植户
5479,农民 / 种植户
3376,农民 / 种植户
3201,农民 / 种植户
3068,农民 / 种植户
3585,农民 / 种植户
2436,农民 / 种植户
8174,农民 / 种植户
10492,农民 / 种植户
354,农民 / 种植户
8684,农民 / 种植户
5651,农民 / 种植户
8617,农民 / 种植户
8317,农民 / 种植户
135,农民 / 种植户
9660,农民 / 种植户
1852,农民 / 种植户
3943,农民 / 种植户
7745,农民 / 种植户
324,农民 / 种植户
7441,农民 / 种植户
1875,农民 / 种植户
2907,农民 / 种植户
9465,农民 / 种植户
3760,农民 / 种植户
4904,农民 / 种植户
10845,农民 / 种植户
2393,农民 / 种植户
9453,农民 / 种植户
6777,农民 / 种植户
3520,农民 / 种植户
264,农民 / 种植户
7964,农民 / 种植户
109,农民 / 种植户
9768,农民 / 种植户
3033,农民 / 种植户
8069,农民 / 种植户
4692,农民 / 种植户
5846,农民 / 种植户
892,农民 / 种植户
9695,农民 / 种植户
8292,农民 / 种植户
7992,农民 / 种植户
1633,农民 / 种植户
8518,农民 / 种植户
3107,农民 / 种植户
3368,农民 / 种植户
10457,农民 / 种植户
4373,农民 / 种植户
3989,农民 / 种植户
457,农民 / 种植户
9441,农民 / 种植户
7149,农民 / 种植户
4120,农民 / 种植户
5334,农民 / 种植户
483,农民 / 种植户
4299,农民 / 种植户
1338,农民 / 种植户
6269,农民 / 种植户
1940,农民 / 种植户
1587,农民 / 种植户
5724,农民 / 种植户
4361,农民 / 种植户
8674,农民 / 种植户
5429,农民 / 种植户
2466,农民 / 种植户
10410,农民 / 种植户
10403,农民 / 种植户
2280,农民 / 种植户
1465,农民 / 种植户
3468,农民 / 种植户
5324,农民 / 种植户
2860,农民 / 种植户
7313,农民 / 种植户
7499,农民 / 种植户
1521,农民 / 种植户
10528,农民 / 种植户
383,农民 / 种植户
469,农民 / 种植户
2489,农民 / 种植户
10047,农民 / 种植户
5809,农民 / 种植户
4964,农民 / 种植户
2723,农民 / 种植户
9186,农民 / 种植户
3049,农民 / 种植户
8998,农民 / 种植户
5912,农民 / 种植户
2557,农民 / 种植户
3071,农民 / 种植户
6546,农民 / 种植户
8804,农民 / 种植户
1165,农民 / 种植户
3509,农民 / 种植户
1640,农民 / 种植户
4405,农民 / 种植户
4265,农民 / 种植户
3085,农民 / 种植户
4652,农民 / 种植户
9548,农民 / 种植户
4206,农民 / 种植户
2771,农民 / 种植户
3500,农民 / 种植户
4185,农民 / 种植户
897,农民 / 种植户
5672,农民 / 种植户
4489,农民 / 种植户
4321,农民 / 种植户
2405,农民 / 种植户
1842,农民 / 种植户
6981,农民 / 种植户
6713,农民 / 种植户
7174,农民 / 种植户
233,农民 / 种植户
4645,农民 / 种植户
7977,农民 / 种植户
9759,农民 / 种植户
4450,农民 / 种植户
9869,农民 / 种植户
2545,农民 / 种植户
3923,农民 / 种植户
8203,农民 / 种植户
3985,农民 / 种植户
4314,农民 / 种植户
4277,农民 / 种植户
6354,农民 / 种植户
8347,农民 / 种植户
1818,农民 / 种植户
530,农民 / 种植户
7780,农民 / 种植户
6441,农民 / 种植户
795,农民 / 种植户
8339,农民 / 种植户
789,农民 / 种植户
6352,农民 / 种植户
1084,农民 / 种植户
6509,农民 / 种植户
644,农民 / 种植户
3611,农民 / 种植户
142,农民 / 种植户
8008,农民 / 种植户
1629,农民 / 种植户
1905,农民 / 种植户
2488,农民 / 种植户
6862,农民 / 种植户
3501,农民 / 种植户
3045,农民 / 种植户
3235,农民 / 种植户
10605,农民 / 种植户
6069,农民 / 种植户
2331,农民 / 种植户
7268,农民 / 种植户
2320,农民 / 种植户
2097,农民 / 种植户
7327,农民 / 种植户
709,农民 / 种植户
10239,农民 / 种植户
6459,农民 / 种植户
9985,农民 / 种植户
776,农民 / 种植户
5895,农民 / 种植户
2677,农民 / 种植户
5030,农民 / 种植户
10416,农民 / 种植户
9166,农民 / 种植户
10766,农民 / 种植户
6071,农民 / 种植户
7359,农民 / 种植户
3598,农民 / 种植户
7475,农民 / 种植户
10624,农民 / 种植户
1858,农民 / 种植户
1476,农民 / 种植户
3219,农民 / 种植户
3419,农民 / 种植户
8054,农民 / 种植户
5555,农民 / 种植户
2457,农民 / 种植户
4878,农民 / 种植户
2535,农民 / 种植户
6809,农民 / 种植户
8160,农民 / 种植户
5261,农民 / 种植户
10579,农民 / 种植户
6410,农民 / 种植户
4597,农民 / 种植户
9373,农民 / 种植户
9728,农民 / 种植户
11037,农民 / 种植户
10029,农民 / 种植户
3791,农民 / 种植户
9953,农民 / 种植户
7392,农民 / 种植户
7465,农民 / 种植户
4480,农民 / 种植户
6716,农民 / 种植户
10634,农民 / 种植户
6228,农民 / 种植户
7381,农民 / 种植户
10807,农民 / 种植户
2965,农民 / 种植户
3424,农民 / 种植户
414,农民 / 种植户
10812,农民 / 种植户
9225,农民 / 种植户
8592,农民 / 种植户
5344,农民 / 种植户
7283,农民 / 种植户
5279,农民 / 种植户
9190,农民 / 种植户
5629,农民 / 种植户
10252,农民 / 种植户
9426,农民 / 种植户
3777,农民 / 种植户
5063,农民 / 种植户
1045,农民 / 种植户
431,农民 / 种植户
1526,农民 / 种植户
7266,农民 / 种植户
1031,农民 / 种植户
7172,农民 / 种植户
3987,农民 / 种植户
4955,农民 / 种植户
10022,农民 / 种植户
768,农民 / 种植户
6226,农民 / 种植户
9899,农民 / 种植户
6788,农民 / 种植户
8868,农民 / 种植户
2334,农民 / 种植户
7148,农民 / 种植户
3323,农民 / 种植户
9110,农民 / 种植户
8835,农民 / 种植户
10322,农民 / 种植户
2445,农民 / 种植户
7824,农民 / 种植户
2205,农民 / 种植户
6926,农民 / 种植户
5550,农民 / 种植户
10661,农民 / 种植户
7383,农民 / 种植户
7288,农民 / 种植户
10850,农民 / 种植户
7191,农民 / 种植户
5776,农民 / 种植户
1135,农民 / 种植户
8476,农民 / 种植户
2899,农民 / 种植户
2187,农民 / 种植户
8853,农民 / 种植户
989,农民 / 种植户
8249,农民 / 种植户
7180,农民 / 种植户
6036,农民 / 种植户
2384,农民 / 种植户
9597,农民 / 种植户
2317,农民 / 种植户
1441,农民 / 种植户
9573,农民 / 种植户
1211,农民 / 种植户
526,农民 / 种植户
1316,农民 / 种植户
37,农民 / 种植户
10294,农民 / 种植户
3966,农民 / 种植户
7400,农民 / 种植户
8788,农民 / 种植户
7419,农民 / 种植户
6736,农民 / 种植户
9856,农民 / 种植户
4748,农民 / 种植户
2311,农民 / 种植户
7739,农民 / 种植户
7698,农民 / 种植户
7956,农民 / 种植户
5767,农民 / 种植户
7996,农民 / 种植户
3251,农民 / 种植户
2378,农民 / 种植户
4919,农民 / 种植户
7267,农民 / 种植户
6723,农民 / 种植户
9072,农民 / 种植户
672,农民 / 种植户
5862,农民 / 种植户
600,农民 / 种植户
5972,农民 / 种植户
4071,农民 / 种植户
3479,农民 / 种植户
10869,农民 / 种植户
6627,农民 / 种植户
9112,农民 / 种植户
8922,农民 / 种植户
10287,农民 / 种植户
10558,农民 / 种植户
8883,农民 / 种植户
7855,农民 / 种植户
8062,农民 / 种植户
6204,农民 / 种植户
1017,农民 / 种植户
4752,农民 / 种植户
5753,农民 / 种植户
745,农民 / 种植户
6678,农民 / 种植户
4510,农民 / 种植户
3933,农民 / 种植户
5150,农民 / 种植户
220,农民 / 种植户
5216,农民 / 种植户
5246,农民 / 种植户
2628,农民 / 种植户
2928,农民 / 种植户
6897,农民 / 种植户
3315,农民 / 种植户
6744,农民 / 种植户
896,农民 / 种植户
5962,农民 / 种植户
8000,农民 / 种植户
7808,农民 / 种植户
7118,农民 / 种植户
640,农民 / 种植户
2621,农民 / 种植户
5294,农民 / 种植户
6052,农民 / 种植户
4347,农民 / 种植户
5140,农民 / 种植户
9717,农民 / 种植户
8024,农民 / 种植户
8458,农民 / 种植户
6313,农民 / 种植户
7079,农民 / 种植户
5818,农民 / 种植户
3450,农民 / 种植户
4935,农民 / 种植户
6346,农民 / 种植户
2147,农民 / 种植户
9021,农民 / 种植户
292,农民 / 种植户
263,农民 / 种植户
3364,农民 / 种植户
2220,农民 / 种植户
4579,农民 / 种植户
3542,农民 / 种植户
5763,农民 / 种植户
8044,农民 / 种植户
2321,农民 / 种植户
2359,农民 / 种植户
8047,农民 / 种植户
2762,农民 / 种植户
1583,农民 / 种植户
5061,农民 / 种植户
675,农民 / 种植户
1592,农民 / 种植户
9909,农民 / 种植户
9062,农民 / 种植户
6325,农民 / 种植户
5221,农民 / 种植户
744,农民 / 种植户
3429,农民 / 种植户
9709,农民 / 种植户
9664,农民 / 种植户
10640,农民 / 种植户
6048,农民 / 种植户
8089,农民 / 种植户
10893,农民 / 种植户
6440,农民 / 种植户
6348,农民 / 种植户
1845,农民 / 种植户
211,农民 / 种植户
5401,农民 / 种植户
1732,农民 / 种植户
5652,农民 / 种植户
8967,农民 / 种植户
10549,农民 / 种植户
6025,农民 / 种植户
3124,农民 / 种植户
2365,农民 / 种植户
6289,农民 / 种植户
2338,农民 / 种植户
5016,农民 / 种植户
5403,农民 / 种植户
253,农民 / 种植户
7254,农民 / 种植户
3481,农民 / 种植户
8688,农民 / 种植户
407,农民 / 种植户
2697,农民 / 种植户
4797,农民 / 种植户
5600,农民 / 种植户
2329,农民 / 种植户
5278,农民 / 种植户
3151,农民 / 种植户
5932,农民 / 种植户
6966,农民 / 种植户
724,农民 / 种植户
8195,农民 / 种植户
6310,农民 / 种植户
1870,农民 / 种植户
7985,农民 / 种植户
361,农民 / 种植户
2180,农民 / 种植户
729,农民 / 种植户
7227,农民 / 种植户
1313,农民 / 种植户
6026,农民 / 种植户
6108,农民 / 种植户
9366,农民 / 种植户
9,农民 / 种植户
6236,农民 / 种植户
8958,农民 / 种植户
1909,农民 / 种植户
2749,农民 / 种植户
5582,农民 / 种植户
8746,农民 / 种植户
2093,农民 / 种植户
6703,农民 / 种植户
822,农民 / 种植户
10986,农民 / 种植户
7332,农民 / 种植户
9407,农民 / 种植户
9792,农民 / 种植户
8823,农民 / 种植户
9878,农民 / 种植户
9413,农民 / 种植户
4430,农民 / 种植户
4257,农民 / 种植户
4164,农民 / 种植户
9656,农民 / 种植户
3785,农民 / 种植户
9088,农民 / 种植户
9129,农民 / 种植户
8591,农民 / 种植户
1843,农民 / 种植户
4325,农民 / 种植户
8477,农民 / 种植户
7979,农民 / 种植户
8214,农民 / 种植户
7625,农民 / 种植户
5959,农民 / 种植户
5297,农民 / 种植户
9139,农民 / 种植户
9971,农民 / 种植户
8322,农民 / 种植户
9363,农民 / 种植户
5594,农民 / 种植户
9293,农民 / 种植户
9442,农民 / 种植户
11064,农民 / 种植户
7929,农民 / 种植户
4063,农民 / 种植户
9877,农民 / 种植户
10788,农民 / 种植户
4285,农民 / 种植户
5251,农民 / 种植户
738,农民 / 种植户
2665,农民 / 种植户
968,农民 / 种植户
7542,农民 / 种植户
6138,农民 / 种植户
1959,农民 / 种植户
7831,农民 / 种植户
5021,农民 / 种植户
5329,农民 / 种植户
3552,农民 / 种植户
5127,农民 / 种植户
7954,农民 / 种植户
5706,农民 / 种植户
5156,农民 / 种植户
9694,农民 / 种植户
8193,农民 / 种植户
7054,农民 / 种植户
7771,农民 / 种植户
6699,农民 / 种植户
9919,农民 / 种植户
9858,农民 / 种植户
10761,农民 / 种植户
2357,农民 / 种植户
1003,农民 / 种植户
7886,农民 / 种植户
4770,农民 / 种植户
7145,农民 / 种植户
10948,农民 / 种植户
3561,农民 / 种植户
3839,农民 / 种植户
7484,农民 / 种植户
8496,农民 / 种植户
5944,农民 / 种植户
7978,农民 / 种植户
7514,农民 / 种植户
5461,农民 / 种植户
8120,农民 / 种植户
4408,农民 / 种植户
8891,农民 / 种植户
2687,农民 / 种植户
9847,农民 / 种植户
6091,农民 / 种植户
1712,农民 / 种植户
4908,农民 / 种植户
5295,农民 / 种植户
3295,农民 / 种植户
1718,农民 / 种植户
1276,农民 / 种植户
7159,农民 / 种植户
7606,农民 / 种植户
3586,农民 / 种植户
4603,农民 / 种植户
2242,农民 / 种植户
11007,农民 / 种植户
2495,农民 / 种植户
8966,农民 / 种植户
9032,农民 / 种植户
5647,农民 / 种植户
5468,农民 / 种植户
404,农民 / 种植户
3401,农民 / 种植户
6005,农民 / 种植户
9043,农民 / 种植户
547,农民 / 种植户
4419,农民 / 种植户
1368,农民 / 种植户
5585,农民 / 种植户
8589,农民 / 种植户
5095,农民 / 种植户
8071,农民 / 种植户
3466,农民 / 种植户
9957,农民 / 种植户
9779,农民 / 种植户
7673,农民 / 种植户
7794,农民 / 种植户
9784,农民 / 种植户
5560,农民 / 种植户
961,农民 / 种植户
877,农民 / 种植户
8033,农民 / 种植户
5960,农民 / 种植户
6024,农民 / 种植户
5871,农民 / 种植户
2793,农民 / 种植户
396,农民 / 种植户
7903,农民 / 种植户
3916,农民 / 种植户
8104,农民 / 种植户
5599,农民 / 种植户
10046,农民 / 种植户
955,农民 / 种植户
7946,农民 / 种植户
10957,农民 / 种植户
9267,农民 / 种植户
6931,农民 / 种植户
5899,农民 / 种植户
4539,农民 / 种植户
10273,农民 / 种植户
2721,农民 / 种植户
7701,农民 / 种植户
2330,农民 / 种植户
3797,农民 / 种植户
10440,农民 / 种植户
9588,农民 / 种植户
3145,农民 / 种植户
10349,农民 / 种植户
638,农民 / 种植户
8963,农民 / 种植户
9507,农民 / 种植户
8577,农民 / 种植户
1064,农民 / 种植户
688,农民 / 种植户
5005,农民 / 种植户
9740,农民 / 种植户
9663,农民 / 种植户
6006,农民 / 种植户
7556,农民 / 种植户
1675,农民 / 种植户
6061,农民 / 种植户
5730,农民 / 种植户
2966,农民 / 种植户
1823,农民 / 种植户
11040,农民 / 种植户
4853,农民 / 种植户
9661,农民 / 种植户
5396,农民 / 种植户
8625,农民 / 种植户
5970,农民 / 种植户
8137,农民 / 种植户
10429,农民 / 种植户
901,农民 / 种植户
254,农民 / 种植户
8091,农民 / 种植户
9669,农民 / 种植户
5443,农民 / 种植户
9672,农民 / 种植户
6241,农民 / 种植户
10575,农民 / 种植户
9307,农民 / 种植户
6742,农民 / 种植户
4221,农民 / 种植户
8683,农民 / 种植户
4701,农民 / 种植户
9111,农民 / 种植户
8730,农民 / 种植户
539,农民 / 种植户
6021,农民 / 种植户
6702,农民 / 种植户
9210,农民 / 种植户
9738,农民 / 种植户
7265,农民 / 种植户
8571,农民 / 种植户
7833,农民 / 种植户
8419,农民 / 种植户
3075,农民 / 种植户
5505,农民 / 种植户
5534,农民 / 种植户
1155,农民 / 种植户
9772,农民 / 种植户
761,农民 / 种植户
6086,农民 / 种植户
198,农民 / 种植户
8715,农民 / 种植户
1498,农民 / 种植户
10493,农民 / 种植户
7114,农民 / 种植户
9013,农民 / 种植户
4633,农民 / 种植户
1372,农民 / 种植户
9670,农民 / 种植户
809,农民 / 种植户
1071,农民 / 种植户
9997,农民 / 种植户
10441,农民 / 种植户
10175,农民 / 种植户
2149,农民 / 种植户
9679,农民 / 种植户
6796,农民 / 种植户
3897,农民 / 种植户
3977,农民 / 种植户
8671,农民 / 种植户
9538,农民 / 种植户
8475,农民 / 种植户
3411,农民 / 种植户
3930,农民 / 种植户
9604,农民 / 种植户
8890,农民 / 种植户
8898,农民 / 种植户
5306,农民 / 种植户
330,农民 / 种植户
6525,农民 / 种植户
168,农民 / 种植户
10578,农民 / 种植户
10877,农民 / 种植户
6874,农民 / 种植户
10689,农民 / 种植户
684,农民 / 种植户
240,农民 / 种植户
10808,农民 / 种植户
3430,农民 / 种植户
1020,农民 / 种植户
4674,农民 / 种植户
181,农民 / 种植户
6839,农民 / 种植户
8034,农民 / 种植户
7587,农民 / 种植户
3875,农民 / 种植户
5612,农民 / 种植户
5434,农民 / 种植户
1186,农民 / 种植户
5361,农民 / 种植户
5175,农民 / 种植户
10966,农民 / 种植户
2369,农民 / 种植户
4831,农民 / 种植户
6826,农民 / 种植户
4247,农民 / 种植户
5524,农民 / 种植户
7185,农民 / 种植户
1954,农民 / 种植户
2705,农民 / 种植户
3896,农民 / 种植户
5985,农民 / 种植户
5964,农民 / 种植户
6125,农民 / 种植户
9024,农民 / 种植户
904,农民 / 种植户
5215,农民 / 种植户
86,农民 / 种植户
6887,农民 / 种植户
8225,农民 / 种植户
8787,农民 / 种植户
4974,农民 / 种植户
690,农民 / 种植户
9851,农民 / 种植户
2418,农民 / 种植户
3648,农民 / 种植户
2263,农民 / 种植户
819,农民 / 种植户
4699,农民 / 种植户
6343,农民 / 种植户
2327,农民 / 种植户
3073,农民 / 种植户
802,农民 / 种植户
3271,农民 / 种植户
171,农民 / 种植户
3742,农民 / 种植户
898,农民 / 种植户
445,农民 / 种植户
5165,农民 / 种植户
10011,农民 / 种植户
10837,农民 / 种植户
3207,农民 / 种植户
3792,农民 / 种植户
4320,农民 / 种植户
8144,农民 / 种植户
7569,农民 / 种植户
1423,农民 / 种植户
6176,农民 / 种植户
3661,农民 / 种植户
9257,农民 / 种植户
4561,农民 / 种植户
706,农民 / 种植户
4741,农民 / 种植户
1499,农民 / 种植户
65,农民 / 种植户
5134,农民 / 种植户
5640,农民 / 种植户
9678,农民 / 种植户
698,农民 / 种植户
2806,农民 / 种植户
1013,农民 / 种植户
7024,农民 / 种植户
5219,农民 / 种植户
7121,农民 / 种植户
8376,农民 / 种植户
7043,农民 / 种植户
4139,农民 / 种植户
702,农民 / 种植户
7286,农民 / 种植户
8180,农民 / 种植户
7959,农民 / 种植户
5441,农民 / 种植户
7804,农民 / 种植户
1936,农民 / 种植户
2309,农民 / 种植户
7434,农民 / 种植户
332,农民 / 种植户
3993,农民 / 种植户
1200,农民 / 种植户
3504,农民 / 种植户
8161,农民 / 种植户
3874,农民 / 种植户
3157,农民 / 种植户
6288,农民 / 种植户
5785,农民 / 种植户
10007,农民 / 种植户
9246,农民 / 种植户
3583,农民 / 种植户
2765,农民 / 种植户
757,农民 / 种植户
4817,农民 / 种植户
10401,农民 / 种植户
1701,农民 / 种植户
9176,农民 / 种植户
88,农民 / 种植户
6338,农民 / 种植户
10607,农民 / 种植户
4005,农民 / 种植户
5012,农民 / 种植户
5618,农民 / 种植户
6517,农民 / 种植户
9982,农民 / 种植户
1318,农民 / 种植户
1436,农民 / 种植户
9079,农民 / 种植户
4630,农民 / 种植户
7823,农民 / 种植户
7568,农民 / 种植户
6515,农民 / 种植户
4093,农民 / 种植户
10426,农民 / 种植户
5691,农民 / 种植户
6781,农民 / 种植户
9101,农民 / 种植户
4867,农民 / 种植户
3497,农民 / 种植户
628,农民 / 种植户
2198,农民 / 种植户
1062,农民 / 种植户
2211,农民 / 种植户
5081,农民 / 种植户
10102,农民 / 种植户
1899,农民 / 种植户
4700,农民 / 种植户
3788,农民 / 种植户
1206,农民 / 种植户
87,农民 / 种植户
1757,农民 / 种植户
8433,农民 / 种植户
5018,农民 / 种植户
4639,农民 / 种植户
1966,农民 / 种植户
3286,农民 / 种植户
3625,农民 / 种植户
10826,农民 / 种植户
8777,农民 / 种植户
758,农民 / 种植户
8022,农民 / 种植户
7700,农民 / 种植户
9671,农民 / 种植户
4795,农民 / 种植户
3518,农民 / 种植户
2998,农民 / 种植户
408,农民 / 种植户
7769,农民 / 种植户
2284,农民 / 种植户
5247,农民 / 种植户
5465,农民 / 种植户
3825,农民 / 种植户
7487,农民 / 种植户
8750,农民 / 种植户
1060,农民 / 种植户
5027,农民 / 种植户
8570,农民 / 种植户
8499,农民 / 种植户
7323,农民 / 种植户
4404,农民 / 种植户
5754,农民 / 种植户
1342,农民 / 种植户
6042,农民 / 种植户
6357,农民 / 种植户
10098,农民 / 种植户
4488,农民 / 种植户
9674,农民 / 种植户
4540,农民 / 种植户
506,农民 / 种植户
2368,农民 / 种植户
3044,农民 / 种植户
2130,农民 / 种植户
8379,农民 / 种植户
316,农民 / 种植户
9220,农民 / 种植户
4183,农民 / 种植户
8531,农民 / 种植户
558,农民 / 种植户
5727,农民 / 种植户
9040,农民 / 种植户
1391,农民 / 种植户
1333,农民 / 种植户
4670,农民 / 种植户
5303,农民 / 种植户
2768,农民 / 种植户
1001,农民 / 种植户
7421,农民 / 种植户
9720,农民 / 种植户
3354,农民 / 种植户
2546,农民 / 种植户
6466,农民 / 种植户
4887,农民 / 种植户
2550,农民 / 种植户
5025,农民 / 种植户
11018,农民 / 种植户
7656,农民 / 种植户
4187,农民 / 种植户
9396,农民 / 种植户
